period_start,period_end,province,area,coffee_type,avg_price_vnd_per_kg,observed_price_vnd_per_kg,price_observations,price_fill_method,avg_temperature_c,avg_humidity_percent,total_rainfall_mm,avg_soil_moisture_0_7cm,dominant_soil_type,soil_score,soil_data_confidence,source_url_count,source_names
2020-01-01,2020-01-05,Dak Lak,Buon Ho,Robusta / ca phe nhan xo noi dia,31150,,0,interpolated_area,20.06,83.4,0.1,0.238,Dat do bazan,5,medium,0,
2020-01-01,2020-01-05,Dak Lak,Cu M'gar,Robusta / ca phe nhan xo noi dia,31092,,0,interpolated_area,22.42,73.4,0.0,0.217,Dat do bazan,5,high,0,
2020-01-01,2020-01-05,Dak Lak,Ea H'leo,Robusta / ca phe nhan xo noi dia,31033,,0,interpolated_area,20.98,77.8,0.4,0.255,Dat do bazan,5,medium,0,
2020-01-01,2020-01-05,Dak Nong,Dak R'lap,Robusta / ca phe nhan xo noi dia,32900,,0,interpolated_area,22.12,70.8,0.0,0.323,Dat do bazan,4,low,0,
2020-01-01,2020-01-05,Dak Nong,Gia Nghia,Robusta / ca phe nhan xo noi dia,32900,,0,interpolated_area,21.8,71.6,0.0,0.245,Dat do bazan,4,low,0,
2020-01-01,2020-01-05,Gia Lai,Chu Prong,Robusta / ca phe nhan xo noi dia,32100,,0,interpolated_area,23.46,64.0,0.0,0.202,Dat do bazan,4,low,0,
2020-01-01,2020-01-05,Gia Lai,Ia Grai,Robusta / ca phe nhan xo noi dia,32100,,0,interpolated_area,24.88,59.4,0.0,0.248,Dat do bazan,4,low,0,
2020-01-01,2020-01-05,Gia Lai,Pleiku,Robusta / ca phe nhan xo noi dia,32100,,0,interpolated_area,20.92,70.2,0.0,0.263,Dat do bazan,4,low,0,
2020-01-01,2020-01-05,Kon Tum,Kon Tum,Robusta / ca phe nhan xo noi dia,32000,,0,interpolated_area,21.8,69.2,0.0,0.247,Dat do vang / dat bazan cuc bo,3,low,0,
2020-01-01,2020-01-05,Lam Dong,Bao Loc,Robusta / ca phe nhan xo noi dia,31700,,0,interpolated_area,20.38,75.0,0.0,0.273,Dat do vang tren bazan,4,low,0,
2020-01-01,2020-01-05,Lam Dong,Di Linh,Robusta / ca phe nhan xo noi dia,31700,,0,interpolated_area,20.58,66.6,0.0,0.217,Dat do vang tren bazan,4,medium,0,
2020-01-01,2020-01-05,Lam Dong,Lam Ha,Robusta / ca phe nhan xo noi dia,31700,,0,interpolated_area,20.04,70.0,0.0,0.279,Dat do vang tren bazan,4,low,0,
2020-01-06,2020-01-12,Dak Lak,Buon Ho,Robusta / ca phe nhan xo noi dia,31150,,0,interpolated_area,20.5,84.429,0.6,0.224,Dat do bazan,5,medium,0,
2020-01-06,2020-01-12,Dak Lak,Cu M'gar,Robusta / ca phe nhan xo noi dia,31092,,0,interpolated_area,23.0,73.714,0.0,0.216,Dat do bazan,5,high,0,
2020-01-06,2020-01-12,Dak Lak,Ea H'leo,Robusta / ca phe nhan xo noi dia,31033,,0,interpolated_area,21.7,76.571,0.2,0.247,Dat do bazan,5,medium,0,
2020-01-06,2020-01-12,Dak Nong,Dak R'lap,Robusta / ca phe nhan xo noi dia,32900,,0,interpolated_area,22.9,71.286,1.1,0.32,Dat do bazan,4,low,0,
2020-01-06,2020-01-12,Dak Nong,Gia Nghia,Robusta / ca phe nhan xo noi dia,32900,,0,interpolated_area,22.543,71.286,0.6,0.24,Dat do bazan,4,low,0,
2020-01-06,2020-01-12,Gia Lai,Chu Prong,Robusta / ca phe nhan xo noi dia,32100,,0,interpolated_area,24.171,65.714,0.6,0.199,Dat do bazan,4,low,0,
2020-01-06,2020-01-12,Gia Lai,Ia Grai,Robusta / ca phe nhan xo noi dia,32100,,0,interpolated_area,25.629,61.286,0.7,0.248,Dat do bazan,4,low,0,
2020-01-06,2020-01-12,Gia Lai,Pleiku,Robusta / ca phe nhan xo noi dia,32100,,0,interpolated_area,21.871,70.857,0.7,0.256,Dat do bazan,4,low,0,
2020-01-06,2020-01-12,Kon Tum,Kon Tum,Robusta / ca phe nhan xo noi dia,32000,,0,interpolated_area,22.729,69.0,0.9,0.247,Dat do vang / dat bazan cuc bo,3,low,0,
2020-01-06,2020-01-12,Lam Dong,Bao Loc,Robusta / ca phe nhan xo noi dia,31700,,0,interpolated_area,21.414,74.429,1.0,0.265,Dat do vang tren bazan,4,low,0,
2020-01-06,2020-01-12,Lam Dong,Di Linh,Robusta / ca phe nhan xo noi dia,31700,,0,interpolated_area,21.971,65.714,0.7,0.211,Dat do vang tren bazan,4,medium,0,
2020-01-06,2020-01-12,Lam Dong,Lam Ha,Robusta / ca phe nhan xo noi dia,31700,,0,interpolated_area,21.071,70.429,0.1,0.267,Dat do vang tren bazan,4,low,0,
2020-01-13,2020-01-19,Dak Lak,Buon Ho,Robusta / ca phe nhan xo noi dia,31150,,0,interpolated_area,19.8,80.714,0.0,0.206,Dat do bazan,5,medium,0,
2020-01-13,2020-01-19,Dak Lak,Cu M'gar,Robusta / ca phe nhan xo noi dia,31092,,0,interpolated_area,22.171,71.286,0.0,0.218,Dat do bazan,5,high,0,
2020-01-13,2020-01-19,Dak Lak,Ea H'leo,Robusta / ca phe nhan xo noi dia,31033,,0,interpolated_area,20.757,74.429,0.0,0.235,Dat do bazan,5,medium,0,
2020-01-13,2020-01-19,Dak Nong,Dak R'lap,Robusta / ca phe nhan xo noi dia,32900,,0,interpolated_area,22.086,68.0,0.0,0.306,Dat do bazan,4,low,0,
2020-01-13,2020-01-19,Dak Nong,Gia Nghia,Robusta / ca phe nhan xo noi dia,32900,,0,interpolated_area,21.8,67.571,0.0,0.224,Dat do bazan,4,low,0,
2020-01-13,2020-01-19,Gia Lai,Chu Prong,Robusta / ca phe nhan xo noi dia,32100,,0,interpolated_area,23.071,62.714,0.0,0.194,Dat do bazan,4,low,0,
2020-01-13,2020-01-19,Gia Lai,Ia Grai,Robusta / ca phe nhan xo noi dia,32100,,0,interpolated_area,24.271,58.714,0.0,0.24,Dat do bazan,4,low,0,
2020-01-13,2020-01-19,Gia Lai,Pleiku,Robusta / ca phe nhan xo noi dia,32100,,0,interpolated_area,20.243,69.714,0.0,0.257,Dat do bazan,4,low,0,
2020-01-13,2020-01-19,Kon Tum,Kon Tum,Robusta / ca phe nhan xo noi dia,32000,,0,interpolated_area,21.257,66.429,0.0,0.254,Dat do vang / dat bazan cuc bo,3,low,0,
2020-01-13,2020-01-19,Lam Dong,Bao Loc,Robusta / ca phe nhan xo noi dia,31700,,0,interpolated_area,21.114,70.571,3.0,0.247,Dat do vang tren bazan,4,low,0,
2020-01-13,2020-01-19,Lam Dong,Di Linh,Robusta / ca phe nhan xo noi dia,31700,,0,interpolated_area,21.414,61.571,1.7,0.213,Dat do vang tren bazan,4,medium,0,
2020-01-13,2020-01-19,Lam Dong,Lam Ha,Robusta / ca phe nhan xo noi dia,31700,,0,interpolated_area,20.757,64.286,0.0,0.254,Dat do vang tren bazan,4,low,0,
2020-01-20,2020-01-26,Dak Lak,Buon Ho,Robusta / ca phe nhan xo noi dia,31150,,0,interpolated_area,20.814,79.429,0.0,0.18,Dat do bazan,5,medium,0,
2020-01-20,2020-01-26,Dak Lak,Cu M'gar,Robusta / ca phe nhan xo noi dia,31092,,0,interpolated_area,23.429,69.0,0.0,0.203,Dat do bazan,5,high,0,
2020-01-20,2020-01-26,Dak Lak,Ea H'leo,Robusta / ca phe nhan xo noi dia,31033,,0,interpolated_area,21.871,72.571,0.2,0.228,Dat do bazan,5,medium,0,
2020-01-20,2020-01-26,Dak Nong,Dak R'lap,Robusta / ca phe nhan xo noi dia,32900,,0,interpolated_area,23.429,65.143,0.0,0.296,Dat do bazan,4,low,0,
2020-01-20,2020-01-26,Dak Nong,Gia Nghia,Robusta / ca phe nhan xo noi dia,32900,,0,interpolated_area,23.2,63.0,0.0,0.219,Dat do bazan,4,low,0,
2020-01-20,2020-01-26,Gia Lai,Chu Prong,Robusta / ca phe nhan xo noi dia,32100,,0,interpolated_area,23.986,60.286,0.3,0.185,Dat do bazan,4,low,0,
2020-01-20,2020-01-26,Gia Lai,Ia Grai,Robusta / ca phe nhan xo noi dia,32100,,0,interpolated_area,25.157,56.571,1.1,0.24,Dat do bazan,4,low,0,
2020-01-20,2020-01-26,Gia Lai,Pleiku,Robusta / ca phe nhan xo noi dia,32100,,0,interpolated_area,21.343,67.143,1.4,0.252,Dat do bazan,4,low,0,
2020-01-20,2020-01-26,Kon Tum,Kon Tum,Robusta / ca phe nhan xo noi dia,32000,,0,interpolated_area,22.186,65.571,0.4,0.248,Dat do vang / dat bazan cuc bo,3,low,0,
2020-01-20,2020-01-26,Lam Dong,Bao Loc,Robusta / ca phe nhan xo noi dia,31700,,0,interpolated_area,22.014,67.286,0.0,0.243,Dat do vang tren bazan,4,low,0,
2020-01-20,2020-01-26,Lam Dong,Di Linh,Robusta / ca phe nhan xo noi dia,31700,,0,interpolated_area,22.086,59.857,0.1,0.211,Dat do vang tren bazan,4,medium,0,
2020-01-20,2020-01-26,Lam Dong,Lam Ha,Robusta / ca phe nhan xo noi dia,31700,,0,interpolated_area,21.557,65.286,0.2,0.25,Dat do vang tren bazan,4,low,0,
2020-01-27,2020-02-02,Dak Lak,Buon Ho,Robusta / ca phe nhan xo noi dia,31150,,0,interpolated_area,19.729,78.429,1.3,0.179,Dat do bazan,5,medium,0,
2020-01-27,2020-02-02,Dak Lak,Cu M'gar,Robusta / ca phe nhan xo noi dia,31092,,0,interpolated_area,22.329,68.571,1.5,0.208,Dat do bazan,5,high,0,
2020-01-27,2020-02-02,Dak Lak,Ea H'leo,Robusta / ca phe nhan xo noi dia,31033,,0,interpolated_area,20.686,73.286,2.4,0.232,Dat do bazan,5,medium,0,
2020-01-27,2020-02-02,Dak Nong,Dak R'lap,Robusta / ca phe nhan xo noi dia,32900,,0,interpolated_area,22.414,67.0,0.4,0.291,Dat do bazan,4,low,0,
2020-01-27,2020-02-02,Dak Nong,Gia Nghia,Robusta / ca phe nhan xo noi dia,32900,,0,interpolated_area,22.271,65.857,0.4,0.22,Dat do bazan,4,low,0,
2020-01-27,2020-02-02,Gia Lai,Chu Prong,Robusta / ca phe nhan xo noi dia,32100,,0,interpolated_area,22.686,62.571,5.4,0.207,Dat do bazan,4,low,0,
2020-01-27,2020-02-02,Gia Lai,Ia Grai,Robusta / ca phe nhan xo noi dia,32100,,0,interpolated_area,23.771,60.143,3.5,0.268,Dat do bazan,4,low,0,
2020-01-27,2020-02-02,Gia Lai,Pleiku,Robusta / ca phe nhan xo noi dia,32100,,0,interpolated_area,20.0,69.571,4.7,0.274,Dat do bazan,4,low,0,
2020-01-27,2020-02-02,Kon Tum,Kon Tum,Robusta / ca phe nhan xo noi dia,32000,,0,interpolated_area,20.871,67.143,4.6,0.26,Dat do vang / dat bazan cuc bo,3,low,0,
2020-01-27,2020-02-02,Lam Dong,Bao Loc,Robusta / ca phe nhan xo noi dia,31700,,0,interpolated_area,21.3,68.857,0.4,0.243,Dat do vang tren bazan,4,low,0,
2020-01-27,2020-02-02,Lam Dong,Di Linh,Robusta / ca phe nhan xo noi dia,31700,,0,interpolated_area,20.871,67.857,2.6,0.213,Dat do vang tren bazan,4,medium,0,
2020-01-27,2020-02-02,Lam Dong,Lam Ha,Robusta / ca phe nhan xo noi dia,31700,,0,interpolated_area,21.243,66.429,0.1,0.254,Dat do vang tren bazan,4,low,0,
2020-02-03,2020-02-09,Dak Lak,Buon Ho,Robusta / ca phe nhan xo noi dia,31150,,0,interpolated_area,19.771,77.857,0.0,0.171,Dat do bazan,5,medium,0,
2020-02-03,2020-02-09,Dak Lak,Cu M'gar,Robusta / ca phe nhan xo noi dia,31092,,0,interpolated_area,22.243,67.714,0.0,0.212,Dat do bazan,5,high,0,
2020-02-03,2020-02-09,Dak Lak,Ea H'leo,Robusta / ca phe nhan xo noi dia,31033,,0,interpolated_area,20.729,70.571,0.0,0.214,Dat do bazan,5,medium,0,
2020-02-03,2020-02-09,Dak Nong,Dak R'lap,Robusta / ca phe nhan xo noi dia,32900,,0,interpolated_area,22.243,62.0,0.8,0.291,Dat do bazan,4,low,0,
2020-02-03,2020-02-09,Dak Nong,Gia Nghia,Robusta / ca phe nhan xo noi dia,32900,,0,interpolated_area,21.929,62.571,1.3,0.219,Dat do bazan,4,low,0,
2020-02-03,2020-02-09,Gia Lai,Chu Prong,Robusta / ca phe nhan xo noi dia,32100,,0,interpolated_area,23.286,55.286,0.0,0.202,Dat do bazan,4,low,0,
2020-02-03,2020-02-09,Gia Lai,Ia Grai,Robusta / ca phe nhan xo noi dia,32100,,0,interpolated_area,24.471,50.714,0.0,0.256,Dat do bazan,4,low,0,
2020-02-03,2020-02-09,Gia Lai,Pleiku,Robusta / ca phe nhan xo noi dia,32100,,0,interpolated_area,20.557,60.429,0.0,0.267,Dat do bazan,4,low,0,
2020-02-03,2020-02-09,Kon Tum,Kon Tum,Robusta / ca phe nhan xo noi dia,32000,,0,interpolated_area,21.1,62.286,0.0,0.246,Dat do vang / dat bazan cuc bo,3,low,0,
2020-02-03,2020-02-09,Lam Dong,Bao Loc,Robusta / ca phe nhan xo noi dia,31700,,0,interpolated_area,21.229,61.0,3.6,0.244,Dat do vang tren bazan,4,low,0,
2020-02-03,2020-02-09,Lam Dong,Di Linh,Robusta / ca phe nhan xo noi dia,31700,,0,interpolated_area,21.257,55.714,2.4,0.217,Dat do vang tren bazan,4,medium,0,
2020-02-03,2020-02-09,Lam Dong,Lam Ha,Robusta / ca phe nhan xo noi dia,31700,,0,interpolated_area,20.771,56.571,2.8,0.252,Dat do vang tren bazan,4,low,0,
2020-02-10,2020-02-16,Dak Lak,Buon Ho,Robusta / ca phe nhan xo noi dia,31150,,0,interpolated_area,22.957,76.714,1.8,0.176,Dat do bazan,5,medium,0,
2020-02-10,2020-02-16,Dak Lak,Cu M'gar,Robusta / ca phe nhan xo noi dia,31092,,0,interpolated_area,25.6,66.571,1.4,0.208,Dat do bazan,5,high,0,
2020-02-10,2020-02-16,Dak Lak,Ea H'leo,Robusta / ca phe nhan xo noi dia,31033,,0,interpolated_area,23.986,71.571,2.8,0.225,Dat do bazan,5,medium,0,
2020-02-10,2020-02-16,Dak Nong,Dak R'lap,Robusta / ca phe nhan xo noi dia,32900,,0,interpolated_area,24.357,70.286,2.4,0.299,Dat do bazan,4,low,0,
2020-02-10,2020-02-16,Dak Nong,Gia Nghia,Robusta / ca phe nhan xo noi dia,32900,,0,interpolated_area,24.457,68.714,0.7,0.232,Dat do bazan,4,low,0,
2020-02-10,2020-02-16,Gia Lai,Chu Prong,Robusta / ca phe nhan xo noi dia,32100,,0,interpolated_area,26.286,61.0,1.9,0.196,Dat do bazan,4,low,0,
2020-02-10,2020-02-16,Gia Lai,Ia Grai,Robusta / ca phe nhan xo noi dia,32100,,0,interpolated_area,27.171,59.286,1.1,0.255,Dat do bazan,4,low,0,
2020-02-10,2020-02-16,Gia Lai,Pleiku,Robusta / ca phe nhan xo noi dia,32100,,0,interpolated_area,23.671,67.286,2.1,0.265,Dat do bazan,4,low,0,
2020-02-10,2020-02-16,Kon Tum,Kon Tum,Robusta / ca phe nhan xo noi dia,32000,,0,interpolated_area,24.514,64.286,0.5,0.24,Dat do vang / dat bazan cuc bo,3,low,0,
2020-02-10,2020-02-16,Lam Dong,Bao Loc,Robusta / ca phe nhan xo noi dia,31700,,0,interpolated_area,22.786,72.429,2.0,0.262,Dat do vang tren bazan,4,low,0,
2020-02-10,2020-02-16,Lam Dong,Di Linh,Robusta / ca phe nhan xo noi dia,31700,,0,interpolated_area,22.286,72.429,7.3,0.242,Dat do vang tren bazan,4,medium,0,
2020-02-10,2020-02-16,Lam Dong,Lam Ha,Robusta / ca phe nhan xo noi dia,31700,,0,interpolated_area,22.686,71.429,4.2,0.273,Dat do vang tren bazan,4,low,0,
2020-02-17,2020-02-23,Dak Lak,Buon Ho,Robusta / ca phe nhan xo noi dia,31150,,0,interpolated_area,20.257,76.571,0.1,0.174,Dat do bazan,5,medium,0,
2020-02-17,2020-02-23,Dak Lak,Cu M'gar,Robusta / ca phe nhan xo noi dia,31092,,0,interpolated_area,22.529,67.571,0.0,0.22,Dat do bazan,5,high,0,
2020-02-17,2020-02-23,Dak Lak,Ea H'leo,Robusta / ca phe nhan xo noi dia,31033,,0,interpolated_area,20.686,73.571,1.1,0.232,Dat do bazan,5,medium,0,
2020-02-17,2020-02-23,Dak Nong,Dak R'lap,Robusta / ca phe nhan xo noi dia,32900,,0,interpolated_area,22.529,65.857,0.0,0.313,Dat do bazan,4,low,0,
2020-02-17,2020-02-23,Dak Nong,Gia Nghia,Robusta / ca phe nhan xo noi dia,32900,,0,interpolated_area,22.114,66.857,0.0,0.233,Dat do bazan,4,low,0,
2020-02-17,2020-02-23,Gia Lai,Chu Prong,Robusta / ca phe nhan xo noi dia,32100,,0,interpolated_area,23.643,56.857,0.0,0.195,Dat do bazan,4,low,0,
2020-02-17,2020-02-23,Gia Lai,Ia Grai,Robusta / ca phe nhan xo noi dia,32100,,0,interpolated_area,24.786,53.857,0.0,0.248,Dat do bazan,4,low,0,
2020-02-17,2020-02-23,Gia Lai,Pleiku,Robusta / ca phe nhan xo noi dia,32100,,0,interpolated_area,20.671,64.429,0.0,0.263,Dat do bazan,4,low,0,
2020-02-17,2020-02-23,Kon Tum,Kon Tum,Robusta / ca phe nhan xo noi dia,32000,,0,interpolated_area,21.4,63.571,0.0,0.236,Dat do vang / dat bazan cuc bo,3,low,0,
2020-02-17,2020-02-23,Lam Dong,Bao Loc,Robusta / ca phe nhan xo noi dia,31700,,0,interpolated_area,21.514,67.429,1.0,0.27,Dat do vang tren bazan,4,low,0,
2020-02-17,2020-02-23,Lam Dong,Di Linh,Robusta / ca phe nhan xo noi dia,31700,,0,interpolated_area,21.029,62.429,1.3,0.245,Dat do vang tren bazan,4,medium,0,
2020-02-17,2020-02-23,Lam Dong,Lam Ha,Robusta / ca phe nhan xo noi dia,31700,,0,interpolated_area,21.343,61.429,0.5,0.283,Dat do vang tren bazan,4,low,0,
2020-02-24,2020-03-01,Dak Lak,Buon Ho,Robusta / ca phe nhan xo noi dia,31150,,0,interpolated_area,21.386,78.0,0.1,0.168,Dat do bazan,5,medium,0,
2020-02-24,2020-03-01,Dak Lak,Cu M'gar,Robusta / ca phe nhan xo noi dia,31092,,0,interpolated_area,23.886,68.143,0.0,0.217,Dat do bazan,5,high,0,
2020-02-24,2020-03-01,Dak Lak,Ea H'leo,Robusta / ca phe nhan xo noi dia,31033,,0,interpolated_area,22.457,70.429,0.2,0.219,Dat do bazan,5,medium,0,
2020-02-24,2020-03-01,Dak Nong,Dak R'lap,Robusta / ca phe nhan xo noi dia,32900,,0,interpolated_area,24.029,62.286,0.5,0.301,Dat do bazan,4,low,0,
2020-02-24,2020-03-01,Dak Nong,Gia Nghia,Robusta / ca phe nhan xo noi dia,32900,,0,interpolated_area,23.929,61.571,0.0,0.225,Dat do bazan,4,low,0,
2020-02-24,2020-03-01,Gia Lai,Chu Prong,Robusta / ca phe nhan xo noi dia,32100,,0,interpolated_area,25.014,56.714,0.0,0.187,Dat do bazan,4,low,0,
2020-02-24,2020-03-01,Gia Lai,Ia Grai,Robusta / ca phe nhan xo noi dia,32100,,0,interpolated_area,26.129,53.571,0.0,0.241,Dat do bazan,4,low,0,
2020-02-24,2020-03-01,Gia Lai,Pleiku,Robusta / ca phe nhan xo noi dia,32100,,0,interpolated_area,22.229,63.429,0.0,0.256,Dat do bazan,4,low,0,
2020-02-24,2020-03-01,Kon Tum,Kon Tum,Robusta / ca phe nhan xo noi dia,32000,,0,interpolated_area,23.086,62.714,0.0,0.233,Dat do vang / dat bazan cuc bo,3,low,0,
2020-02-24,2020-03-01,Lam Dong,Bao Loc,Robusta / ca phe nhan xo noi dia,31700,,0,interpolated_area,22.743,60.857,0.0,0.25,Dat do vang tren bazan,4,low,0,
2020-02-24,2020-03-01,Lam Dong,Di Linh,Robusta / ca phe nhan xo noi dia,31700,,0,interpolated_area,22.614,57.286,0.2,0.216,Dat do vang tren bazan,4,medium,0,
2020-02-24,2020-03-01,Lam Dong,Lam Ha,Robusta / ca phe nhan xo noi dia,31700,,0,interpolated_area,22.471,58.857,0.4,0.266,Dat do vang tren bazan,4,low,0,
2020-03-02,2020-03-08,Dak Lak,Buon Ho,Robusta / ca phe nhan xo noi dia,31150,,0,interpolated_area,23.514,74.857,0.0,0.172,Dat do bazan,5,medium,0,
2020-03-02,2020-03-08,Dak Lak,Cu M'gar,Robusta / ca phe nhan xo noi dia,31092,,0,interpolated_area,26.143,64.714,0.0,0.22,Dat do bazan,5,high,0,
2020-03-02,2020-03-08,Dak Lak,Ea H'leo,Robusta / ca phe nhan xo noi dia,31033,,0,interpolated_area,24.714,68.571,0.1,0.216,Dat do bazan,5,medium,0,
2020-03-02,2020-03-08,Dak Nong,Dak R'lap,Robusta / ca phe nhan xo noi dia,32900,,0,interpolated_area,24.543,74.857,4.8,0.315,Dat do bazan,4,low,0,
2020-03-02,2020-03-08,Dak Nong,Gia Nghia,Robusta / ca phe nhan xo noi dia,32900,,0,interpolated_area,24.714,72.286,5.0,0.244,Dat do bazan,4,low,0,
2020-03-02,2020-03-08,Gia Lai,Chu Prong,Robusta / ca phe nhan xo noi dia,32100,,0,interpolated_area,26.814,60.429,0.2,0.182,Dat do bazan,4,low,0,
2020-03-02,2020-03-08,Gia Lai,Ia Grai,Robusta / ca phe nhan xo noi dia,32100,,0,interpolated_area,27.829,58.286,0.5,0.248,Dat do bazan,4,low,0,
2020-03-02,2020-03-08,Gia Lai,Pleiku,Robusta / ca phe nhan xo noi dia,32100,,0,interpolated_area,24.243,66.857,0.9,0.256,Dat do bazan,4,low,0,
2020-03-02,2020-03-08,Kon Tum,Kon Tum,Robusta / ca phe nhan xo noi dia,32000,,0,interpolated_area,25.729,63.286,2.1,0.231,Dat do vang / dat bazan cuc bo,3,low,0,
2020-03-02,2020-03-08,Lam Dong,Bao Loc,Robusta / ca phe nhan xo noi dia,31700,,0,interpolated_area,23.214,72.286,11.0,0.272,Dat do vang tren bazan,4,low,0,
2020-03-02,2020-03-08,Lam Dong,Di Linh,Robusta / ca phe nhan xo noi dia,31700,,0,interpolated_area,22.9,71.0,9.7,0.242,Dat do vang tren bazan,4,medium,0,
2020-03-02,2020-03-08,Lam Dong,Lam Ha,Robusta / ca phe nhan xo noi dia,31700,,0,interpolated_area,23.371,69.857,5.0,0.276,Dat do vang tren bazan,4,low,0,
2020-03-09,2020-03-15,Dak Lak,Buon Ho,Robusta / ca phe nhan xo noi dia,31150,,0,interpolated_area,25.271,68.714,0.7,0.17,Dat do bazan,5,medium,0,
2020-03-09,2020-03-15,Dak Lak,Cu M'gar,Robusta / ca phe nhan xo noi dia,31092,,0,interpolated_area,27.729,60.429,0.3,0.218,Dat do bazan,5,high,0,
2020-03-09,2020-03-15,Dak Lak,Ea H'leo,Robusta / ca phe nhan xo noi dia,31033,,0,interpolated_area,26.471,61.857,0.3,0.212,Dat do bazan,5,medium,0,
2020-03-09,2020-03-15,Dak Nong,Dak R'lap,Robusta / ca phe nhan xo noi dia,32900,,0,interpolated_area,25.486,71.857,3.8,0.346,Dat do bazan,4,low,0,
2020-03-09,2020-03-15,Dak Nong,Gia Nghia,Robusta / ca phe nhan xo noi dia,32900,,0,interpolated_area,25.6,69.857,1.9,0.264,Dat do bazan,4,low,0,
2020-03-09,2020-03-15,Gia Lai,Chu Prong,Robusta / ca phe nhan xo noi dia,32100,,0,interpolated_area,28.457,54.0,1.9,0.199,Dat do bazan,4,low,0,
2020-03-09,2020-03-15,Gia Lai,Ia Grai,Robusta / ca phe nhan xo noi dia,32100,,0,interpolated_area,29.286,52.571,3.1,0.261,Dat do bazan,4,low,0,
2020-03-09,2020-03-15,Gia Lai,Pleiku,Robusta / ca phe nhan xo noi dia,32100,,0,interpolated_area,25.9,59.0,0.5,0.256,Dat do bazan,4,low,0,
2020-03-09,2020-03-15,Kon Tum,Kon Tum,Robusta / ca phe nhan xo noi dia,32000,,0,interpolated_area,26.829,59.286,0.5,0.24,Dat do vang / dat bazan cuc bo,3,low,0,
2020-03-09,2020-03-15,Lam Dong,Bao Loc,Robusta / ca phe nhan xo noi dia,31700,,0,interpolated_area,23.843,71.143,1.5,0.287,Dat do vang tren bazan,4,low,0,
2020-03-09,2020-03-15,Lam Dong,Di Linh,Robusta / ca phe nhan xo noi dia,31700,,0,interpolated_area,23.414,69.714,3.2,0.283,Dat do vang tren bazan,4,medium,0,
2020-03-09,2020-03-15,Lam Dong,Lam Ha,Robusta / ca phe nhan xo noi dia,31700,,0,interpolated_area,23.914,66.714,1.6,0.28,Dat do vang tren bazan,4,low,0,
2020-03-16,2020-03-22,Dak Lak,Buon Ho,Robusta / ca phe nhan xo noi dia,31150,,0,interpolated_area,24.043,71.571,0.0,0.169,Dat do bazan,5,medium,0,
2020-03-16,2020-03-22,Dak Lak,Cu M'gar,Robusta / ca phe nhan xo noi dia,31092,,0,interpolated_area,26.786,60.143,0.1,0.216,Dat do bazan,5,high,0,
2020-03-16,2020-03-22,Dak Lak,Ea H'leo,Robusta / ca phe nhan xo noi dia,31033,,0,interpolated_area,25.257,64.714,0.0,0.211,Dat do bazan,5,medium,0,
2020-03-16,2020-03-22,Dak Nong,Dak R'lap,Robusta / ca phe nhan xo noi dia,32900,,0,interpolated_area,24.886,64.714,0.0,0.318,Dat do bazan,4,low,0,
2020-03-16,2020-03-22,Dak Nong,Gia Nghia,Robusta / ca phe nhan xo noi dia,32900,,0,interpolated_area,25.343,59.714,0.3,0.229,Dat do bazan,4,low,0,
2020-03-16,2020-03-22,Gia Lai,Chu Prong,Robusta / ca phe nhan xo noi dia,32100,,0,interpolated_area,27.457,54.714,0.0,0.194,Dat do bazan,4,low,0,
2020-03-16,2020-03-22,Gia Lai,Ia Grai,Robusta / ca phe nhan xo noi dia,32100,,0,interpolated_area,28.5,52.143,0.1,0.251,Dat do bazan,4,low,0,
2020-03-16,2020-03-22,Gia Lai,Pleiku,Robusta / ca phe nhan xo noi dia,32100,,0,interpolated_area,24.714,62.0,0.0,0.248,Dat do bazan,4,low,0,
2020-03-16,2020-03-22,Kon Tum,Kon Tum,Robusta / ca phe nhan xo noi dia,32000,,0,interpolated_area,25.871,60.286,0.0,0.233,Dat do vang / dat bazan cuc bo,3,low,0,
2020-03-16,2020-03-22,Lam Dong,Bao Loc,Robusta / ca phe nhan xo noi dia,31700,,0,interpolated_area,23.143,65.571,0.3,0.253,Dat do vang tren bazan,4,low,0,
2020-03-16,2020-03-22,Lam Dong,Di Linh,Robusta / ca phe nhan xo noi dia,31700,,0,interpolated_area,22.757,63.857,0.1,0.223,Dat do vang tren bazan,4,medium,0,
2020-03-16,2020-03-22,Lam Dong,Lam Ha,Robusta / ca phe nhan xo noi dia,31700,,0,interpolated_area,23.086,62.286,0.2,0.256,Dat do vang tren bazan,4,low,0,
2020-03-23,2020-03-29,Dak Lak,Buon Ho,Robusta / ca phe nhan xo noi dia,31150,,0,interpolated_area,24.914,67.857,0.8,0.166,Dat do bazan,5,medium,0,
2020-03-23,2020-03-29,Dak Lak,Cu M'gar,Robusta / ca phe nhan xo noi dia,31092,,0,interpolated_area,27.786,56.857,0.6,0.216,Dat do bazan,5,high,0,
2020-03-23,2020-03-29,Dak Lak,Ea H'leo,Robusta / ca phe nhan xo noi dia,31033,,0,interpolated_area,26.171,61.0,0.9,0.204,Dat do bazan,5,medium,0,
2020-03-23,2020-03-29,Dak Nong,Dak R'lap,Robusta / ca phe nhan xo noi dia,32900,,0,interpolated_area,24.514,76.429,7.9,0.35,Dat do bazan,4,low,0,
2020-03-23,2020-03-29,Dak Nong,Gia Nghia,Robusta / ca phe nhan xo noi dia,32900,,0,interpolated_area,25.014,71.571,3.6,0.249,Dat do bazan,4,low,0,
2020-03-23,2020-03-29,Gia Lai,Chu Prong,Robusta / ca phe nhan xo noi dia,32100,,0,interpolated_area,28.286,54.286,0.2,0.187,Dat do bazan,4,low,0,
2020-03-23,2020-03-29,Gia Lai,Ia Grai,Robusta / ca phe nhan xo noi dia,32100,,0,interpolated_area,29.3,52.571,0.2,0.256,Dat do bazan,4,low,0,
2020-03-23,2020-03-29,Gia Lai,Pleiku,Robusta / ca phe nhan xo noi dia,32100,,0,interpolated_area,25.614,60.714,1.3,0.246,Dat do bazan,4,low,0,
2020-03-23,2020-03-29,Kon Tum,Kon Tum,Robusta / ca phe nhan xo noi dia,32000,,0,interpolated_area,26.686,60.714,1.0,0.237,Dat do vang / dat bazan cuc bo,3,low,0,
2020-03-23,2020-03-29,Lam Dong,Bao Loc,Robusta / ca phe nhan xo noi dia,31700,,0,interpolated_area,23.3,73.714,6.9,0.259,Dat do vang tren bazan,4,low,0,
2020-03-23,2020-03-29,Lam Dong,Di Linh,Robusta / ca phe nhan xo noi dia,31700,,0,interpolated_area,22.814,71.429,8.2,0.234,Dat do vang tren bazan,4,medium,0,
2020-03-23,2020-03-29,Lam Dong,Lam Ha,Robusta / ca phe nhan xo noi dia,31700,,0,interpolated_area,23.729,67.714,3.2,0.259,Dat do vang tren bazan,4,low,0,
2020-03-30,2020-04-05,Dak Lak,Buon Ho,Robusta / ca phe nhan xo noi dia,31150,,0,interpolated_area,25.614,69.0,0.8,0.164,Dat do bazan,5,medium,0,
2020-03-30,2020-04-05,Dak Lak,Cu M'gar,Robusta / ca phe nhan xo noi dia,31092,,0,interpolated_area,28.071,60.143,0.6,0.217,Dat do bazan,5,high,0,
2020-03-30,2020-04-05,Dak Lak,Ea H'leo,Robusta / ca phe nhan xo noi dia,31033,,0,interpolated_area,26.471,64.571,0.8,0.214,Dat do bazan,5,medium,0,
2020-03-30,2020-04-05,Dak Nong,Dak R'lap,Robusta / ca phe nhan xo noi dia,32900,,0,interpolated_area,25.514,68.857,1.3,0.363,Dat do bazan,4,low,0,
2020-03-30,2020-04-05,Dak Nong,Gia Nghia,Robusta / ca phe nhan xo noi dia,32900,,0,interpolated_area,25.957,64.714,0.2,0.256,Dat do bazan,4,low,0,
2020-03-30,2020-04-05,Gia Lai,Chu Prong,Robusta / ca phe nhan xo noi dia,32100,,0,interpolated_area,28.614,56.143,1.7,0.197,Dat do bazan,4,low,0,
2020-03-30,2020-04-05,Gia Lai,Ia Grai,Robusta / ca phe nhan xo noi dia,32100,,0,interpolated_area,29.443,55.714,1.8,0.265,Dat do bazan,4,low,0,
2020-03-30,2020-04-05,Gia Lai,Pleiku,Robusta / ca phe nhan xo noi dia,32100,,0,interpolated_area,25.786,63.714,3.9,0.275,Dat do bazan,4,low,0,
2020-03-30,2020-04-05,Kon Tum,Kon Tum,Robusta / ca phe nhan xo noi dia,32000,,0,interpolated_area,26.814,62.857,1.9,0.244,Dat do vang / dat bazan cuc bo,3,low,0,
2020-03-30,2020-04-05,Lam Dong,Bao Loc,Robusta / ca phe nhan xo noi dia,31700,,0,interpolated_area,24.143,69.0,0.7,0.275,Dat do vang tren bazan,4,low,0,
2020-03-30,2020-04-05,Lam Dong,Di Linh,Robusta / ca phe nhan xo noi dia,31700,,0,interpolated_area,23.757,66.286,2.5,0.247,Dat do vang tren bazan,4,medium,0,
2020-03-30,2020-04-05,Lam Dong,Lam Ha,Robusta / ca phe nhan xo noi dia,31700,,0,interpolated_area,24.214,66.0,1.0,0.274,Dat do vang tren bazan,4,low,0,
2020-04-06,2020-04-12,Dak Lak,Buon Ho,Robusta / ca phe nhan xo noi dia,31150,,0,interpolated_area,24.343,77.857,14.3,0.193,Dat do bazan,5,medium,0,
2020-04-06,2020-04-12,Dak Lak,Cu M'gar,Robusta / ca phe nhan xo noi dia,31092,,0,interpolated_area,26.971,67.143,17.1,0.262,Dat do bazan,5,high,0,
2020-04-06,2020-04-12,Dak Lak,Ea H'leo,Robusta / ca phe nhan xo noi dia,31033,,0,interpolated_area,25.657,70.429,17.9,0.238,Dat do bazan,5,medium,0,
2020-04-06,2020-04-12,Dak Nong,Dak R'lap,Robusta / ca phe nhan xo noi dia,32900,,0,interpolated_area,24.086,86.714,48.9,0.422,Dat do bazan,4,low,0,
2020-04-06,2020-04-12,Dak Nong,Gia Nghia,Robusta / ca phe nhan xo noi dia,32900,,0,interpolated_area,24.114,84.0,42.3,0.344,Dat do bazan,4,low,0,
2020-04-06,2020-04-12,Gia Lai,Chu Prong,Robusta / ca phe nhan xo noi dia,32100,,0,interpolated_area,26.929,68.143,22.2,0.303,Dat do bazan,4,low,0,
2020-04-06,2020-04-12,Gia Lai,Ia Grai,Robusta / ca phe nhan xo noi dia,32100,,0,interpolated_area,27.829,67.429,35.3,0.316,Dat do bazan,4,low,0,
2020-04-06,2020-04-12,Gia Lai,Pleiku,Robusta / ca phe nhan xo noi dia,32100,,0,interpolated_area,24.329,74.143,21.4,0.351,Dat do bazan,4,low,0,
2020-04-06,2020-04-12,Kon Tum,Kon Tum,Robusta / ca phe nhan xo noi dia,32000,,0,interpolated_area,25.129,75.714,20.4,0.335,Dat do vang / dat bazan cuc bo,3,low,0,
2020-04-06,2020-04-12,Lam Dong,Bao Loc,Robusta / ca phe nhan xo noi dia,31700,,0,interpolated_area,22.886,84.571,116.3,0.405,Dat do vang tren bazan,4,low,0,
2020-04-06,2020-04-12,Lam Dong,Di Linh,Robusta / ca phe nhan xo noi dia,31700,,0,interpolated_area,22.243,85.143,80.6,0.416,Dat do vang tren bazan,4,medium,0,
2020-04-06,2020-04-12,Lam Dong,Lam Ha,Robusta / ca phe nhan xo noi dia,31700,,0,interpolated_area,22.557,83.571,73.8,0.416,Dat do vang tren bazan,4,low,0,
2020-04-13,2020-04-19,Dak Lak,Buon Ho,Robusta / ca phe nhan xo noi dia,31150,,0,interpolated_area,23.771,77.429,3.2,0.202,Dat do bazan,5,medium,0,
2020-04-13,2020-04-19,Dak Lak,Cu M'gar,Robusta / ca phe nhan xo noi dia,31092,,0,interpolated_area,26.314,68.0,10.1,0.255,Dat do bazan,5,high,0,
2020-04-13,2020-04-19,Dak Lak,Ea H'leo,Robusta / ca phe nhan xo noi dia,31033,,0,interpolated_area,24.786,72.429,3.4,0.27,Dat do bazan,5,medium,0,
2020-04-13,2020-04-19,Dak Nong,Dak R'lap,Robusta / ca phe nhan xo noi dia,32900,,0,interpolated_area,23.829,86.714,29.0,0.463,Dat do bazan,4,low,0,
2020-04-13,2020-04-19,Dak Nong,Gia Nghia,Robusta / ca phe nhan xo noi dia,32900,,0,interpolated_area,23.871,83.429,19.0,0.416,Dat do bazan,4,low,0,
2020-04-13,2020-04-19,Gia Lai,Chu Prong,Robusta / ca phe nhan xo noi dia,32100,,0,interpolated_area,26.529,66.429,14.3,0.268,Dat do bazan,4,low,0,
2020-04-13,2020-04-19,Gia Lai,Ia Grai,Robusta / ca phe nhan xo noi dia,32100,,0,interpolated_area,27.414,66.143,13.2,0.332,Dat do bazan,4,low,0,
2020-04-13,2020-04-19,Gia Lai,Pleiku,Robusta / ca phe nhan xo noi dia,32100,,0,interpolated_area,23.929,73.286,22.8,0.336,Dat do bazan,4,low,0,
2020-04-13,2020-04-19,Kon Tum,Kon Tum,Robusta / ca phe nhan xo noi dia,32000,,0,interpolated_area,24.957,73.143,4.6,0.326,Dat do vang / dat bazan cuc bo,3,low,0,
2020-04-13,2020-04-19,Lam Dong,Bao Loc,Robusta / ca phe nhan xo noi dia,31700,,0,interpolated_area,22.3,85.857,38.5,0.466,Dat do vang tren bazan,4,low,0,
2020-04-13,2020-04-19,Lam Dong,Di Linh,Robusta / ca phe nhan xo noi dia,31700,,0,interpolated_area,22.0,83.429,21.0,0.438,Dat do vang tren bazan,4,medium,0,
2020-04-13,2020-04-19,Lam Dong,Lam Ha,Robusta / ca phe nhan xo noi dia,31700,,0,interpolated_area,22.514,81.286,6.9,0.418,Dat do vang tren bazan,4,low,0,
2020-04-20,2020-04-26,Dak Lak,Buon Ho,Robusta / ca phe nhan xo noi dia,31150,,0,interpolated_area,25.686,71.286,0.0,0.172,Dat do bazan,5,medium,0,
2020-04-20,2020-04-26,Dak Lak,Cu M'gar,Robusta / ca phe nhan xo noi dia,31092,,0,interpolated_area,28.1,63.143,0.5,0.226,Dat do bazan,5,high,0,
2020-04-20,2020-04-26,Dak Lak,Ea H'leo,Robusta / ca phe nhan xo noi dia,31033,,0,interpolated_area,26.671,66.0,0.4,0.219,Dat do bazan,5,medium,0,
2020-04-20,2020-04-26,Dak Nong,Dak R'lap,Robusta / ca phe nhan xo noi dia,32900,,0,interpolated_area,25.386,79.0,19.9,0.424,Dat do bazan,4,low,0,
2020-04-20,2020-04-26,Dak Nong,Gia Nghia,Robusta / ca phe nhan xo noi dia,32900,,0,interpolated_area,25.557,75.857,9.1,0.339,Dat do bazan,4,low,0,
2020-04-20,2020-04-26,Gia Lai,Chu Prong,Robusta / ca phe nhan xo noi dia,32100,,0,interpolated_area,28.529,59.429,1.2,0.226,Dat do bazan,4,low,0,
2020-04-20,2020-04-26,Gia Lai,Ia Grai,Robusta / ca phe nhan xo noi dia,32100,,0,interpolated_area,29.343,58.286,1.7,0.299,Dat do bazan,4,low,0,
2020-04-20,2020-04-26,Gia Lai,Pleiku,Robusta / ca phe nhan xo noi dia,32100,,0,interpolated_area,26.029,64.571,2.5,0.299,Dat do bazan,4,low,0,
2020-04-20,2020-04-26,Kon Tum,Kon Tum,Robusta / ca phe nhan xo noi dia,32000,,0,interpolated_area,27.043,66.857,5.1,0.277,Dat do vang / dat bazan cuc bo,3,low,0,
2020-04-20,2020-04-26,Lam Dong,Bao Loc,Robusta / ca phe nhan xo noi dia,31700,,0,interpolated_area,23.3,80.571,7.0,0.35,Dat do vang tren bazan,4,low,0,
2020-04-20,2020-04-26,Lam Dong,Di Linh,Robusta / ca phe nhan xo noi dia,31700,,0,interpolated_area,23.4,75.0,7.3,0.333,Dat do vang tren bazan,4,medium,0,
2020-04-20,2020-04-26,Lam Dong,Lam Ha,Robusta / ca phe nhan xo noi dia,31700,,0,interpolated_area,23.657,74.0,2.4,0.316,Dat do vang tren bazan,4,low,0,
2020-04-27,2020-05-03,Dak Lak,Buon Ho,Robusta / ca phe nhan xo noi dia,31150,,0,interpolated_area,24.8,72.0,0.0,0.17,Dat do bazan,5,medium,0,
2020-04-27,2020-05-03,Dak Lak,Cu M'gar,Robusta / ca phe nhan xo noi dia,31092,,0,interpolated_area,27.314,62.714,0.1,0.221,Dat do bazan,5,high,0,
2020-04-27,2020-05-03,Dak Lak,Ea H'leo,Robusta / ca phe nhan xo noi dia,31033,,0,interpolated_area,26.043,65.286,0.0,0.213,Dat do bazan,5,medium,0,
2020-04-27,2020-05-03,Dak Nong,Dak R'lap,Robusta / ca phe nhan xo noi dia,32900,,0,interpolated_area,25.514,71.286,4.3,0.393,Dat do bazan,4,low,0,
2020-04-27,2020-05-03,Dak Nong,Gia Nghia,Robusta / ca phe nhan xo noi dia,32900,,0,interpolated_area,25.629,68.429,4.2,0.306,Dat do bazan,4,low,0,
2020-04-27,2020-05-03,Gia Lai,Chu Prong,Robusta / ca phe nhan xo noi dia,32100,,0,interpolated_area,28.186,57.143,0.3,0.204,Dat do bazan,4,low,0,
2020-04-27,2020-05-03,Gia Lai,Ia Grai,Robusta / ca phe nhan xo noi dia,32100,,0,interpolated_area,29.386,54.0,0.5,0.263,Dat do bazan,4,low,0,
2020-04-27,2020-05-03,Gia Lai,Pleiku,Robusta / ca phe nhan xo noi dia,32100,,0,interpolated_area,25.6,62.286,0.4,0.264,Dat do bazan,4,low,0,
2020-04-27,2020-05-03,Kon Tum,Kon Tum,Robusta / ca phe nhan xo noi dia,32000,,0,interpolated_area,26.714,63.0,2.1,0.254,Dat do vang / dat bazan cuc bo,3,low,0,
2020-04-27,2020-05-03,Lam Dong,Bao Loc,Robusta / ca phe nhan xo noi dia,31700,,0,interpolated_area,23.571,74.143,3.1,0.304,Dat do vang tren bazan,4,low,0,
2020-04-27,2020-05-03,Lam Dong,Di Linh,Robusta / ca phe nhan xo noi dia,31700,,0,interpolated_area,23.5,69.0,2.6,0.296,Dat do vang tren bazan,4,medium,0,
2020-04-27,2020-05-03,Lam Dong,Lam Ha,Robusta / ca phe nhan xo noi dia,31700,,0,interpolated_area,23.786,67.714,0.6,0.29,Dat do vang tren bazan,4,low,0,
2020-05-04,2020-05-10,Dak Lak,Buon Ho,Robusta / ca phe nhan xo noi dia,31150,,0,interpolated_area,28.443,64.143,5.0,0.175,Dat do bazan,5,medium,0,
2020-05-04,2020-05-10,Dak Lak,Cu M'gar,Robusta / ca phe nhan xo noi dia,31092,,0,interpolated_area,30.214,59.857,3.4,0.227,Dat do bazan,5,high,0,
2020-05-04,2020-05-10,Dak Lak,Ea H'leo,Robusta / ca phe nhan xo noi dia,31033,,0,interpolated_area,29.186,60.286,4.1,0.222,Dat do bazan,5,medium,0,
2020-05-04,2020-05-10,Dak Nong,Dak R'lap,Robusta / ca phe nhan xo noi dia,32900,,0,interpolated_area,26.143,81.857,12.6,0.399,Dat do bazan,4,low,0,
2020-05-04,2020-05-10,Dak Nong,Gia Nghia,Robusta / ca phe nhan xo noi dia,32900,,0,interpolated_area,26.429,78.143,8.4,0.311,Dat do bazan,4,low,0,
2020-05-04,2020-05-10,Gia Lai,Chu Prong,Robusta / ca phe nhan xo noi dia,32100,,0,interpolated_area,30.714,56.857,5.2,0.209,Dat do bazan,4,low,0,
2020-05-04,2020-05-10,Gia Lai,Ia Grai,Robusta / ca phe nhan xo noi dia,32100,,0,interpolated_area,31.257,57.143,6.0,0.263,Dat do bazan,4,low,0,
2020-05-04,2020-05-10,Gia Lai,Pleiku,Robusta / ca phe nhan xo noi dia,32100,,0,interpolated_area,28.529,60.571,6.6,0.264,Dat do bazan,4,low,0,
2020-05-04,2020-05-10,Kon Tum,Kon Tum,Robusta / ca phe nhan xo noi dia,32000,,0,interpolated_area,29.257,63.714,4.0,0.264,Dat do vang / dat bazan cuc bo,3,low,0,
2020-05-04,2020-05-10,Lam Dong,Bao Loc,Robusta / ca phe nhan xo noi dia,31700,,0,interpolated_area,24.671,80.0,4.4,0.305,Dat do vang tren bazan,4,low,0,
2020-05-04,2020-05-10,Lam Dong,Di Linh,Robusta / ca phe nhan xo noi dia,31700,,0,interpolated_area,24.2,78.571,6.8,0.286,Dat do vang tren bazan,4,medium,0,
2020-05-04,2020-05-10,Lam Dong,Lam Ha,Robusta / ca phe nhan xo noi dia,31700,,0,interpolated_area,24.914,75.857,2.6,0.287,Dat do vang tren bazan,4,low,0,
2020-05-11,2020-05-17,Dak Lak,Buon Ho,Robusta / ca phe nhan xo noi dia,31150,,0,interpolated_area,27.043,67.286,8.8,0.185,Dat do bazan,5,medium,0,
2020-05-11,2020-05-17,Dak Lak,Cu M'gar,Robusta / ca phe nhan xo noi dia,31092,,0,interpolated_area,28.786,64.143,18.0,0.247,Dat do bazan,5,high,0,
2020-05-11,2020-05-17,Dak Lak,Ea H'leo,Robusta / ca phe nhan xo noi dia,31033,,0,interpolated_area,27.814,62.571,4.5,0.233,Dat do bazan,5,medium,0,
2020-05-11,2020-05-17,Dak Nong,Dak R'lap,Robusta / ca phe nhan xo noi dia,32900,,0,interpolated_area,25.6,80.571,31.9,0.418,Dat do bazan,4,low,0,
2020-05-11,2020-05-17,Dak Nong,Gia Nghia,Robusta / ca phe nhan xo noi dia,32900,,0,interpolated_area,25.643,79.429,52.5,0.363,Dat do bazan,4,low,0,
2020-05-11,2020-05-17,Gia Lai,Chu Prong,Robusta / ca phe nhan xo noi dia,32100,,0,interpolated_area,29.514,56.286,9.7,0.229,Dat do bazan,4,low,0,
2020-05-11,2020-05-17,Gia Lai,Ia Grai,Robusta / ca phe nhan xo noi dia,32100,,0,interpolated_area,30.1,57.429,10.7,0.279,Dat do bazan,4,low,0,
2020-05-11,2020-05-17,Gia Lai,Pleiku,Robusta / ca phe nhan xo noi dia,32100,,0,interpolated_area,27.214,60.0,16.5,0.277,Dat do bazan,4,low,0,
2020-05-11,2020-05-17,Kon Tum,Kon Tum,Robusta / ca phe nhan xo noi dia,32000,,0,interpolated_area,28.071,62.714,5.1,0.265,Dat do vang / dat bazan cuc bo,3,low,0,
2020-05-11,2020-05-17,Lam Dong,Bao Loc,Robusta / ca phe nhan xo noi dia,31700,,0,interpolated_area,24.2,80.143,19.9,0.311,Dat do vang tren bazan,4,low,0,
2020-05-11,2020-05-17,Lam Dong,Di Linh,Robusta / ca phe nhan xo noi dia,31700,,0,interpolated_area,23.757,78.571,38.5,0.315,Dat do vang tren bazan,4,medium,0,
2020-05-11,2020-05-17,Lam Dong,Lam Ha,Robusta / ca phe nhan xo noi dia,31700,,0,interpolated_area,24.486,75.286,8.9,0.288,Dat do vang tren bazan,4,low,0,
2020-05-18,2020-05-24,Dak Lak,Buon Ho,Robusta / ca phe nhan xo noi dia,31150,,0,interpolated_area,26.2,80.0,29.1,0.288,Dat do bazan,5,medium,0,
2020-05-18,2020-05-24,Dak Lak,Cu M'gar,Robusta / ca phe nhan xo noi dia,31092,,0,interpolated_area,27.214,79.571,37.8,0.397,Dat do bazan,5,high,0,
2020-05-18,2020-05-24,Dak Lak,Ea H'leo,Robusta / ca phe nhan xo noi dia,31033,,0,interpolated_area,26.386,80.714,41.5,0.372,Dat do bazan,5,medium,0,
2020-05-18,2020-05-24,Dak Nong,Dak R'lap,Robusta / ca phe nhan xo noi dia,32900,,0,interpolated_area,25.157,88.0,40.0,0.464,Dat do bazan,4,low,0,
2020-05-18,2020-05-24,Dak Nong,Gia Nghia,Robusta / ca phe nhan xo noi dia,32900,,0,interpolated_area,25.086,87.286,52.4,0.458,Dat do bazan,4,low,0,
2020-05-18,2020-05-24,Gia Lai,Chu Prong,Robusta / ca phe nhan xo noi dia,32100,,0,interpolated_area,26.757,82.429,55.0,0.404,Dat do bazan,4,low,0,
2020-05-18,2020-05-24,Gia Lai,Ia Grai,Robusta / ca phe nhan xo noi dia,32100,,0,interpolated_area,27.129,84.143,76.8,0.425,Dat do bazan,4,low,0,
2020-05-18,2020-05-24,Gia Lai,Pleiku,Robusta / ca phe nhan xo noi dia,32100,,0,interpolated_area,25.229,82.429,31.6,0.364,Dat do bazan,4,low,0,
2020-05-18,2020-05-24,Kon Tum,Kon Tum,Robusta / ca phe nhan xo noi dia,32000,,0,interpolated_area,26.086,83.714,48.4,0.401,Dat do vang / dat bazan cuc bo,3,low,0,
2020-05-18,2020-05-24,Lam Dong,Bao Loc,Robusta / ca phe nhan xo noi dia,31700,,0,interpolated_area,23.871,88.286,41.2,0.392,Dat do vang tren bazan,4,low,0,
2020-05-18,2020-05-24,Lam Dong,Di Linh,Robusta / ca phe nhan xo noi dia,31700,,0,interpolated_area,23.114,89.286,77.2,0.433,Dat do vang tren bazan,4,medium,0,
2020-05-18,2020-05-24,Lam Dong,Lam Ha,Robusta / ca phe nhan xo noi dia,31700,,0,interpolated_area,24.1,83.0,55.4,0.372,Dat do vang tren bazan,4,low,0,
2020-05-25,2020-05-31,Dak Lak,Buon Ho,Robusta / ca phe nhan xo noi dia,31150,,0,interpolated_area,25.086,84.429,89.9,0.426,Dat do bazan,5,medium,0,
2020-05-25,2020-05-31,Dak Lak,Cu M'gar,Robusta / ca phe nhan xo noi dia,31092,,0,interpolated_area,26.243,83.571,102.9,0.449,Dat do bazan,5,high,0,
2020-05-25,2020-05-31,Dak Lak,Ea H'leo,Robusta / ca phe nhan xo noi dia,31033,,0,interpolated_area,25.643,82.714,110.3,0.42,Dat do bazan,5,medium,0,
2020-05-25,2020-05-31,Dak Nong,Dak R'lap,Robusta / ca phe nhan xo noi dia,32900,,0,interpolated_area,24.614,88.286,57.1,0.479,Dat do bazan,4,low,0,
2020-05-25,2020-05-31,Dak Nong,Gia Nghia,Robusta / ca phe nhan xo noi dia,32900,,0,interpolated_area,24.486,87.429,73.1,0.475,Dat do bazan,4,low,0,
2020-05-25,2020-05-31,Gia Lai,Chu Prong,Robusta / ca phe nhan xo noi dia,32100,,0,interpolated_area,25.929,85.714,76.2,0.483,Dat do bazan,4,low,0,
2020-05-25,2020-05-31,Gia Lai,Ia Grai,Robusta / ca phe nhan xo noi dia,32100,,0,interpolated_area,26.429,87.286,75.3,0.491,Dat do bazan,4,low,0,
2020-05-25,2020-05-31,Gia Lai,Pleiku,Robusta / ca phe nhan xo noi dia,32100,,0,interpolated_area,24.2,87.857,54.1,0.444,Dat do bazan,4,low,0,
2020-05-25,2020-05-31,Kon Tum,Kon Tum,Robusta / ca phe nhan xo noi dia,32000,,0,interpolated_area,25.1,87.571,55.6,0.465,Dat do vang / dat bazan cuc bo,3,low,0,
2020-05-25,2020-05-31,Lam Dong,Bao Loc,Robusta / ca phe nhan xo noi dia,31700,,0,interpolated_area,23.614,86.571,33.7,0.424,Dat do vang tren bazan,4,low,0,
2020-05-25,2020-05-31,Lam Dong,Di Linh,Robusta / ca phe nhan xo noi dia,31700,,0,interpolated_area,22.757,87.857,52.9,0.46,Dat do vang tren bazan,4,medium,0,
2020-05-25,2020-05-31,Lam Dong,Lam Ha,Robusta / ca phe nhan xo noi dia,31700,,0,interpolated_area,23.314,84.143,37.2,0.447,Dat do vang tren bazan,4,low,0,
2020-06-01,2020-06-07,Dak Lak,Buon Ho,Robusta / ca phe nhan xo noi dia,31150,,0,interpolated_area,24.857,83.143,39.2,0.403,Dat do bazan,5,medium,0,
2020-06-01,2020-06-07,Dak Lak,Cu M'gar,Robusta / ca phe nhan xo noi dia,31092,,0,interpolated_area,26.0,82.0,28.4,0.446,Dat do bazan,5,high,0,
2020-06-01,2020-06-07,Dak Lak,Ea H'leo,Robusta / ca phe nhan xo noi dia,31033,,0,interpolated_area,25.414,81.571,40.5,0.443,Dat do bazan,5,medium,0,
2020-06-01,2020-06-07,Dak Nong,Dak R'lap,Robusta / ca phe nhan xo noi dia,32900,,0,interpolated_area,24.114,89.571,74.3,0.492,Dat do bazan,4,low,0,
2020-06-01,2020-06-07,Dak Nong,Gia Nghia,Robusta / ca phe nhan xo noi dia,32900,,0,interpolated_area,24.157,88.286,60.5,0.489,Dat do bazan,4,low,0,
2020-06-01,2020-06-07,Gia Lai,Chu Prong,Robusta / ca phe nhan xo noi dia,32100,,0,interpolated_area,25.914,84.0,32.0,0.464,Dat do bazan,4,low,0,
2020-06-01,2020-06-07,Gia Lai,Ia Grai,Robusta / ca phe nhan xo noi dia,32100,,0,interpolated_area,26.486,85.143,38.9,0.48,Dat do bazan,4,low,0,
2020-06-01,2020-06-07,Gia Lai,Pleiku,Robusta / ca phe nhan xo noi dia,32100,,0,interpolated_area,24.186,85.571,19.6,0.432,Dat do bazan,4,low,0,
2020-06-01,2020-06-07,Kon Tum,Kon Tum,Robusta / ca phe nhan xo noi dia,32000,,0,interpolated_area,25.243,85.571,30.8,0.451,Dat do vang / dat bazan cuc bo,3,low,0,
2020-06-01,2020-06-07,Lam Dong,Bao Loc,Robusta / ca phe nhan xo noi dia,31700,,0,interpolated_area,23.029,89.0,43.0,0.449,Dat do vang tren bazan,4,low,0,
2020-06-01,2020-06-07,Lam Dong,Di Linh,Robusta / ca phe nhan xo noi dia,31700,,0,interpolated_area,22.286,89.0,90.9,0.485,Dat do vang tren bazan,4,medium,0,
2020-06-01,2020-06-07,Lam Dong,Lam Ha,Robusta / ca phe nhan xo noi dia,31700,,0,interpolated_area,22.857,85.857,49.0,0.475,Dat do vang tren bazan,4,low,0,
2020-06-08,2020-06-14,Dak Lak,Buon Ho,Robusta / ca phe nhan xo noi dia,31150,,0,interpolated_area,24.643,85.0,47.8,0.418,Dat do bazan,5,medium,0,
2020-06-08,2020-06-14,Dak Lak,Cu M'gar,Robusta / ca phe nhan xo noi dia,31092,,0,interpolated_area,25.871,84.143,156.1,0.432,Dat do bazan,5,high,0,
2020-06-08,2020-06-14,Dak Lak,Ea H'leo,Robusta / ca phe nhan xo noi dia,31033,,0,interpolated_area,25.171,83.571,61.9,0.446,Dat do bazan,5,medium,0,
2020-06-08,2020-06-14,Dak Nong,Dak R'lap,Robusta / ca phe nhan xo noi dia,32900,,0,interpolated_area,23.657,92.857,117.5,0.497,Dat do bazan,4,low,0,
2020-06-08,2020-06-14,Dak Nong,Gia Nghia,Robusta / ca phe nhan xo noi dia,32900,,0,interpolated_area,23.643,91.143,87.8,0.491,Dat do bazan,4,low,0,
2020-06-08,2020-06-14,Gia Lai,Chu Prong,Robusta / ca phe nhan xo noi dia,32100,,0,province_proxy,25.843,85.857,73.3,0.461,Dat do bazan,4,low,0,
2020-06-08,2020-06-14,Gia Lai,Ia Grai,Robusta / ca phe nhan xo noi dia,32100,32100.0,1,observed,26.371,86.714,56.7,0.483,Dat do bazan,4,low,1,Nong Nghiep Moi Truong
2020-06-08,2020-06-14,Gia Lai,Pleiku,Robusta / ca phe nhan xo noi dia,32100,32100.0,1,observed,24.143,87.571,40.3,0.438,Dat do bazan,4,low,1,Nong Nghiep Moi Truong
2020-06-08,2020-06-14,Kon Tum,Kon Tum,Robusta / ca phe nhan xo noi dia,32000,32000.0,1,observed,25.143,86.429,45.3,0.439,Dat do vang / dat bazan cuc bo,3,low,1,Nong Nghiep Moi Truong
2020-06-08,2020-06-14,Lam Dong,Bao Loc,Robusta / ca phe nhan xo noi dia,31700,31700.0,1,observed,22.8,90.429,67.1,0.452,Dat do vang tren bazan,4,low,1,Nong Nghiep Moi Truong
2020-06-08,2020-06-14,Lam Dong,Di Linh,Robusta / ca phe nhan xo noi dia,31700,31700.0,1,observed,22.086,91.286,94.1,0.492,Dat do vang tren bazan,4,medium,1,Nong Nghiep Moi Truong
2020-06-08,2020-06-14,Lam Dong,Lam Ha,Robusta / ca phe nhan xo noi dia,31700,31700.0,1,observed,22.757,87.714,77.7,0.463,Dat do vang tren bazan,4,low,1,Nong Nghiep Moi Truong
2020-06-15,2020-06-21,Dak Lak,Buon Ho,Robusta / ca phe nhan xo noi dia,31150,31150.0,2,observed,24.429,85.571,48.9,0.455,Dat do bazan,5,medium,2,Nong Nghiep Moi Truong
2020-06-15,2020-06-21,Dak Lak,Cu M'gar,Robusta / ca phe nhan xo noi dia,31092,,0,province_proxy,25.571,83.714,43.9,0.459,Dat do bazan,5,high,0,
2020-06-15,2020-06-21,Dak Lak,Ea H'leo,Robusta / ca phe nhan xo noi dia,31033,31033.333333333332,3,observed,25.029,83.143,33.0,0.45,Dat do bazan,5,medium,3,Nong Nghiep Moi Truong
2020-06-15,2020-06-21,Dak Nong,Dak R'lap,Robusta / ca phe nhan xo noi dia,32900,,0,interpolated_area,23.871,90.714,79.8,0.494,Dat do bazan,4,low,0,
2020-06-15,2020-06-21,Dak Nong,Gia Nghia,Robusta / ca phe nhan xo noi dia,32900,,0,interpolated_area,23.729,89.857,53.8,0.495,Dat do bazan,4,low,0,
2020-06-15,2020-06-21,Gia Lai,Chu Prong,Robusta / ca phe nhan xo noi dia,30900,,0,province_proxy,25.557,85.0,43.1,0.471,Dat do bazan,4,low,0,
2020-06-15,2020-06-21,Gia Lai,Ia Grai,Robusta / ca phe nhan xo noi dia,30900,30900.0,3,observed,26.0,86.286,45.0,0.488,Dat do bazan,4,low,3,Nong Nghiep Moi Truong
2020-06-15,2020-06-21,Gia Lai,Pleiku,Robusta / ca phe nhan xo noi dia,30900,30900.0,3,observed,23.686,87.286,29.9,0.476,Dat do bazan,4,low,3,Nong Nghiep Moi Truong
2020-06-15,2020-06-21,Kon Tum,Kon Tum,Robusta / ca phe nhan xo noi dia,30800,30800.0,3,observed,24.686,86.714,26.9,0.45,Dat do vang / dat bazan cuc bo,3,low,3,Nong Nghiep Moi Truong
2020-06-15,2020-06-21,Lam Dong,Bao Loc,Robusta / ca phe nhan xo noi dia,30500,30500.0,3,observed,22.714,89.286,63.5,0.483,Dat do vang tren bazan,4,low,3,Nong Nghiep Moi Truong
2020-06-15,2020-06-21,Lam Dong,Di Linh,Robusta / ca phe nhan xo noi dia,30500,30500.0,3,observed,22.229,88.571,59.8,0.491,Dat do vang tren bazan,4,medium,3,Nong Nghiep Moi Truong
2020-06-15,2020-06-21,Lam Dong,Lam Ha,Robusta / ca phe nhan xo noi dia,30500,30500.0,3,observed,22.7,87.0,74.5,0.487,Dat do vang tren bazan,4,low,3,Nong Nghiep Moi Truong
2020-06-22,2020-06-28,Dak Lak,Buon Ho,Robusta / ca phe nhan xo noi dia,31242,,0,interpolated_area,24.471,83.857,31.5,0.397,Dat do bazan,5,medium,0,
2020-06-22,2020-06-28,Dak Lak,Cu M'gar,Robusta / ca phe nhan xo noi dia,31192,,0,interpolated_area,25.5,83.571,31.9,0.433,Dat do bazan,5,high,0,
2020-06-22,2020-06-28,Dak Lak,Ea H'leo,Robusta / ca phe nhan xo noi dia,31132,,0,interpolated_area,25.229,81.857,26.1,0.426,Dat do bazan,5,medium,0,
2020-06-22,2020-06-28,Dak Nong,Dak R'lap,Robusta / ca phe nhan xo noi dia,32900,,0,interpolated_area,23.6,91.857,70.7,0.496,Dat do bazan,4,low,0,
2020-06-22,2020-06-28,Dak Nong,Gia Nghia,Robusta / ca phe nhan xo noi dia,32900,,0,interpolated_area,23.429,90.286,73.3,0.492,Dat do bazan,4,low,0,
2020-06-22,2020-06-28,Gia Lai,Chu Prong,Robusta / ca phe nhan xo noi dia,30995,,0,interpolated_area,25.929,84.714,28.4,0.432,Dat do bazan,4,low,0,
2020-06-22,2020-06-28,Gia Lai,Ia Grai,Robusta / ca phe nhan xo noi dia,31000,,0,interpolated_area,26.5,85.571,32.6,0.461,Dat do bazan,4,low,0,
2020-06-22,2020-06-28,Gia Lai,Pleiku,Robusta / ca phe nhan xo noi dia,31000,,0,interpolated_area,24.157,86.857,21.0,0.423,Dat do bazan,4,low,0,
2020-06-22,2020-06-28,Kon Tum,Kon Tum,Robusta / ca phe nhan xo noi dia,30895,,0,interpolated_area,25.357,86.143,28.5,0.411,Dat do vang / dat bazan cuc bo,3,low,0,
2020-06-22,2020-06-28,Lam Dong,Bao Loc,Robusta / ca phe nhan xo noi dia,30600,,0,interpolated_area,22.471,90.0,45.7,0.473,Dat do vang tren bazan,4,low,0,
2020-06-22,2020-06-28,Lam Dong,Di Linh,Robusta / ca phe nhan xo noi dia,30595,,0,interpolated_area,21.857,90.143,60.0,0.493,Dat do vang tren bazan,4,medium,0,
2020-06-22,2020-06-28,Lam Dong,Lam Ha,Robusta / ca phe nhan xo noi dia,30598,,0,interpolated_area,22.429,88.0,46.0,0.47,Dat do vang tren bazan,4,low,0,
2020-06-29,2020-07-05,Dak Lak,Buon Ho,Robusta / ca phe nhan xo noi dia,31335,,0,interpolated_area,22.971,89.0,48.8,0.468,Dat do bazan,5,medium,0,
2020-06-29,2020-07-05,Dak Lak,Cu M'gar,Robusta / ca phe nhan xo noi dia,31292,,0,interpolated_area,24.157,88.0,80.1,0.484,Dat do bazan,5,high,0,
2020-06-29,2020-07-05,Dak Lak,Ea H'leo,Robusta / ca phe nhan xo noi dia,31230,,0,interpolated_area,23.343,89.0,75.2,0.468,Dat do bazan,5,medium,0,
2020-06-29,2020-07-05,Dak Nong,Dak R'lap,Robusta / ca phe nhan xo noi dia,32900,,0,interpolated_area,22.457,95.429,126.7,0.505,Dat do bazan,4,low,0,
2020-06-29,2020-07-05,Dak Nong,Gia Nghia,Robusta / ca phe nhan xo noi dia,32900,,0,interpolated_area,22.3,94.429,106.3,0.505,Dat do bazan,4,low,0,
2020-06-29,2020-07-05,Gia Lai,Chu Prong,Robusta / ca phe nhan xo noi dia,31090,,0,interpolated_area,23.657,93.429,97.2,0.499,Dat do bazan,4,low,0,
2020-06-29,2020-07-05,Gia Lai,Ia Grai,Robusta / ca phe nhan xo noi dia,31100,,0,interpolated_area,24.329,93.286,128.3,0.505,Dat do bazan,4,low,0,
2020-06-29,2020-07-05,Gia Lai,Pleiku,Robusta / ca phe nhan xo noi dia,31100,,0,interpolated_area,22.1,94.429,110.1,0.494,Dat do bazan,4,low,0,
2020-06-29,2020-07-05,Kon Tum,Kon Tum,Robusta / ca phe nhan xo noi dia,30990,,0,interpolated_area,23.5,91.286,130.2,0.501,Dat do vang / dat bazan cuc bo,3,low,0,
2020-06-29,2020-07-05,Lam Dong,Bao Loc,Robusta / ca phe nhan xo noi dia,30700,,0,interpolated_area,21.514,92.714,139.4,0.505,Dat do vang tren bazan,4,low,0,
2020-06-29,2020-07-05,Lam Dong,Di Linh,Robusta / ca phe nhan xo noi dia,30690,,0,interpolated_area,20.857,94.0,138.6,0.504,Dat do vang tren bazan,4,medium,0,
2020-06-29,2020-07-05,Lam Dong,Lam Ha,Robusta / ca phe nhan xo noi dia,30695,,0,interpolated_area,21.614,88.857,77.6,0.495,Dat do vang tren bazan,4,low,0,
2020-07-06,2020-07-12,Dak Lak,Buon Ho,Robusta / ca phe nhan xo noi dia,31428,,0,interpolated_area,24.671,83.143,26.7,0.439,Dat do bazan,5,medium,0,
2020-07-06,2020-07-12,Dak Lak,Cu M'gar,Robusta / ca phe nhan xo noi dia,31393,,0,interpolated_area,25.786,81.714,45.1,0.417,Dat do bazan,5,high,0,
2020-07-06,2020-07-12,Dak Lak,Ea H'leo,Robusta / ca phe nhan xo noi dia,31328,,0,interpolated_area,25.243,82.0,46.5,0.454,Dat do bazan,5,medium,0,
2020-07-06,2020-07-12,Dak Nong,Dak R'lap,Robusta / ca phe nhan xo noi dia,32900,,0,interpolated_area,23.557,88.429,47.1,0.488,Dat do bazan,4,low,0,
2020-07-06,2020-07-12,Dak Nong,Gia Nghia,Robusta / ca phe nhan xo noi dia,32900,,0,interpolated_area,23.543,88.286,63.3,0.487,Dat do bazan,4,low,0,
2020-07-06,2020-07-12,Gia Lai,Chu Prong,Robusta / ca phe nhan xo noi dia,31185,,0,interpolated_area,26.057,83.714,34.2,0.438,Dat do bazan,4,low,0,
2020-07-06,2020-07-12,Gia Lai,Ia Grai,Robusta / ca phe nhan xo noi dia,31200,,0,interpolated_area,26.514,85.429,45.9,0.489,Dat do bazan,4,low,0,
2020-07-06,2020-07-12,Gia Lai,Pleiku,Robusta / ca phe nhan xo noi dia,31200,,0,interpolated_area,24.214,86.429,37.3,0.449,Dat do bazan,4,low,0,
2020-07-06,2020-07-12,Kon Tum,Kon Tum,Robusta / ca phe nhan xo noi dia,31085,,0,interpolated_area,25.114,86.286,20.1,0.447,Dat do vang / dat bazan cuc bo,3,low,0,
2020-07-06,2020-07-12,Lam Dong,Bao Loc,Robusta / ca phe nhan xo noi dia,30800,,0,interpolated_area,22.286,89.143,33.8,0.477,Dat do vang tren bazan,4,low,0,
2020-07-06,2020-07-12,Lam Dong,Di Linh,Robusta / ca phe nhan xo noi dia,30785,,0,interpolated_area,21.914,87.286,44.7,0.483,Dat do vang tren bazan,4,medium,0,
2020-07-06,2020-07-12,Lam Dong,Lam Ha,Robusta / ca phe nhan xo noi dia,30792,,0,interpolated_area,21.957,86.714,26.1,0.469,Dat do vang tren bazan,4,low,0,
2020-07-13,2020-07-19,Dak Lak,Buon Ho,Robusta / ca phe nhan xo noi dia,31520,,0,interpolated_area,24.471,84.714,32.0,0.448,Dat do bazan,5,medium,0,
2020-07-13,2020-07-19,Dak Lak,Cu M'gar,Robusta / ca phe nhan xo noi dia,31493,,0,interpolated_area,25.743,82.571,43.8,0.408,Dat do bazan,5,high,0,
2020-07-13,2020-07-19,Dak Lak,Ea H'leo,Robusta / ca phe nhan xo noi dia,31427,,0,interpolated_area,24.914,83.429,58.9,0.475,Dat do bazan,5,medium,0,
2020-07-13,2020-07-19,Dak Nong,Dak R'lap,Robusta / ca phe nhan xo noi dia,32900,,0,interpolated_area,23.971,90.0,60.7,0.497,Dat do bazan,4,low,0,
2020-07-13,2020-07-19,Dak Nong,Gia Nghia,Robusta / ca phe nhan xo noi dia,32900,,0,interpolated_area,23.886,89.0,70.8,0.485,Dat do bazan,4,low,0,
2020-07-13,2020-07-19,Gia Lai,Chu Prong,Robusta / ca phe nhan xo noi dia,31280,,0,interpolated_area,25.729,84.857,45.5,0.476,Dat do bazan,4,low,0,
2020-07-13,2020-07-19,Gia Lai,Ia Grai,Robusta / ca phe nhan xo noi dia,31300,,0,interpolated_area,26.286,85.571,54.5,0.496,Dat do bazan,4,low,0,
2020-07-13,2020-07-19,Gia Lai,Pleiku,Robusta / ca phe nhan xo noi dia,31300,,0,interpolated_area,23.929,86.714,35.4,0.467,Dat do bazan,4,low,0,
2020-07-13,2020-07-19,Kon Tum,Kon Tum,Robusta / ca phe nhan xo noi dia,31180,,0,interpolated_area,24.757,87.286,37.7,0.459,Dat do vang / dat bazan cuc bo,3,low,0,
2020-07-13,2020-07-19,Lam Dong,Bao Loc,Robusta / ca phe nhan xo noi dia,30900,,0,interpolated_area,22.786,88.857,32.3,0.468,Dat do vang tren bazan,4,low,0,
2020-07-13,2020-07-19,Lam Dong,Di Linh,Robusta / ca phe nhan xo noi dia,30880,,0,interpolated_area,22.171,89.429,70.8,0.489,Dat do vang tren bazan,4,medium,0,
2020-07-13,2020-07-19,Lam Dong,Lam Ha,Robusta / ca phe nhan xo noi dia,30890,,0,interpolated_area,22.6,86.571,20.0,0.464,Dat do vang tren bazan,4,low,0,
2020-07-20,2020-07-26,Dak Lak,Buon Ho,Robusta / ca phe nhan xo noi dia,31612,,0,interpolated_area,24.143,85.429,34.1,0.438,Dat do bazan,5,medium,0,
2020-07-20,2020-07-26,Dak Lak,Cu M'gar,Robusta / ca phe nhan xo noi dia,31594,,0,interpolated_area,25.4,83.429,43.1,0.466,Dat do bazan,5,high,0,
2020-07-20,2020-07-26,Dak Lak,Ea H'leo,Robusta / ca phe nhan xo noi dia,31525,,0,interpolated_area,24.614,83.571,58.1,0.48,Dat do bazan,5,medium,0,
2020-07-20,2020-07-26,Dak Nong,Dak R'lap,Robusta / ca phe nhan xo noi dia,32900,,0,interpolated_area,23.543,90.429,206.9,0.493,Dat do bazan,4,low,0,
2020-07-20,2020-07-26,Dak Nong,Gia Nghia,Robusta / ca phe nhan xo noi dia,32900,,0,interpolated_area,23.443,89.286,120.0,0.493,Dat do bazan,4,low,0,
2020-07-20,2020-07-26,Gia Lai,Chu Prong,Robusta / ca phe nhan xo noi dia,31375,,0,interpolated_area,25.629,83.714,39.8,0.464,Dat do bazan,4,low,0,
2020-07-20,2020-07-26,Gia Lai,Ia Grai,Robusta / ca phe nhan xo noi dia,31400,,0,interpolated_area,26.043,85.429,34.7,0.486,Dat do bazan,4,low,0,
2020-07-20,2020-07-26,Gia Lai,Pleiku,Robusta / ca phe nhan xo noi dia,31400,,0,interpolated_area,23.729,85.857,24.9,0.463,Dat do bazan,4,low,0,
2020-07-20,2020-07-26,Kon Tum,Kon Tum,Robusta / ca phe nhan xo noi dia,31275,,0,interpolated_area,24.429,87.0,34.9,0.451,Dat do vang / dat bazan cuc bo,3,low,0,
2020-07-20,2020-07-26,Lam Dong,Bao Loc,Robusta / ca phe nhan xo noi dia,31000,,0,interpolated_area,22.514,88.286,37.2,0.466,Dat do vang tren bazan,4,low,0,
2020-07-20,2020-07-26,Lam Dong,Di Linh,Robusta / ca phe nhan xo noi dia,30975,,0,interpolated_area,21.957,87.857,49.2,0.49,Dat do vang tren bazan,4,medium,0,
2020-07-20,2020-07-26,Lam Dong,Lam Ha,Robusta / ca phe nhan xo noi dia,30988,,0,interpolated_area,22.357,86.0,30.1,0.439,Dat do vang tren bazan,4,low,0,
2020-07-27,2020-08-02,Dak Lak,Buon Ho,Robusta / ca phe nhan xo noi dia,31705,,0,interpolated_area,23.457,90.714,207.9,0.495,Dat do bazan,5,medium,0,
2020-07-27,2020-08-02,Dak Lak,Cu M'gar,Robusta / ca phe nhan xo noi dia,31694,,0,interpolated_area,24.629,89.429,182.5,0.496,Dat do bazan,5,high,0,
2020-07-27,2020-08-02,Dak Lak,Ea H'leo,Robusta / ca phe nhan xo noi dia,31623,,0,interpolated_area,23.743,90.571,241.1,0.496,Dat do bazan,5,medium,0,
2020-07-27,2020-08-02,Dak Nong,Dak R'lap,Robusta / ca phe nhan xo noi dia,32900,,0,interpolated_area,23.129,94.714,160.8,0.504,Dat do bazan,4,low,0,
2020-07-27,2020-08-02,Dak Nong,Gia Nghia,Robusta / ca phe nhan xo noi dia,32900,,0,interpolated_area,22.957,94.0,147.5,0.503,Dat do bazan,4,low,0,
2020-07-27,2020-08-02,Gia Lai,Chu Prong,Robusta / ca phe nhan xo noi dia,31470,,0,interpolated_area,24.329,92.286,212.6,0.499,Dat do bazan,4,low,0,
2020-07-27,2020-08-02,Gia Lai,Ia Grai,Robusta / ca phe nhan xo noi dia,31500,,0,interpolated_area,25.014,92.714,287.4,0.506,Dat do bazan,4,low,0,
2020-07-27,2020-08-02,Gia Lai,Pleiku,Robusta / ca phe nhan xo noi dia,31500,,0,interpolated_area,22.8,92.714,167.0,0.495,Dat do bazan,4,low,0,
2020-07-27,2020-08-02,Kon Tum,Kon Tum,Robusta / ca phe nhan xo noi dia,31370,,0,interpolated_area,24.029,90.571,156.5,0.489,Dat do vang / dat bazan cuc bo,3,low,0,
2020-07-27,2020-08-02,Lam Dong,Bao Loc,Robusta / ca phe nhan xo noi dia,31100,,0,interpolated_area,22.171,92.286,111.9,0.502,Dat do vang tren bazan,4,low,0,
2020-07-27,2020-08-02,Lam Dong,Di Linh,Robusta / ca phe nhan xo noi dia,31070,,0,interpolated_area,21.529,93.429,117.8,0.502,Dat do vang tren bazan,4,medium,0,
2020-07-27,2020-08-02,Lam Dong,Lam Ha,Robusta / ca phe nhan xo noi dia,31085,,0,interpolated_area,22.229,89.286,78.7,0.487,Dat do vang tren bazan,4,low,0,
2020-08-03,2020-08-09,Dak Lak,Buon Ho,Robusta / ca phe nhan xo noi dia,31798,,0,interpolated_area,23.5,89.143,38.7,0.495,Dat do bazan,5,medium,0,
2020-08-03,2020-08-09,Dak Lak,Cu M'gar,Robusta / ca phe nhan xo noi dia,31795,,0,interpolated_area,24.7,87.571,63.6,0.499,Dat do bazan,5,high,0,
2020-08-03,2020-08-09,Dak Lak,Ea H'leo,Robusta / ca phe nhan xo noi dia,31722,,0,interpolated_area,23.9,88.286,80.2,0.499,Dat do bazan,5,medium,0,
2020-08-03,2020-08-09,Dak Nong,Dak R'lap,Robusta / ca phe nhan xo noi dia,32900,,0,interpolated_area,23.086,94.143,110.2,0.506,Dat do bazan,4,low,0,
2020-08-03,2020-08-09,Dak Nong,Gia Nghia,Robusta / ca phe nhan xo noi dia,32900,,0,interpolated_area,22.971,93.571,119.1,0.506,Dat do bazan,4,low,0,
2020-08-03,2020-08-09,Gia Lai,Chu Prong,Robusta / ca phe nhan xo noi dia,31565,,0,interpolated_area,24.314,91.857,84.9,0.502,Dat do bazan,4,low,0,
2020-08-03,2020-08-09,Gia Lai,Ia Grai,Robusta / ca phe nhan xo noi dia,31600,,0,interpolated_area,25.071,91.857,89.8,0.503,Dat do bazan,4,low,0,
2020-08-03,2020-08-09,Gia Lai,Pleiku,Robusta / ca phe nhan xo noi dia,31600,,0,interpolated_area,22.7,93.714,84.6,0.503,Dat do bazan,4,low,0,
2020-08-03,2020-08-09,Kon Tum,Kon Tum,Robusta / ca phe nhan xo noi dia,31465,,0,interpolated_area,24.129,90.286,79.6,0.5,Dat do vang / dat bazan cuc bo,3,low,0,
2020-08-03,2020-08-09,Lam Dong,Bao Loc,Robusta / ca phe nhan xo noi dia,31200,,0,interpolated_area,22.157,92.714,83.1,0.504,Dat do vang tren bazan,4,low,0,
2020-08-03,2020-08-09,Lam Dong,Di Linh,Robusta / ca phe nhan xo noi dia,31165,,0,interpolated_area,21.457,94.0,119.4,0.505,Dat do vang tren bazan,4,medium,0,
2020-08-03,2020-08-09,Lam Dong,Lam Ha,Robusta / ca phe nhan xo noi dia,31182,,0,interpolated_area,22.314,88.429,76.2,0.499,Dat do vang tren bazan,4,low,0,
2020-08-10,2020-08-16,Dak Lak,Buon Ho,Robusta / ca phe nhan xo noi dia,31890,,0,interpolated_area,23.771,86.429,22.1,0.474,Dat do bazan,5,medium,0,
2020-08-10,2020-08-16,Dak Lak,Cu M'gar,Robusta / ca phe nhan xo noi dia,31895,,0,interpolated_area,24.914,85.714,35.0,0.489,Dat do bazan,5,high,0,
2020-08-10,2020-08-16,Dak Lak,Ea H'leo,Robusta / ca phe nhan xo noi dia,31820,,0,interpolated_area,24.114,86.143,30.4,0.493,Dat do bazan,5,medium,0,
2020-08-10,2020-08-16,Dak Nong,Dak R'lap,Robusta / ca phe nhan xo noi dia,32900,,0,interpolated_area,23.386,91.0,85.6,0.501,Dat do bazan,4,low,0,
2020-08-10,2020-08-16,Dak Nong,Gia Nghia,Robusta / ca phe nhan xo noi dia,32900,,0,interpolated_area,23.329,90.143,80.3,0.501,Dat do bazan,4,low,0,
2020-08-10,2020-08-16,Gia Lai,Chu Prong,Robusta / ca phe nhan xo noi dia,31660,,0,interpolated_area,24.329,89.857,84.0,0.498,Dat do bazan,4,low,0,
2020-08-10,2020-08-16,Gia Lai,Ia Grai,Robusta / ca phe nhan xo noi dia,31700,,0,interpolated_area,24.829,90.286,95.9,0.499,Dat do bazan,4,low,0,
2020-08-10,2020-08-16,Gia Lai,Pleiku,Robusta / ca phe nhan xo noi dia,31700,,0,interpolated_area,22.671,90.857,59.1,0.496,Dat do bazan,4,low,0,
2020-08-10,2020-08-16,Kon Tum,Kon Tum,Robusta / ca phe nhan xo noi dia,31560,,0,interpolated_area,23.757,89.857,45.4,0.499,Dat do vang / dat bazan cuc bo,3,low,0,
2020-08-10,2020-08-16,Lam Dong,Bao Loc,Robusta / ca phe nhan xo noi dia,31300,,0,interpolated_area,22.343,90.143,50.1,0.499,Dat do vang tren bazan,4,low,0,
2020-08-10,2020-08-16,Lam Dong,Di Linh,Robusta / ca phe nhan xo noi dia,31260,,0,interpolated_area,21.657,91.571,61.2,0.497,Dat do vang tren bazan,4,medium,0,
2020-08-10,2020-08-16,Lam Dong,Lam Ha,Robusta / ca phe nhan xo noi dia,31280,,0,interpolated_area,22.343,87.714,58.0,0.493,Dat do vang tren bazan,4,low,0,
2020-08-17,2020-08-23,Dak Lak,Buon Ho,Robusta / ca phe nhan xo noi dia,31982,,0,interpolated_area,23.529,86.143,33.0,0.47,Dat do bazan,5,medium,0,
2020-08-17,2020-08-23,Dak Lak,Cu M'gar,Robusta / ca phe nhan xo noi dia,31995,,0,interpolated_area,24.671,85.143,50.9,0.49,Dat do bazan,5,high,0,
2020-08-17,2020-08-23,Dak Lak,Ea H'leo,Robusta / ca phe nhan xo noi dia,31918,,0,interpolated_area,23.886,85.429,26.4,0.48,Dat do bazan,5,medium,0,
2020-08-17,2020-08-23,Dak Nong,Dak R'lap,Robusta / ca phe nhan xo noi dia,32900,,0,interpolated_area,23.6,89.714,61.0,0.494,Dat do bazan,4,low,0,
2020-08-17,2020-08-23,Dak Nong,Gia Nghia,Robusta / ca phe nhan xo noi dia,32900,,0,interpolated_area,23.5,88.429,55.0,0.495,Dat do bazan,4,low,0,
2020-08-17,2020-08-23,Gia Lai,Chu Prong,Robusta / ca phe nhan xo noi dia,31755,,0,interpolated_area,24.5,87.714,49.5,0.485,Dat do bazan,4,low,0,
2020-08-17,2020-08-23,Gia Lai,Ia Grai,Robusta / ca phe nhan xo noi dia,31800,,0,interpolated_area,25.0,89.143,63.2,0.495,Dat do bazan,4,low,0,
2020-08-17,2020-08-23,Gia Lai,Pleiku,Robusta / ca phe nhan xo noi dia,31800,,0,interpolated_area,22.671,90.429,28.7,0.486,Dat do bazan,4,low,0,
2020-08-17,2020-08-23,Kon Tum,Kon Tum,Robusta / ca phe nhan xo noi dia,31655,,0,interpolated_area,23.771,90.0,48.2,0.499,Dat do vang / dat bazan cuc bo,3,low,0,
2020-08-17,2020-08-23,Lam Dong,Bao Loc,Robusta / ca phe nhan xo noi dia,31400,,0,interpolated_area,22.414,89.0,24.8,0.485,Dat do vang tren bazan,4,low,0,
2020-08-17,2020-08-23,Lam Dong,Di Linh,Robusta / ca phe nhan xo noi dia,31355,,0,interpolated_area,21.757,89.429,44.5,0.486,Dat do vang tren bazan,4,medium,0,
2020-08-17,2020-08-23,Lam Dong,Lam Ha,Robusta / ca phe nhan xo noi dia,31378,,0,interpolated_area,22.271,85.857,35.4,0.484,Dat do vang tren bazan,4,low,0,
2020-08-24,2020-08-30,Dak Lak,Buon Ho,Robusta / ca phe nhan xo noi dia,32075,,0,interpolated_area,24.814,84.286,14.6,0.4,Dat do bazan,5,medium,0,
2020-08-24,2020-08-30,Dak Lak,Cu M'gar,Robusta / ca phe nhan xo noi dia,32096,,0,interpolated_area,25.9,83.571,22.1,0.44,Dat do bazan,5,high,0,
2020-08-24,2020-08-30,Dak Lak,Ea H'leo,Robusta / ca phe nhan xo noi dia,32017,,0,interpolated_area,25.1,84.714,23.8,0.452,Dat do bazan,5,medium,0,
2020-08-24,2020-08-30,Dak Nong,Dak R'lap,Robusta / ca phe nhan xo noi dia,32900,,0,interpolated_area,24.671,87.0,23.1,0.461,Dat do bazan,4,low,0,
2020-08-24,2020-08-30,Dak Nong,Gia Nghia,Robusta / ca phe nhan xo noi dia,32900,,0,interpolated_area,24.671,85.286,23.8,0.436,Dat do bazan,4,low,0,
2020-08-24,2020-08-30,Gia Lai,Chu Prong,Robusta / ca phe nhan xo noi dia,31850,,0,interpolated_area,25.4,87.143,36.2,0.474,Dat do bazan,4,low,0,
2020-08-24,2020-08-30,Gia Lai,Ia Grai,Robusta / ca phe nhan xo noi dia,31900,,0,interpolated_area,25.957,87.429,46.3,0.491,Dat do bazan,4,low,0,
2020-08-24,2020-08-30,Gia Lai,Pleiku,Robusta / ca phe nhan xo noi dia,31900,,0,interpolated_area,23.529,89.429,20.0,0.471,Dat do bazan,4,low,0,
2020-08-24,2020-08-30,Kon Tum,Kon Tum,Robusta / ca phe nhan xo noi dia,31750,,0,interpolated_area,24.457,88.857,31.7,0.481,Dat do vang / dat bazan cuc bo,3,low,0,
2020-08-24,2020-08-30,Lam Dong,Bao Loc,Robusta / ca phe nhan xo noi dia,31500,,0,interpolated_area,23.343,88.0,10.2,0.42,Dat do vang tren bazan,4,low,0,
2020-08-24,2020-08-30,Lam Dong,Di Linh,Robusta / ca phe nhan xo noi dia,31450,,0,interpolated_area,22.714,89.0,16.4,0.43,Dat do vang tren bazan,4,medium,0,
2020-08-24,2020-08-30,Lam Dong,Lam Ha,Robusta / ca phe nhan xo noi dia,31475,,0,interpolated_area,23.357,85.286,11.5,0.415,Dat do vang tren bazan,4,low,0,
2020-08-31,2020-09-06,Dak Lak,Buon Ho,Robusta / ca phe nhan xo noi dia,32168,,0,interpolated_area,24.2,86.857,77.0,0.474,Dat do bazan,5,medium,0,
2020-08-31,2020-09-06,Dak Lak,Cu M'gar,Robusta / ca phe nhan xo noi dia,32196,,0,interpolated_area,25.371,85.429,82.0,0.486,Dat do bazan,5,high,0,
2020-08-31,2020-09-06,Dak Lak,Ea H'leo,Robusta / ca phe nhan xo noi dia,32115,,0,interpolated_area,24.671,86.286,150.3,0.486,Dat do bazan,5,medium,0,
2020-08-31,2020-09-06,Dak Nong,Dak R'lap,Robusta / ca phe nhan xo noi dia,32900,,0,interpolated_area,23.871,90.714,75.3,0.485,Dat do bazan,4,low,0,
2020-08-31,2020-09-06,Dak Nong,Gia Nghia,Robusta / ca phe nhan xo noi dia,32900,,0,interpolated_area,23.629,90.429,74.9,0.484,Dat do bazan,4,low,0,
2020-08-31,2020-09-06,Gia Lai,Chu Prong,Robusta / ca phe nhan xo noi dia,31945,,0,interpolated_area,25.343,87.429,129.4,0.49,Dat do bazan,4,low,0,
2020-08-31,2020-09-06,Gia Lai,Ia Grai,Robusta / ca phe nhan xo noi dia,32000,,0,interpolated_area,26.043,86.857,107.6,0.498,Dat do bazan,4,low,0,
2020-08-31,2020-09-06,Gia Lai,Pleiku,Robusta / ca phe nhan xo noi dia,32000,,0,interpolated_area,23.6,88.857,213.2,0.489,Dat do bazan,4,low,0,
2020-08-31,2020-09-06,Kon Tum,Kon Tum,Robusta / ca phe nhan xo noi dia,31845,,0,interpolated_area,24.571,87.857,53.1,0.489,Dat do vang / dat bazan cuc bo,3,low,0,
2020-08-31,2020-09-06,Lam Dong,Bao Loc,Robusta / ca phe nhan xo noi dia,31600,,0,interpolated_area,22.729,89.857,43.6,0.445,Dat do vang tren bazan,4,low,0,
2020-08-31,2020-09-06,Lam Dong,Di Linh,Robusta / ca phe nhan xo noi dia,31545,,0,interpolated_area,22.171,89.286,55.0,0.463,Dat do vang tren bazan,4,medium,0,
2020-08-31,2020-09-06,Lam Dong,Lam Ha,Robusta / ca phe nhan xo noi dia,31572,,0,interpolated_area,22.543,86.857,61.0,0.466,Dat do vang tren bazan,4,low,0,
2020-09-07,2020-09-13,Dak Lak,Buon Ho,Robusta / ca phe nhan xo noi dia,32260,,0,interpolated_area,24.229,85.857,39.5,0.461,Dat do bazan,5,medium,0,
2020-09-07,2020-09-13,Dak Lak,Cu M'gar,Robusta / ca phe nhan xo noi dia,32297,,0,interpolated_area,25.171,85.857,89.1,0.483,Dat do bazan,5,high,0,
2020-09-07,2020-09-13,Dak Lak,Ea H'leo,Robusta / ca phe nhan xo noi dia,32213,,0,interpolated_area,24.543,85.857,92.4,0.489,Dat do bazan,5,medium,0,
2020-09-07,2020-09-13,Dak Nong,Dak R'lap,Robusta / ca phe nhan xo noi dia,32900,,0,interpolated_area,23.529,91.143,149.2,0.499,Dat do bazan,4,low,0,
2020-09-07,2020-09-13,Dak Nong,Gia Nghia,Robusta / ca phe nhan xo noi dia,32900,,0,interpolated_area,23.514,89.429,84.3,0.493,Dat do bazan,4,low,0,
2020-09-07,2020-09-13,Gia Lai,Chu Prong,Robusta / ca phe nhan xo noi dia,32040,,0,interpolated_area,25.471,85.571,39.5,0.482,Dat do bazan,4,low,0,
2020-09-07,2020-09-13,Gia Lai,Ia Grai,Robusta / ca phe nhan xo noi dia,32100,,0,interpolated_area,25.914,86.857,45.3,0.494,Dat do bazan,4,low,0,
2020-09-07,2020-09-13,Gia Lai,Pleiku,Robusta / ca phe nhan xo noi dia,32100,,0,interpolated_area,23.629,88.143,53.1,0.49,Dat do bazan,4,low,0,
2020-09-07,2020-09-13,Kon Tum,Kon Tum,Robusta / ca phe nhan xo noi dia,31940,,0,interpolated_area,24.429,88.143,36.6,0.478,Dat do vang / dat bazan cuc bo,3,low,0,
2020-09-07,2020-09-13,Lam Dong,Bao Loc,Robusta / ca phe nhan xo noi dia,31700,,0,interpolated_area,22.529,89.143,39.1,0.464,Dat do vang tren bazan,4,low,0,
2020-09-07,2020-09-13,Lam Dong,Di Linh,Robusta / ca phe nhan xo noi dia,31640,,0,interpolated_area,22.0,88.429,50.7,0.49,Dat do vang tren bazan,4,medium,0,
2020-09-07,2020-09-13,Lam Dong,Lam Ha,Robusta / ca phe nhan xo noi dia,31670,,0,interpolated_area,22.143,87.429,29.5,0.477,Dat do vang tren bazan,4,low,0,
2020-09-14,2020-09-20,Dak Lak,Buon Ho,Robusta / ca phe nhan xo noi dia,32352,,0,interpolated_area,23.243,89.0,84.3,0.487,Dat do bazan,5,medium,0,
2020-09-14,2020-09-20,Dak Lak,Cu M'gar,Robusta / ca phe nhan xo noi dia,32397,,0,interpolated_area,24.443,88.143,124.5,0.499,Dat do bazan,5,high,0,
2020-09-14,2020-09-20,Dak Lak,Ea H'leo,Robusta / ca phe nhan xo noi dia,32312,,0,interpolated_area,23.657,88.429,68.9,0.493,Dat do bazan,5,medium,0,
2020-09-14,2020-09-20,Dak Nong,Dak R'lap,Robusta / ca phe nhan xo noi dia,32900,,0,interpolated_area,22.686,94.286,130.5,0.501,Dat do bazan,4,low,0,
2020-09-14,2020-09-20,Dak Nong,Gia Nghia,Robusta / ca phe nhan xo noi dia,32900,,0,interpolated_area,22.614,93.0,102.4,0.496,Dat do bazan,4,low,0,
2020-09-14,2020-09-20,Gia Lai,Chu Prong,Robusta / ca phe nhan xo noi dia,32135,,0,interpolated_area,24.2,90.429,142.2,0.498,Dat do bazan,4,low,0,
2020-09-14,2020-09-20,Gia Lai,Ia Grai,Robusta / ca phe nhan xo noi dia,32200,,0,interpolated_area,24.886,90.429,162.5,0.502,Dat do bazan,4,low,0,
2020-09-14,2020-09-20,Gia Lai,Pleiku,Robusta / ca phe nhan xo noi dia,32200,,0,interpolated_area,22.586,91.857,122.8,0.498,Dat do bazan,4,low,0,
2020-09-14,2020-09-20,Kon Tum,Kon Tum,Robusta / ca phe nhan xo noi dia,32035,,0,interpolated_area,23.686,90.714,129.2,0.478,Dat do vang / dat bazan cuc bo,3,low,0,
2020-09-14,2020-09-20,Lam Dong,Bao Loc,Robusta / ca phe nhan xo noi dia,31800,,0,interpolated_area,21.871,91.571,92.4,0.495,Dat do vang tren bazan,4,low,0,
2020-09-14,2020-09-20,Lam Dong,Di Linh,Robusta / ca phe nhan xo noi dia,31735,,0,interpolated_area,21.2,91.857,108.2,0.498,Dat do vang tren bazan,4,medium,0,
2020-09-14,2020-09-20,Lam Dong,Lam Ha,Robusta / ca phe nhan xo noi dia,31768,,0,interpolated_area,21.729,89.857,89.7,0.496,Dat do vang tren bazan,4,low,0,
2020-09-21,2020-09-27,Dak Lak,Buon Ho,Robusta / ca phe nhan xo noi dia,32445,,0,interpolated_area,23.471,88.714,24.0,0.482,Dat do bazan,5,medium,0,
2020-09-21,2020-09-27,Dak Lak,Cu M'gar,Robusta / ca phe nhan xo noi dia,32498,,0,interpolated_area,24.8,87.0,43.1,0.492,Dat do bazan,5,high,0,
2020-09-21,2020-09-27,Dak Lak,Ea H'leo,Robusta / ca phe nhan xo noi dia,32410,,0,interpolated_area,23.943,87.0,28.5,0.478,Dat do bazan,5,medium,0,
2020-09-21,2020-09-27,Dak Nong,Dak R'lap,Robusta / ca phe nhan xo noi dia,32900,,0,interpolated_area,23.214,91.571,90.8,0.497,Dat do bazan,4,low,0,
2020-09-21,2020-09-27,Dak Nong,Gia Nghia,Robusta / ca phe nhan xo noi dia,32900,,0,interpolated_area,22.957,91.143,71.6,0.495,Dat do bazan,4,low,0,
2020-09-21,2020-09-27,Gia Lai,Chu Prong,Robusta / ca phe nhan xo noi dia,32230,,0,interpolated_area,25.1,85.857,46.5,0.488,Dat do bazan,4,low,0,
2020-09-21,2020-09-27,Gia Lai,Ia Grai,Robusta / ca phe nhan xo noi dia,32300,,0,interpolated_area,25.657,85.857,51.3,0.484,Dat do bazan,4,low,0,
2020-09-21,2020-09-27,Gia Lai,Pleiku,Robusta / ca phe nhan xo noi dia,32300,,0,interpolated_area,23.214,88.143,38.6,0.49,Dat do bazan,4,low,0,
2020-09-21,2020-09-27,Kon Tum,Kon Tum,Robusta / ca phe nhan xo noi dia,32130,,0,interpolated_area,24.057,88.0,27.5,0.482,Dat do vang / dat bazan cuc bo,3,low,0,
2020-09-21,2020-09-27,Lam Dong,Bao Loc,Robusta / ca phe nhan xo noi dia,31900,,0,interpolated_area,22.071,91.286,53.6,0.495,Dat do vang tren bazan,4,low,0,
2020-09-21,2020-09-27,Lam Dong,Di Linh,Robusta / ca phe nhan xo noi dia,31830,,0,interpolated_area,21.571,90.571,46.6,0.494,Dat do vang tren bazan,4,medium,0,
2020-09-21,2020-09-27,Lam Dong,Lam Ha,Robusta / ca phe nhan xo noi dia,31865,,0,interpolated_area,21.886,88.286,34.7,0.497,Dat do vang tren bazan,4,low,0,
2020-09-28,2020-10-04,Dak Lak,Buon Ho,Robusta / ca phe nhan xo noi dia,32538,,0,interpolated_area,23.429,89.571,120.1,0.477,Dat do bazan,5,medium,0,
2020-09-28,2020-10-04,Dak Lak,Cu M'gar,Robusta / ca phe nhan xo noi dia,32598,,0,interpolated_area,24.786,86.857,109.7,0.491,Dat do bazan,5,high,0,
2020-09-28,2020-10-04,Dak Lak,Ea H'leo,Robusta / ca phe nhan xo noi dia,32508,,0,interpolated_area,23.971,87.714,48.1,0.489,Dat do bazan,5,medium,0,
2020-09-28,2020-10-04,Dak Nong,Dak R'lap,Robusta / ca phe nhan xo noi dia,32900,,0,interpolated_area,22.9,93.0,84.6,0.498,Dat do bazan,4,low,0,
2020-09-28,2020-10-04,Dak Nong,Gia Nghia,Robusta / ca phe nhan xo noi dia,32900,,0,interpolated_area,22.814,92.143,88.7,0.497,Dat do bazan,4,low,0,
2020-09-28,2020-10-04,Gia Lai,Chu Prong,Robusta / ca phe nhan xo noi dia,32325,,0,interpolated_area,24.743,88.286,64.9,0.487,Dat do bazan,4,low,0,
2020-09-28,2020-10-04,Gia Lai,Ia Grai,Robusta / ca phe nhan xo noi dia,32400,,0,interpolated_area,25.429,88.143,68.5,0.487,Dat do bazan,4,low,0,
2020-09-28,2020-10-04,Gia Lai,Pleiku,Robusta / ca phe nhan xo noi dia,32400,,0,interpolated_area,22.929,90.143,45.2,0.493,Dat do bazan,4,low,0,
2020-09-28,2020-10-04,Kon Tum,Kon Tum,Robusta / ca phe nhan xo noi dia,32225,,0,interpolated_area,24.086,88.143,43.9,0.469,Dat do vang / dat bazan cuc bo,3,low,0,
2020-09-28,2020-10-04,Lam Dong,Bao Loc,Robusta / ca phe nhan xo noi dia,32000,,0,interpolated_area,21.957,91.714,67.5,0.492,Dat do vang tren bazan,4,low,0,
2020-09-28,2020-10-04,Lam Dong,Di Linh,Robusta / ca phe nhan xo noi dia,31925,,0,interpolated_area,21.471,92.0,77.2,0.495,Dat do vang tren bazan,4,medium,0,
2020-09-28,2020-10-04,Lam Dong,Lam Ha,Robusta / ca phe nhan xo noi dia,31962,,0,interpolated_area,21.857,89.571,102.7,0.496,Dat do vang tren bazan,4,low,0,
2020-10-05,2020-10-11,Dak Lak,Buon Ho,Robusta / ca phe nhan xo noi dia,32630,,0,interpolated_area,22.486,92.143,104.4,0.501,Dat do bazan,5,medium,0,
2020-10-05,2020-10-11,Dak Lak,Cu M'gar,Robusta / ca phe nhan xo noi dia,32698,,0,interpolated_area,23.957,89.286,87.5,0.501,Dat do bazan,5,high,0,
2020-10-05,2020-10-11,Dak Lak,Ea H'leo,Robusta / ca phe nhan xo noi dia,32607,,0,interpolated_area,23.0,91.429,131.3,0.504,Dat do bazan,5,medium,0,
2020-10-05,2020-10-11,Dak Nong,Dak R'lap,Robusta / ca phe nhan xo noi dia,32900,,0,interpolated_area,22.471,95.571,103.0,0.505,Dat do bazan,4,low,0,
2020-10-05,2020-10-11,Dak Nong,Gia Nghia,Robusta / ca phe nhan xo noi dia,32900,,0,interpolated_area,22.314,94.714,87.6,0.507,Dat do bazan,4,low,0,
2020-10-05,2020-10-11,Gia Lai,Chu Prong,Robusta / ca phe nhan xo noi dia,32420,,0,interpolated_area,23.814,91.571,175.3,0.504,Dat do bazan,4,low,0,
2020-10-05,2020-10-11,Gia Lai,Ia Grai,Robusta / ca phe nhan xo noi dia,32500,,0,interpolated_area,24.6,91.571,167.5,0.505,Dat do bazan,4,low,0,
2020-10-05,2020-10-11,Gia Lai,Pleiku,Robusta / ca phe nhan xo noi dia,32500,,0,interpolated_area,22.271,91.0,206.0,0.503,Dat do bazan,4,low,0,
2020-10-05,2020-10-11,Kon Tum,Kon Tum,Robusta / ca phe nhan xo noi dia,32320,,0,interpolated_area,23.4,90.0,202.8,0.497,Dat do vang / dat bazan cuc bo,3,low,0,
2020-10-05,2020-10-11,Lam Dong,Bao Loc,Robusta / ca phe nhan xo noi dia,32100,,0,interpolated_area,21.486,93.857,94.6,0.505,Dat do vang tren bazan,4,low,0,
2020-10-05,2020-10-11,Lam Dong,Di Linh,Robusta / ca phe nhan xo noi dia,32020,,0,interpolated_area,20.957,94.571,114.7,0.506,Dat do vang tren bazan,4,medium,0,
2020-10-05,2020-10-11,Lam Dong,Lam Ha,Robusta / ca phe nhan xo noi dia,32060,,0,interpolated_area,21.486,91.286,142.9,0.506,Dat do vang tren bazan,4,low,0,
2020-10-12,2020-10-18,Dak Lak,Buon Ho,Robusta / ca phe nhan xo noi dia,32722,,0,interpolated_area,22.8,90.286,229.7,0.497,Dat do bazan,5,medium,0,
2020-10-12,2020-10-18,Dak Lak,Cu M'gar,Robusta / ca phe nhan xo noi dia,32799,,0,interpolated_area,23.843,89.714,182.5,0.495,Dat do bazan,5,high,0,
2020-10-12,2020-10-18,Dak Lak,Ea H'leo,Robusta / ca phe nhan xo noi dia,32705,,0,interpolated_area,23.143,89.286,85.2,0.498,Dat do bazan,5,medium,0,
2020-10-12,2020-10-18,Dak Nong,Dak R'lap,Robusta / ca phe nhan xo noi dia,32900,,0,interpolated_area,22.086,97.429,201.3,0.505,Dat do bazan,4,low,0,
2020-10-12,2020-10-18,Dak Nong,Gia Nghia,Robusta / ca phe nhan xo noi dia,32900,,0,interpolated_area,22.014,96.0,174.2,0.501,Dat do bazan,4,low,0,
2020-10-12,2020-10-18,Gia Lai,Chu Prong,Robusta / ca phe nhan xo noi dia,32515,,0,interpolated_area,23.571,91.0,104.5,0.492,Dat do bazan,4,low,0,
2020-10-12,2020-10-18,Gia Lai,Ia Grai,Robusta / ca phe nhan xo noi dia,32600,,0,interpolated_area,24.171,91.571,160.4,0.496,Dat do bazan,4,low,0,
2020-10-12,2020-10-18,Gia Lai,Pleiku,Robusta / ca phe nhan xo noi dia,32600,,0,interpolated_area,22.071,92.0,118.9,0.499,Dat do bazan,4,low,0,
2020-10-12,2020-10-18,Kon Tum,Kon Tum,Robusta / ca phe nhan xo noi dia,32415,,0,interpolated_area,23.286,90.429,110.9,0.492,Dat do vang / dat bazan cuc bo,3,low,0,
2020-10-12,2020-10-18,Lam Dong,Bao Loc,Robusta / ca phe nhan xo noi dia,32200,,0,interpolated_area,21.343,94.714,111.4,0.508,Dat do vang tren bazan,4,low,0,
2020-10-12,2020-10-18,Lam Dong,Di Linh,Robusta / ca phe nhan xo noi dia,32115,,0,interpolated_area,20.786,95.857,174.3,0.508,Dat do vang tren bazan,4,medium,0,
2020-10-12,2020-10-18,Lam Dong,Lam Ha,Robusta / ca phe nhan xo noi dia,32158,,0,interpolated_area,21.257,92.286,154.8,0.503,Dat do vang tren bazan,4,low,0,
2020-10-19,2020-10-25,Dak Lak,Buon Ho,Robusta / ca phe nhan xo noi dia,32815,,0,interpolated_area,22.329,87.571,20.4,0.471,Dat do bazan,5,medium,0,
2020-10-19,2020-10-25,Dak Lak,Cu M'gar,Robusta / ca phe nhan xo noi dia,32899,,0,interpolated_area,23.971,83.429,29.1,0.469,Dat do bazan,5,high,0,
2020-10-19,2020-10-25,Dak Lak,Ea H'leo,Robusta / ca phe nhan xo noi dia,32803,,0,interpolated_area,22.871,84.571,74.2,0.472,Dat do bazan,5,medium,0,
2020-10-19,2020-10-25,Dak Nong,Dak R'lap,Robusta / ca phe nhan xo noi dia,32900,,0,interpolated_area,22.8,90.429,62.4,0.492,Dat do bazan,4,low,0,
2020-10-19,2020-10-25,Dak Nong,Gia Nghia,Robusta / ca phe nhan xo noi dia,32900,,0,interpolated_area,22.686,89.571,60.1,0.485,Dat do bazan,4,low,0,
2020-10-19,2020-10-25,Gia Lai,Chu Prong,Robusta / ca phe nhan xo noi dia,32610,,0,interpolated_area,23.9,83.714,35.5,0.472,Dat do bazan,4,low,0,
2020-10-19,2020-10-25,Gia Lai,Ia Grai,Robusta / ca phe nhan xo noi dia,32700,,0,interpolated_area,24.586,84.714,25.9,0.474,Dat do bazan,4,low,0,
2020-10-19,2020-10-25,Gia Lai,Pleiku,Robusta / ca phe nhan xo noi dia,32700,,0,interpolated_area,22.114,85.857,49.2,0.475,Dat do bazan,4,low,0,
2020-10-19,2020-10-25,Kon Tum,Kon Tum,Robusta / ca phe nhan xo noi dia,32510,,0,interpolated_area,22.714,84.714,18.3,0.454,Dat do vang / dat bazan cuc bo,3,low,0,
2020-10-19,2020-10-25,Lam Dong,Bao Loc,Robusta / ca phe nhan xo noi dia,32300,,0,interpolated_area,21.657,91.0,59.1,0.49,Dat do vang tren bazan,4,low,0,
2020-10-19,2020-10-25,Lam Dong,Di Linh,Robusta / ca phe nhan xo noi dia,32210,,0,interpolated_area,21.157,91.143,54.9,0.492,Dat do vang tren bazan,4,medium,0,
2020-10-19,2020-10-25,Lam Dong,Lam Ha,Robusta / ca phe nhan xo noi dia,32255,,0,interpolated_area,21.657,88.571,59.4,0.496,Dat do vang tren bazan,4,low,0,
2020-10-26,2020-11-01,Dak Lak,Buon Ho,Robusta / ca phe nhan xo noi dia,32908,,0,interpolated_area,22.329,87.714,77.7,0.468,Dat do bazan,5,medium,0,
2020-10-26,2020-11-01,Dak Lak,Cu M'gar,Robusta / ca phe nhan xo noi dia,33000,,0,interpolated_area,23.914,83.857,50.9,0.459,Dat do bazan,5,high,0,
2020-10-26,2020-11-01,Dak Lak,Ea H'leo,Robusta / ca phe nhan xo noi dia,32902,,0,interpolated_area,22.886,85.143,107.5,0.465,Dat do bazan,5,medium,0,
2020-10-26,2020-11-01,Dak Nong,Dak R'lap,Robusta / ca phe nhan xo noi dia,32900,,0,interpolated_area,22.729,88.571,22.0,0.477,Dat do bazan,4,low,0,
2020-10-26,2020-11-01,Dak Nong,Gia Nghia,Robusta / ca phe nhan xo noi dia,32900,,0,interpolated_area,22.529,88.429,20.3,0.477,Dat do bazan,4,low,0,
2020-10-26,2020-11-01,Gia Lai,Chu Prong,Robusta / ca phe nhan xo noi dia,32705,,0,interpolated_area,23.8,82.429,140.1,0.46,Dat do bazan,4,low,0,
2020-10-26,2020-11-01,Gia Lai,Ia Grai,Robusta / ca phe nhan xo noi dia,32800,,0,interpolated_area,24.3,82.714,149.9,0.472,Dat do bazan,4,low,0,
2020-10-26,2020-11-01,Gia Lai,Pleiku,Robusta / ca phe nhan xo noi dia,32800,,0,interpolated_area,21.729,86.286,136.9,0.466,Dat do bazan,4,low,0,
2020-10-26,2020-11-01,Kon Tum,Kon Tum,Robusta / ca phe nhan xo noi dia,32605,,0,interpolated_area,22.657,84.0,111.4,0.453,Dat do vang / dat bazan cuc bo,3,low,0,
2020-10-26,2020-11-01,Lam Dong,Bao Loc,Robusta / ca phe nhan xo noi dia,32400,,0,interpolated_area,21.357,90.857,38.8,0.487,Dat do vang tren bazan,4,low,0,
2020-10-26,2020-11-01,Lam Dong,Di Linh,Robusta / ca phe nhan xo noi dia,32305,,0,interpolated_area,20.829,90.286,42.3,0.493,Dat do vang tren bazan,4,medium,0,
2020-10-26,2020-11-01,Lam Dong,Lam Ha,Robusta / ca phe nhan xo noi dia,32352,,0,interpolated_area,21.014,88.714,39.8,0.485,Dat do vang tren bazan,4,low,0,
2020-11-02,2020-11-08,Dak Lak,Buon Ho,Robusta / ca phe nhan xo noi dia,33000,33000.0,1,observed,21.686,85.143,17.6,0.443,Dat do bazan,5,medium,1,Nong Nghiep Moi Truong
2020-11-02,2020-11-08,Dak Lak,Cu M'gar,Robusta / ca phe nhan xo noi dia,33100,33100.0,1,observed,23.429,79.714,7.6,0.433,Dat do bazan,5,high,1,Nong Nghiep Moi Truong
2020-11-02,2020-11-08,Dak Lak,Ea H'leo,Robusta / ca phe nhan xo noi dia,33000,33000.0,1,observed,22.157,82.0,41.4,0.451,Dat do bazan,5,medium,1,Nong Nghiep Moi Truong
2020-11-02,2020-11-08,Dak Nong,Dak R'lap,Robusta / ca phe nhan xo noi dia,32900,32900.0,1,observed,22.6,82.0,15.7,0.441,Dat do bazan,4,low,1,Nong Nghiep Moi Truong
2020-11-02,2020-11-08,Dak Nong,Gia Nghia,Robusta / ca phe nhan xo noi dia,32900,32900.0,1,observed,22.357,80.857,14.2,0.42,Dat do bazan,4,low,1,Nong Nghiep Moi Truong
2020-11-02,2020-11-08,Gia Lai,Chu Prong,Robusta / ca phe nhan xo noi dia,32800,32800.0,1,observed,23.614,76.714,32.8,0.421,Dat do bazan,4,low,1,Nong Nghiep Moi Truong
2020-11-02,2020-11-08,Gia Lai,Ia Grai,Robusta / ca phe nhan xo noi dia,32900,32900.0,1,observed,24.214,76.714,42.8,0.447,Dat do bazan,4,low,1,Nong Nghiep Moi Truong
2020-11-02,2020-11-08,Gia Lai,Pleiku,Robusta / ca phe nhan xo noi dia,32900,32900.0,1,observed,21.5,80.429,27.6,0.44,Dat do bazan,4,low,1,Nong Nghiep Moi Truong
2020-11-02,2020-11-08,Kon Tum,Kon Tum,Robusta / ca phe nhan xo noi dia,32700,32700.0,1,observed,21.871,83.429,49.4,0.447,Dat do vang / dat bazan cuc bo,3,low,1,Nong Nghiep Moi Truong
2020-11-02,2020-11-08,Lam Dong,Bao Loc,Robusta / ca phe nhan xo noi dia,32500,32500.0,1,observed,20.857,86.0,16.6,0.439,Dat do vang tren bazan,4,low,1,Nong Nghiep Moi Truong
2020-11-02,2020-11-08,Lam Dong,Di Linh,Robusta / ca phe nhan xo noi dia,32400,32400.0,1,observed,20.857,84.857,18.4,0.461,Dat do vang tren bazan,4,medium,1,Nong Nghiep Moi Truong
2020-11-02,2020-11-08,Lam Dong,Lam Ha,Robusta / ca phe nhan xo noi dia,32450,,0,province_proxy,20.443,83.857,18.3,0.462,Dat do vang tren bazan,4,low,0,
2020-11-09,2020-11-15,Dak Lak,Buon Ho,Robusta / ca phe nhan xo noi dia,33900,33900.0,5,observed,21.671,86.429,149.4,0.458,Dat do bazan,5,medium,5,Nong Nghiep Moi Truong
2020-11-09,2020-11-15,Dak Lak,Cu M'gar,Robusta / ca phe nhan xo noi dia,33900,,0,province_proxy,23.214,82.429,162.4,0.463,Dat do bazan,5,high,0,
2020-11-09,2020-11-15,Dak Lak,Ea H'leo,Robusta / ca phe nhan xo noi dia,33900,33900.0,5,observed,22.171,83.571,121.2,0.472,Dat do bazan,5,medium,5,Nong Nghiep Moi Truong
2020-11-09,2020-11-15,Dak Nong,Dak R'lap,Robusta / ca phe nhan xo noi dia,33010,,0,interpolated_area,22.229,85.143,62.4,0.468,Dat do bazan,4,low,0,
2020-11-09,2020-11-15,Dak Nong,Gia Nghia,Robusta / ca phe nhan xo noi dia,33010,,0,interpolated_area,22.014,85.0,63.3,0.461,Dat do bazan,4,low,0,
2020-11-09,2020-11-15,Gia Lai,Chu Prong,Robusta / ca phe nhan xo noi dia,33780,,0,province_proxy,23.457,79.0,90.9,0.454,Dat do bazan,4,low,0,
2020-11-09,2020-11-15,Gia Lai,Ia Grai,Robusta / ca phe nhan xo noi dia,33780,33780.0,5,observed,24.029,79.143,85.5,0.465,Dat do bazan,4,low,5,Nong Nghiep Moi Truong
2020-11-09,2020-11-15,Gia Lai,Pleiku,Robusta / ca phe nhan xo noi dia,33780,33780.0,5,observed,21.414,82.571,118.8,0.466,Dat do bazan,4,low,5,Nong Nghiep Moi Truong
2020-11-09,2020-11-15,Kon Tum,Kon Tum,Robusta / ca phe nhan xo noi dia,33540,33540.0,5,observed,21.971,83.714,50.2,0.472,Dat do vang / dat bazan cuc bo,3,low,5,Nong Nghiep Moi Truong
2020-11-09,2020-11-15,Lam Dong,Bao Loc,Robusta / ca phe nhan xo noi dia,33280,33280.0,5,observed,20.771,87.571,26.6,0.465,Dat do vang tren bazan,4,low,5,Nong Nghiep Moi Truong
2020-11-09,2020-11-15,Lam Dong,Di Linh,Robusta / ca phe nhan xo noi dia,33280,33280.0,5,observed,20.486,88.429,34.4,0.479,Dat do vang tren bazan,4,medium,5,Nong Nghiep Moi Truong
2020-11-09,2020-11-15,Lam Dong,Lam Ha,Robusta / ca phe nhan xo noi dia,33280,33280.0,5,observed,20.586,86.571,42.2,0.477,Dat do vang tren bazan,4,low,5,Nong Nghiep Moi Truong
2020-11-16,2020-11-22,Dak Lak,Buon Ho,Robusta / ca phe nhan xo noi dia,33880,33880.0,5,observed,22.329,87.143,0.7,0.36,Dat do bazan,5,medium,5,Nong Nghiep Moi Truong
2020-11-16,2020-11-22,Dak Lak,Cu M'gar,Robusta / ca phe nhan xo noi dia,33880,,0,province_proxy,24.314,80.286,0.1,0.364,Dat do bazan,5,high,0,
2020-11-16,2020-11-22,Dak Lak,Ea H'leo,Robusta / ca phe nhan xo noi dia,33880,33880.0,5,observed,23.243,81.429,0.4,0.387,Dat do bazan,5,medium,5,Nong Nghiep Moi Truong
2020-11-16,2020-11-22,Dak Nong,Dak R'lap,Robusta / ca phe nhan xo noi dia,33119,,0,interpolated_area,23.4,84.571,4.7,0.423,Dat do bazan,4,low,0,
2020-11-16,2020-11-22,Dak Nong,Gia Nghia,Robusta / ca phe nhan xo noi dia,33119,,0,interpolated_area,23.286,83.0,8.1,0.4,Dat do bazan,4,low,0,
2020-11-16,2020-11-22,Gia Lai,Chu Prong,Robusta / ca phe nhan xo noi dia,33800,,0,province_proxy,24.786,74.714,0.1,0.345,Dat do bazan,4,low,0,
2020-11-16,2020-11-22,Gia Lai,Ia Grai,Robusta / ca phe nhan xo noi dia,33800,33800.0,5,observed,25.443,75.286,0.6,0.384,Dat do bazan,4,low,5,Nong Nghiep Moi Truong
2020-11-16,2020-11-22,Gia Lai,Pleiku,Robusta / ca phe nhan xo noi dia,33800,33800.0,5,observed,22.3,81.714,0.3,0.386,Dat do bazan,4,low,5,Nong Nghiep Moi Truong
2020-11-16,2020-11-22,Kon Tum,Kon Tum,Robusta / ca phe nhan xo noi dia,33720,33720.0,5,observed,23.0,81.714,1.0,0.407,Dat do vang / dat bazan cuc bo,3,low,5,Nong Nghiep Moi Truong
2020-11-16,2020-11-22,Lam Dong,Bao Loc,Robusta / ca phe nhan xo noi dia,33300,33300.0,5,observed,21.629,85.429,9.6,0.409,Dat do vang tren bazan,4,low,5,Nong Nghiep Moi Truong
2020-11-16,2020-11-22,Lam Dong,Di Linh,Robusta / ca phe nhan xo noi dia,33300,33300.0,5,observed,21.657,81.143,9.7,0.413,Dat do vang tren bazan,4,medium,5,Nong Nghiep Moi Truong
2020-11-16,2020-11-22,Lam Dong,Lam Ha,Robusta / ca phe nhan xo noi dia,33300,33300.0,5,observed,21.0,83.571,6.6,0.416,Dat do vang tren bazan,4,low,5,Nong Nghiep Moi Truong
2020-11-23,2020-11-29,Dak Lak,Buon Ho,Robusta / ca phe nhan xo noi dia,33315,,0,interpolated_area,21.514,86.714,26.8,0.318,Dat do bazan,5,medium,0,
2020-11-23,2020-11-29,Dak Lak,Cu M'gar,Robusta / ca phe nhan xo noi dia,33315,,0,interpolated_area,23.314,80.286,19.8,0.312,Dat do bazan,5,high,0,
2020-11-23,2020-11-29,Dak Lak,Ea H'leo,Robusta / ca phe nhan xo noi dia,33315,,0,interpolated_area,21.871,85.143,26.3,0.357,Dat do bazan,5,medium,0,
2020-11-23,2020-11-29,Dak Nong,Dak R'lap,Robusta / ca phe nhan xo noi dia,33229,,0,interpolated_area,22.529,80.571,30.4,0.423,Dat do bazan,4,low,0,
2020-11-23,2020-11-29,Dak Nong,Gia Nghia,Robusta / ca phe nhan xo noi dia,33229,,0,interpolated_area,22.243,81.143,36.8,0.383,Dat do bazan,4,low,0,
2020-11-23,2020-11-29,Gia Lai,Chu Prong,Robusta / ca phe nhan xo noi dia,33325,,0,interpolated_area,24.114,70.857,10.9,0.251,Dat do bazan,4,low,0,
2020-11-23,2020-11-29,Gia Lai,Ia Grai,Robusta / ca phe nhan xo noi dia,33325,,0,interpolated_area,25.029,68.857,8.3,0.309,Dat do bazan,4,low,0,
2020-11-23,2020-11-29,Gia Lai,Pleiku,Robusta / ca phe nhan xo noi dia,33325,,0,interpolated_area,21.643,77.286,9.9,0.311,Dat do bazan,4,low,0,
2020-11-23,2020-11-29,Kon Tum,Kon Tum,Robusta / ca phe nhan xo noi dia,33185,,0,interpolated_area,21.971,78.286,22.5,0.321,Dat do vang / dat bazan cuc bo,3,low,0,
2020-11-23,2020-11-29,Lam Dong,Bao Loc,Robusta / ca phe nhan xo noi dia,32825,,0,interpolated_area,20.729,86.143,23.1,0.391,Dat do vang tren bazan,4,low,0,
2020-11-23,2020-11-29,Lam Dong,Di Linh,Robusta / ca phe nhan xo noi dia,32825,,0,interpolated_area,20.686,79.286,36.5,0.389,Dat do vang tren bazan,4,medium,0,
2020-11-23,2020-11-29,Lam Dong,Lam Ha,Robusta / ca phe nhan xo noi dia,32825,,0,interpolated_area,20.5,81.714,44.3,0.408,Dat do vang tren bazan,4,low,0,
2020-11-30,2020-12-06,Dak Lak,Buon Ho,Robusta / ca phe nhan xo noi dia,32750,32750.0,2,observed,19.5,86.429,25.5,0.459,Dat do bazan,5,medium,2,Nong Nghiep Moi Truong
2020-11-30,2020-12-06,Dak Lak,Cu M'gar,Robusta / ca phe nhan xo noi dia,32750,,0,province_proxy,21.343,80.429,18.4,0.449,Dat do bazan,5,high,0,
2020-11-30,2020-12-06,Dak Lak,Ea H'leo,Robusta / ca phe nhan xo noi dia,32750,32750.0,2,observed,19.929,83.714,27.7,0.465,Dat do bazan,5,medium,2,Nong Nghiep Moi Truong
2020-11-30,2020-12-06,Dak Nong,Dak R'lap,Robusta / ca phe nhan xo noi dia,33339,,0,interpolated_area,21.243,78.571,6.5,0.445,Dat do bazan,4,low,0,
2020-11-30,2020-12-06,Dak Nong,Gia Nghia,Robusta / ca phe nhan xo noi dia,33339,,0,interpolated_area,20.771,80.429,8.7,0.438,Dat do bazan,4,low,0,
2020-11-30,2020-12-06,Gia Lai,Chu Prong,Robusta / ca phe nhan xo noi dia,32850,,0,province_proxy,22.1,70.571,6.9,0.325,Dat do bazan,4,low,0,
2020-11-30,2020-12-06,Gia Lai,Ia Grai,Robusta / ca phe nhan xo noi dia,32850,32850.0,2,observed,23.157,68.0,4.7,0.358,Dat do bazan,4,low,2,Nong Nghiep Moi Truong
2020-11-30,2020-12-06,Gia Lai,Pleiku,Robusta / ca phe nhan xo noi dia,32850,32850.0,2,observed,19.814,76.0,7.8,0.391,Dat do bazan,4,low,2,Nong Nghiep Moi Truong
2020-11-30,2020-12-06,Kon Tum,Kon Tum,Robusta / ca phe nhan xo noi dia,32650,32650.0,2,observed,20.214,77.714,20.8,0.403,Dat do vang / dat bazan cuc bo,3,low,2,Nong Nghiep Moi Truong
2020-11-30,2020-12-06,Lam Dong,Bao Loc,Robusta / ca phe nhan xo noi dia,32350,32350.0,2,observed,19.643,85.714,13.0,0.428,Dat do vang tren bazan,4,low,2,Nong Nghiep Moi Truong
2020-11-30,2020-12-06,Lam Dong,Di Linh,Robusta / ca phe nhan xo noi dia,32350,32350.0,2,observed,19.443,84.286,17.8,0.455,Dat do vang tren bazan,4,medium,2,Nong Nghiep Moi Truong
2020-11-30,2020-12-06,Lam Dong,Lam Ha,Robusta / ca phe nhan xo noi dia,32350,32350.0,2,observed,19.757,81.286,21.3,0.456,Dat do vang tren bazan,4,low,2,Nong Nghiep Moi Truong
2020-12-07,2020-12-13,Dak Lak,Buon Ho,Robusta / ca phe nhan xo noi dia,32350,32350.0,4,observed,20.486,89.286,5.0,0.429,Dat do bazan,5,medium,4,Nong Nghiep Moi Truong
2020-12-07,2020-12-13,Dak Lak,Cu M'gar,Robusta / ca phe nhan xo noi dia,32350,,0,province_proxy,22.429,82.571,10.6,0.416,Dat do bazan,5,high,0,
2020-12-07,2020-12-13,Dak Lak,Ea H'leo,Robusta / ca phe nhan xo noi dia,32350,32350.0,4,observed,21.329,83.286,3.1,0.4,Dat do bazan,5,medium,4,Nong Nghiep Moi Truong
2020-12-07,2020-12-13,Dak Nong,Dak R'lap,Robusta / ca phe nhan xo noi dia,33448,,0,interpolated_area,22.1,84.143,16.7,0.42,Dat do bazan,4,low,0,
2020-12-07,2020-12-13,Dak Nong,Gia Nghia,Robusta / ca phe nhan xo noi dia,33448,,0,interpolated_area,21.643,84.0,10.1,0.407,Dat do bazan,4,low,0,
2020-12-07,2020-12-13,Gia Lai,Chu Prong,Robusta / ca phe nhan xo noi dia,32250,,0,province_proxy,23.843,71.143,5.6,0.272,Dat do bazan,4,low,0,
2020-12-07,2020-12-13,Gia Lai,Ia Grai,Robusta / ca phe nhan xo noi dia,32250,32250.0,4,observed,24.643,70.429,6.7,0.321,Dat do bazan,4,low,4,Nong Nghiep Moi Truong
2020-12-07,2020-12-13,Gia Lai,Pleiku,Robusta / ca phe nhan xo noi dia,32250,32250.0,4,observed,21.571,76.286,4.8,0.318,Dat do bazan,4,low,4,Nong Nghiep Moi Truong
2020-12-07,2020-12-13,Kon Tum,Kon Tum,Robusta / ca phe nhan xo noi dia,32050,32050.0,4,observed,21.871,78.0,1.4,0.336,Dat do vang / dat bazan cuc bo,3,low,4,Nong Nghiep Moi Truong
2020-12-07,2020-12-13,Lam Dong,Bao Loc,Robusta / ca phe nhan xo noi dia,31900,31900.0,4,observed,20.171,90.143,17.4,0.45,Dat do vang tren bazan,4,low,4,Nong Nghiep Moi Truong
2020-12-07,2020-12-13,Lam Dong,Di Linh,Robusta / ca phe nhan xo noi dia,31900,31900.0,4,observed,20.314,88.143,35.4,0.478,Dat do vang tren bazan,4,medium,4,Nong Nghiep Moi Truong
2020-12-07,2020-12-13,Lam Dong,Lam Ha,Robusta / ca phe nhan xo noi dia,31900,31900.0,4,observed,20.457,86.571,22.9,0.471,Dat do vang tren bazan,4,low,4,Nong Nghiep Moi Truong
2020-12-14,2020-12-20,Dak Lak,Buon Ho,Robusta / ca phe nhan xo noi dia,32843,32842.857142857145,7,observed,20.743,86.0,3.9,0.367,Dat do bazan,5,medium,7,Nong Nghiep Moi Truong
2020-12-14,2020-12-20,Dak Lak,Cu M'gar,Robusta / ca phe nhan xo noi dia,32843,,0,province_proxy,22.757,78.143,0.7,0.345,Dat do bazan,5,high,0,
2020-12-14,2020-12-20,Dak Lak,Ea H'leo,Robusta / ca phe nhan xo noi dia,32843,32842.857142857145,7,observed,21.0,83.857,11.1,0.374,Dat do bazan,5,medium,7,Nong Nghiep Moi Truong
2020-12-14,2020-12-20,Dak Nong,Dak R'lap,Robusta / ca phe nhan xo noi dia,33558,,0,interpolated_area,22.514,78.429,3.8,0.405,Dat do bazan,4,low,0,
2020-12-14,2020-12-20,Dak Nong,Gia Nghia,Robusta / ca phe nhan xo noi dia,33558,,0,interpolated_area,21.971,80.286,2.3,0.391,Dat do bazan,4,low,0,
2020-12-14,2020-12-20,Gia Lai,Chu Prong,Robusta / ca phe nhan xo noi dia,32971,,0,province_proxy,23.929,66.286,1.0,0.246,Dat do bazan,4,low,0,
2020-12-14,2020-12-20,Gia Lai,Ia Grai,Robusta / ca phe nhan xo noi dia,32971,32971.42857142857,7,observed,24.771,65.143,1.0,0.303,Dat do bazan,4,low,7,Nong Nghiep Moi Truong
2020-12-14,2020-12-20,Gia Lai,Pleiku,Robusta / ca phe nhan xo noi dia,32971,32971.42857142857,7,observed,21.071,74.429,2.3,0.297,Dat do bazan,4,low,7,Nong Nghiep Moi Truong
2020-12-14,2020-12-20,Kon Tum,Kon Tum,Robusta / ca phe nhan xo noi dia,32843,32842.857142857145,7,observed,21.971,73.0,0.9,0.3,Dat do vang / dat bazan cuc bo,3,low,7,Nong Nghiep Moi Truong
2020-12-14,2020-12-20,Lam Dong,Bao Loc,Robusta / ca phe nhan xo noi dia,32671,32671.428571428572,7,observed,20.371,88.143,14.9,0.454,Dat do vang tren bazan,4,low,7,Nong Nghiep Moi Truong
2020-12-14,2020-12-20,Lam Dong,Di Linh,Robusta / ca phe nhan xo noi dia,32671,32671.428571428572,7,observed,20.329,84.571,14.2,0.459,Dat do vang tren bazan,4,medium,7,Nong Nghiep Moi Truong
2020-12-14,2020-12-20,Lam Dong,Lam Ha,Robusta / ca phe nhan xo noi dia,32671,32671.428571428572,7,observed,20.557,82.857,11.7,0.452,Dat do vang tren bazan,4,low,7,Nong Nghiep Moi Truong
2020-12-21,2020-12-27,Dak Lak,Buon Ho,Robusta / ca phe nhan xo noi dia,32896,,0,interpolated_area,19.971,87.0,13.7,0.388,Dat do bazan,5,medium,0,
2020-12-21,2020-12-27,Dak Lak,Cu M'gar,Robusta / ca phe nhan xo noi dia,32896,,0,interpolated_area,21.986,79.714,10.4,0.381,Dat do bazan,5,high,0,
2020-12-21,2020-12-27,Dak Lak,Ea H'leo,Robusta / ca phe nhan xo noi dia,32896,,0,interpolated_area,20.629,82.571,5.9,0.365,Dat do bazan,5,medium,0,
2020-12-21,2020-12-27,Dak Nong,Dak R'lap,Robusta / ca phe nhan xo noi dia,33667,,0,interpolated_area,21.757,79.429,5.8,0.396,Dat do bazan,4,low,0,
2020-12-21,2020-12-27,Dak Nong,Gia Nghia,Robusta / ca phe nhan xo noi dia,33667,,0,interpolated_area,21.2,81.286,4.7,0.356,Dat do bazan,4,low,0,
2020-12-21,2020-12-27,Gia Lai,Chu Prong,Robusta / ca phe nhan xo noi dia,32936,,0,interpolated_area,23.7,66.286,0.1,0.219,Dat do bazan,4,low,0,
2020-12-21,2020-12-27,Gia Lai,Ia Grai,Robusta / ca phe nhan xo noi dia,32936,,0,interpolated_area,24.543,64.857,0.0,0.285,Dat do bazan,4,low,0,
2020-12-21,2020-12-27,Gia Lai,Pleiku,Robusta / ca phe nhan xo noi dia,32936,,0,interpolated_area,20.986,73.429,0.1,0.284,Dat do bazan,4,low,0,
2020-12-21,2020-12-27,Kon Tum,Kon Tum,Robusta / ca phe nhan xo noi dia,32821,,0,interpolated_area,21.6,73.286,0.0,0.28,Dat do vang / dat bazan cuc bo,3,low,0,
2020-12-21,2020-12-27,Lam Dong,Bao Loc,Robusta / ca phe nhan xo noi dia,32636,,0,interpolated_area,20.1,86.286,20.8,0.419,Dat do vang tren bazan,4,low,0,
2020-12-21,2020-12-27,Lam Dong,Di Linh,Robusta / ca phe nhan xo noi dia,32636,,0,interpolated_area,20.143,84.286,21.3,0.439,Dat do vang tren bazan,4,medium,0,
2020-12-21,2020-12-27,Lam Dong,Lam Ha,Robusta / ca phe nhan xo noi dia,32636,,0,interpolated_area,20.429,82.714,14.6,0.441,Dat do vang tren bazan,4,low,0,
2020-12-28,2021-01-03,Dak Lak,Buon Ho,Robusta / ca phe nhan xo noi dia,32950,32950.0,2,observed,18.471,84.857,4.9,0.345,Dat do bazan,5,medium,2,Nong Nghiep Moi Truong
2020-12-28,2021-01-03,Dak Lak,Cu M'gar,Robusta / ca phe nhan xo noi dia,32950,,0,province_proxy,20.586,76.714,5.2,0.343,Dat do bazan,5,high,0,
2020-12-28,2021-01-03,Dak Lak,Ea H'leo,Robusta / ca phe nhan xo noi dia,32950,32950.0,2,observed,19.129,78.0,1.1,0.312,Dat do bazan,5,medium,2,Nong Nghiep Moi Truong
2020-12-28,2021-01-03,Dak Nong,Dak R'lap,Robusta / ca phe nhan xo noi dia,33777,,0,interpolated_area,20.714,72.286,1.4,0.365,Dat do bazan,4,low,0,
2020-12-28,2021-01-03,Dak Nong,Gia Nghia,Robusta / ca phe nhan xo noi dia,33777,,0,interpolated_area,20.057,74.857,1.5,0.328,Dat do bazan,4,low,0,
2020-12-28,2021-01-03,Gia Lai,Chu Prong,Robusta / ca phe nhan xo noi dia,32900,,0,province_proxy,22.286,60.571,0.0,0.192,Dat do bazan,4,low,0,
2020-12-28,2021-01-03,Gia Lai,Ia Grai,Robusta / ca phe nhan xo noi dia,32900,32900.0,2,observed,23.043,58.857,0.0,0.263,Dat do bazan,4,low,2,Nong Nghiep Moi Truong
2020-12-28,2021-01-03,Gia Lai,Pleiku,Robusta / ca phe nhan xo noi dia,32900,32900.0,2,observed,19.414,67.857,0.0,0.274,Dat do bazan,4,low,2,Nong Nghiep Moi Truong
2020-12-28,2021-01-03,Kon Tum,Kon Tum,Robusta / ca phe nhan xo noi dia,32800,32800.0,2,observed,19.971,68.143,0.2,0.253,Dat do vang / dat bazan cuc bo,3,low,2,Nong Nghiep Moi Truong
2020-12-28,2021-01-03,Lam Dong,Bao Loc,Robusta / ca phe nhan xo noi dia,32600,32600.0,2,observed,18.671,82.714,7.8,0.387,Dat do vang tren bazan,4,low,2,Nong Nghiep Moi Truong
2020-12-28,2021-01-03,Lam Dong,Di Linh,Robusta / ca phe nhan xo noi dia,32600,32600.0,2,observed,19.1,80.286,8.4,0.408,Dat do vang tren bazan,4,medium,2,Nong Nghiep Moi Truong
2020-12-28,2021-01-03,Lam Dong,Lam Ha,Robusta / ca phe nhan xo noi dia,32600,32600.0,2,observed,18.943,80.143,6.0,0.432,Dat do vang tren bazan,4,low,2,Nong Nghiep Moi Truong
2021-01-04,2021-01-10,Dak Lak,Buon Ho,Robusta / ca phe nhan xo noi dia,31600,31600.0,1,observed,19.157,87.0,2.0,0.324,Dat do bazan,5,medium,1,Nong Nghiep Moi Truong
2021-01-04,2021-01-10,Dak Lak,Cu M'gar,Robusta / ca phe nhan xo noi dia,31600,,0,province_proxy,21.286,78.286,0.4,0.31,Dat do bazan,5,high,0,
2021-01-04,2021-01-10,Dak Lak,Ea H'leo,Robusta / ca phe nhan xo noi dia,31600,31600.0,1,observed,19.657,83.286,4.5,0.317,Dat do bazan,5,medium,1,Nong Nghiep Moi Truong
2021-01-04,2021-01-10,Dak Nong,Dak R'lap,Robusta / ca phe nhan xo noi dia,33887,,0,interpolated_area,21.614,74.0,1.1,0.346,Dat do bazan,4,low,0,
2021-01-04,2021-01-10,Dak Nong,Gia Nghia,Robusta / ca phe nhan xo noi dia,33887,,0,interpolated_area,20.957,77.0,1.5,0.306,Dat do bazan,4,low,0,
2021-01-04,2021-01-10,Gia Lai,Chu Prong,Robusta / ca phe nhan xo noi dia,31600,,0,province_proxy,22.743,64.429,0.0,0.192,Dat do bazan,4,low,0,
2021-01-04,2021-01-10,Gia Lai,Ia Grai,Robusta / ca phe nhan xo noi dia,31600,31600.0,1,observed,23.743,61.857,0.0,0.272,Dat do bazan,4,low,1,Nong Nghiep Moi Truong
2021-01-04,2021-01-10,Gia Lai,Pleiku,Robusta / ca phe nhan xo noi dia,31600,31600.0,1,observed,19.943,72.286,0.0,0.276,Dat do bazan,4,low,1,Nong Nghiep Moi Truong
2021-01-04,2021-01-10,Kon Tum,Kon Tum,Robusta / ca phe nhan xo noi dia,31500,31500.0,1,observed,20.357,72.0,0.0,0.253,Dat do vang / dat bazan cuc bo,3,low,1,Nong Nghiep Moi Truong
2021-01-04,2021-01-10,Lam Dong,Bao Loc,Robusta / ca phe nhan xo noi dia,31300,31300.0,1,observed,19.586,83.857,3.1,0.35,Dat do vang tren bazan,4,low,1,Nong Nghiep Moi Truong
2021-01-04,2021-01-10,Lam Dong,Di Linh,Robusta / ca phe nhan xo noi dia,31300,31300.0,1,observed,19.514,79.714,5.0,0.36,Dat do vang tren bazan,4,medium,1,Nong Nghiep Moi Truong
2021-01-04,2021-01-10,Lam Dong,Lam Ha,Robusta / ca phe nhan xo noi dia,31300,31300.0,1,observed,19.6,79.286,2.0,0.374,Dat do vang tren bazan,4,low,1,Nong Nghiep Moi Truong
2021-01-11,2021-01-17,Dak Lak,Buon Ho,Robusta / ca phe nhan xo noi dia,31829,31828.571428571428,7,observed,16.671,82.0,0.6,0.267,Dat do bazan,5,medium,7,Nong Nghiep Moi Truong
2021-01-11,2021-01-17,Dak Lak,Cu M'gar,Robusta / ca phe nhan xo noi dia,31829,,0,province_proxy,19.043,73.0,0.0,0.253,Dat do bazan,5,high,0,
2021-01-11,2021-01-17,Dak Lak,Ea H'leo,Robusta / ca phe nhan xo noi dia,31829,31828.571428571428,7,observed,17.614,74.857,0.2,0.274,Dat do bazan,5,medium,7,Nong Nghiep Moi Truong
2021-01-11,2021-01-17,Dak Nong,Dak R'lap,Robusta / ca phe nhan xo noi dia,33996,,0,interpolated_area,19.4,70.429,0.0,0.314,Dat do bazan,4,low,0,
2021-01-11,2021-01-17,Dak Nong,Gia Nghia,Robusta / ca phe nhan xo noi dia,33996,,0,interpolated_area,18.743,72.143,0.0,0.263,Dat do bazan,4,low,0,
2021-01-11,2021-01-17,Gia Lai,Chu Prong,Robusta / ca phe nhan xo noi dia,31843,,0,province_proxy,20.4,60.143,0.0,0.186,Dat do bazan,4,low,0,
2021-01-11,2021-01-17,Gia Lai,Ia Grai,Robusta / ca phe nhan xo noi dia,31843,31842.85714285714,7,observed,21.271,59.286,0.0,0.258,Dat do bazan,4,low,7,Nong Nghiep Moi Truong
2021-01-11,2021-01-17,Gia Lai,Pleiku,Robusta / ca phe nhan xo noi dia,31843,31842.85714285714,7,observed,17.471,68.429,0.0,0.27,Dat do bazan,4,low,7,Nong Nghiep Moi Truong
2021-01-11,2021-01-17,Kon Tum,Kon Tum,Robusta / ca phe nhan xo noi dia,31829,31828.571428571428,7,observed,18.186,68.143,0.0,0.245,Dat do vang / dat bazan cuc bo,3,low,7,Nong Nghiep Moi Truong
2021-01-11,2021-01-17,Lam Dong,Bao Loc,Robusta / ca phe nhan xo noi dia,31486,31485.714285714286,7,observed,17.886,75.857,0.0,0.291,Dat do vang tren bazan,4,low,7,Nong Nghiep Moi Truong
2021-01-11,2021-01-17,Lam Dong,Di Linh,Robusta / ca phe nhan xo noi dia,31486,31485.714285714286,7,observed,18.657,70.143,0.0,0.274,Dat do vang tren bazan,4,medium,7,Nong Nghiep Moi Truong
2021-01-11,2021-01-17,Lam Dong,Lam Ha,Robusta / ca phe nhan xo noi dia,31486,31485.714285714286,7,observed,17.871,73.143,0.0,0.306,Dat do vang tren bazan,4,low,7,Nong Nghiep Moi Truong
2021-01-18,2021-01-24,Dak Lak,Buon Ho,Robusta / ca phe nhan xo noi dia,32100,32100.0,1,observed,18.729,83.143,0.0,0.216,Dat do bazan,5,medium,1,Nong Nghiep Moi Truong
2021-01-18,2021-01-24,Dak Lak,Cu M'gar,Robusta / ca phe nhan xo noi dia,32100,,0,province_proxy,21.1,74.143,0.0,0.219,Dat do bazan,5,high,0,
2021-01-18,2021-01-24,Dak Lak,Ea H'leo,Robusta / ca phe nhan xo noi dia,32100,32100.0,1,observed,19.757,77.0,0.1,0.235,Dat do bazan,5,medium,1,Nong Nghiep Moi Truong
2021-01-18,2021-01-24,Dak Nong,Dak R'lap,Robusta / ca phe nhan xo noi dia,34106,,0,interpolated_area,21.029,77.429,8.9,0.317,Dat do bazan,4,low,0,
2021-01-18,2021-01-24,Dak Nong,Gia Nghia,Robusta / ca phe nhan xo noi dia,34106,,0,interpolated_area,20.757,75.857,2.9,0.25,Dat do bazan,4,low,0,
2021-01-18,2021-01-24,Gia Lai,Chu Prong,Robusta / ca phe nhan xo noi dia,32200,,0,province_proxy,22.371,64.286,0.1,0.183,Dat do bazan,4,low,0,
2021-01-18,2021-01-24,Gia Lai,Ia Grai,Robusta / ca phe nhan xo noi dia,32200,32200.0,1,observed,23.214,63.286,0.0,0.264,Dat do bazan,4,low,1,Nong Nghiep Moi Truong
2021-01-18,2021-01-24,Gia Lai,Pleiku,Robusta / ca phe nhan xo noi dia,32200,32200.0,1,observed,19.643,72.286,0.0,0.268,Dat do bazan,4,low,1,Nong Nghiep Moi Truong
2021-01-18,2021-01-24,Kon Tum,Kon Tum,Robusta / ca phe nhan xo noi dia,32100,32100.0,1,observed,20.286,71.286,0.6,0.249,Dat do vang / dat bazan cuc bo,3,low,1,Nong Nghiep Moi Truong
2021-01-18,2021-01-24,Lam Dong,Bao Loc,Robusta / ca phe nhan xo noi dia,31800,31800.0,1,observed,19.586,82.429,13.9,0.312,Dat do vang tren bazan,4,low,1,Nong Nghiep Moi Truong
2021-01-18,2021-01-24,Lam Dong,Di Linh,Robusta / ca phe nhan xo noi dia,31800,31800.0,1,observed,19.486,81.857,40.6,0.324,Dat do vang tren bazan,4,medium,1,Nong Nghiep Moi Truong
2021-01-18,2021-01-24,Lam Dong,Lam Ha,Robusta / ca phe nhan xo noi dia,31800,31800.0,1,observed,19.586,80.286,15.6,0.319,Dat do vang tren bazan,4,low,1,Nong Nghiep Moi Truong
2021-01-25,2021-01-31,Dak Lak,Buon Ho,Robusta / ca phe nhan xo noi dia,31825,,0,interpolated_area,19.386,80.714,0.1,0.186,Dat do bazan,5,medium,0,
2021-01-25,2021-01-31,Dak Lak,Cu M'gar,Robusta / ca phe nhan xo noi dia,31825,,0,interpolated_area,21.729,71.143,0.0,0.213,Dat do bazan,5,high,0,
2021-01-25,2021-01-31,Dak Lak,Ea H'leo,Robusta / ca phe nhan xo noi dia,31825,,0,interpolated_area,20.571,72.714,0.1,0.219,Dat do bazan,5,medium,0,
2021-01-25,2021-01-31,Dak Nong,Dak R'lap,Robusta / ca phe nhan xo noi dia,34216,,0,interpolated_area,21.657,69.714,0.5,0.347,Dat do bazan,4,low,0,
2021-01-25,2021-01-31,Dak Nong,Gia Nghia,Robusta / ca phe nhan xo noi dia,34216,,0,interpolated_area,21.3,69.714,0.5,0.25,Dat do bazan,4,low,0,
2021-01-25,2021-01-31,Gia Lai,Chu Prong,Robusta / ca phe nhan xo noi dia,31850,,0,interpolated_area,22.971,61.857,0.0,0.192,Dat do bazan,4,low,0,
2021-01-25,2021-01-31,Gia Lai,Ia Grai,Robusta / ca phe nhan xo noi dia,31850,,0,interpolated_area,24.457,58.0,0.0,0.253,Dat do bazan,4,low,0,
2021-01-25,2021-01-31,Gia Lai,Pleiku,Robusta / ca phe nhan xo noi dia,31850,,0,interpolated_area,20.457,67.857,0.0,0.256,Dat do bazan,4,low,0,
2021-01-25,2021-01-31,Kon Tum,Kon Tum,Robusta / ca phe nhan xo noi dia,31700,,0,interpolated_area,21.186,67.0,0.0,0.241,Dat do vang / dat bazan cuc bo,3,low,0,
2021-01-25,2021-01-31,Lam Dong,Bao Loc,Robusta / ca phe nhan xo noi dia,31475,,0,interpolated_area,20.014,76.429,1.8,0.327,Dat do vang tren bazan,4,low,0,
2021-01-25,2021-01-31,Lam Dong,Di Linh,Robusta / ca phe nhan xo noi dia,31475,,0,interpolated_area,19.9,73.0,3.1,0.358,Dat do vang tren bazan,4,medium,0,
2021-01-25,2021-01-31,Lam Dong,Lam Ha,Robusta / ca phe nhan xo noi dia,31475,,0,interpolated_area,19.5,74.571,1.4,0.335,Dat do vang tren bazan,4,low,0,
2021-02-01,2021-02-07,Dak Lak,Buon Ho,Robusta / ca phe nhan xo noi dia,31550,31550.0,2,observed,19.757,79.429,0.0,0.177,Dat do bazan,5,medium,2,Nong Nghiep Moi Truong
2021-02-01,2021-02-07,Dak Lak,Cu M'gar,Robusta / ca phe nhan xo noi dia,31550,,0,province_proxy,22.1,70.143,0.0,0.208,Dat do bazan,5,high,0,
2021-02-01,2021-02-07,Dak Lak,Ea H'leo,Robusta / ca phe nhan xo noi dia,31550,31550.0,2,observed,20.757,72.0,0.0,0.211,Dat do bazan,5,medium,2,Nong Nghiep Moi Truong
2021-02-01,2021-02-07,Dak Nong,Dak R'lap,Robusta / ca phe nhan xo noi dia,34325,,0,interpolated_area,22.014,68.286,1.4,0.319,Dat do bazan,4,low,0,
2021-02-01,2021-02-07,Dak Nong,Gia Nghia,Robusta / ca phe nhan xo noi dia,34325,,0,interpolated_area,21.671,68.286,0.4,0.234,Dat do bazan,4,low,0,
2021-02-01,2021-02-07,Gia Lai,Chu Prong,Robusta / ca phe nhan xo noi dia,31500,,0,province_proxy,23.271,59.857,0.0,0.193,Dat do bazan,4,low,0,
2021-02-01,2021-02-07,Gia Lai,Ia Grai,Robusta / ca phe nhan xo noi dia,31500,31500.0,2,observed,24.4,57.429,0.1,0.257,Dat do bazan,4,low,2,Nong Nghiep Moi Truong
2021-02-01,2021-02-07,Gia Lai,Pleiku,Robusta / ca phe nhan xo noi dia,31500,31500.0,2,observed,20.514,67.0,0.0,0.259,Dat do bazan,4,low,2,Nong Nghiep Moi Truong
2021-02-01,2021-02-07,Kon Tum,Kon Tum,Robusta / ca phe nhan xo noi dia,31300,31300.0,2,observed,21.086,66.857,0.3,0.242,Dat do vang / dat bazan cuc bo,3,low,2,Nong Nghiep Moi Truong
2021-02-01,2021-02-07,Lam Dong,Bao Loc,Robusta / ca phe nhan xo noi dia,31150,31150.0,2,observed,20.386,74.143,4.2,0.285,Dat do vang tren bazan,4,low,2,Nong Nghiep Moi Truong
2021-02-01,2021-02-07,Lam Dong,Di Linh,Robusta / ca phe nhan xo noi dia,31150,31150.0,2,observed,20.186,72.857,6.5,0.29,Dat do vang tren bazan,4,medium,2,Nong Nghiep Moi Truong
2021-02-01,2021-02-07,Lam Dong,Lam Ha,Robusta / ca phe nhan xo noi dia,31150,31150.0,2,observed,19.914,73.429,1.8,0.291,Dat do vang tren bazan,4,low,2,Nong Nghiep Moi Truong
2021-02-08,2021-02-14,Dak Lak,Buon Ho,Robusta / ca phe nhan xo noi dia,31700,31700.0,2,observed,19.443,80.571,0.0,0.184,Dat do bazan,5,medium,2,Nong Nghiep Moi Truong
2021-02-08,2021-02-14,Dak Lak,Cu M'gar,Robusta / ca phe nhan xo noi dia,31700,,0,province_proxy,22.086,70.714,0.9,0.223,Dat do bazan,5,high,0,
2021-02-08,2021-02-14,Dak Lak,Ea H'leo,Robusta / ca phe nhan xo noi dia,31700,31700.0,2,observed,20.814,72.571,0.4,0.215,Dat do bazan,5,medium,2,Nong Nghiep Moi Truong
2021-02-08,2021-02-14,Dak Nong,Dak R'lap,Robusta / ca phe nhan xo noi dia,34435,,0,interpolated_area,22.286,76.429,6.5,0.355,Dat do bazan,4,low,0,
2021-02-08,2021-02-14,Dak Nong,Gia Nghia,Robusta / ca phe nhan xo noi dia,34435,,0,interpolated_area,21.943,74.714,7.7,0.262,Dat do bazan,4,low,0,
2021-02-08,2021-02-14,Gia Lai,Chu Prong,Robusta / ca phe nhan xo noi dia,31650,,0,province_proxy,22.871,64.143,1.6,0.195,Dat do bazan,4,low,0,
2021-02-08,2021-02-14,Gia Lai,Ia Grai,Robusta / ca phe nhan xo noi dia,31650,31650.0,2,observed,24.1,62.429,0.6,0.25,Dat do bazan,4,low,2,Nong Nghiep Moi Truong
2021-02-08,2021-02-14,Gia Lai,Pleiku,Robusta / ca phe nhan xo noi dia,31650,31650.0,2,observed,20.157,73.0,11.2,0.312,Dat do bazan,4,low,2,Nong Nghiep Moi Truong
2021-02-08,2021-02-14,Kon Tum,Kon Tum,Robusta / ca phe nhan xo noi dia,31650,31650.0,2,observed,21.457,67.286,0.4,0.241,Dat do vang / dat bazan cuc bo,3,low,2,Nong Nghiep Moi Truong
2021-02-08,2021-02-14,Lam Dong,Bao Loc,Robusta / ca phe nhan xo noi dia,31200,31200.0,2,observed,20.914,80.714,6.9,0.313,Dat do vang tren bazan,4,low,2,Nong Nghiep Moi Truong
2021-02-08,2021-02-14,Lam Dong,Di Linh,Robusta / ca phe nhan xo noi dia,31200,31200.0,2,observed,20.329,78.286,8.2,0.351,Dat do vang tren bazan,4,medium,2,Nong Nghiep Moi Truong
2021-02-08,2021-02-14,Lam Dong,Lam Ha,Robusta / ca phe nhan xo noi dia,31200,31200.0,2,observed,20.143,75.0,9.1,0.316,Dat do vang tren bazan,4,low,2,Nong Nghiep Moi Truong
2021-02-15,2021-02-21,Dak Lak,Buon Ho,Robusta / ca phe nhan xo noi dia,31700,31700.0,5,observed,18.957,76.0,0.2,0.174,Dat do bazan,5,medium,5,Nong Nghiep Moi Truong
2021-02-15,2021-02-21,Dak Lak,Cu M'gar,Robusta / ca phe nhan xo noi dia,31700,,0,province_proxy,21.371,66.429,0.0,0.218,Dat do bazan,5,high,0,
2021-02-15,2021-02-21,Dak Lak,Ea H'leo,Robusta / ca phe nhan xo noi dia,31700,31700.0,5,observed,20.057,67.571,0.1,0.212,Dat do bazan,5,medium,5,Nong Nghiep Moi Truong
2021-02-15,2021-02-21,Dak Nong,Dak R'lap,Robusta / ca phe nhan xo noi dia,34545,,0,interpolated_area,20.943,66.429,0.0,0.342,Dat do bazan,4,low,0,
2021-02-15,2021-02-21,Dak Nong,Gia Nghia,Robusta / ca phe nhan xo noi dia,34545,,0,interpolated_area,20.629,66.143,0.0,0.249,Dat do bazan,4,low,0,
2021-02-15,2021-02-21,Gia Lai,Chu Prong,Robusta / ca phe nhan xo noi dia,31625,,0,province_proxy,22.2,58.429,0.0,0.197,Dat do bazan,4,low,0,
2021-02-15,2021-02-21,Gia Lai,Ia Grai,Robusta / ca phe nhan xo noi dia,31625,31625.0,4,observed,23.486,55.0,0.0,0.248,Dat do bazan,4,low,4,Nong Nghiep Moi Truong
2021-02-15,2021-02-21,Gia Lai,Pleiku,Robusta / ca phe nhan xo noi dia,31625,31625.0,4,observed,19.486,64.571,0.0,0.279,Dat do bazan,4,low,4,Nong Nghiep Moi Truong
2021-02-15,2021-02-21,Kon Tum,Kon Tum,Robusta / ca phe nhan xo noi dia,31625,31625.0,4,observed,20.143,65.0,0.0,0.232,Dat do vang / dat bazan cuc bo,3,low,4,Nong Nghiep Moi Truong
2021-02-15,2021-02-21,Lam Dong,Bao Loc,Robusta / ca phe nhan xo noi dia,31160,31160.0,5,observed,19.343,71.714,0.4,0.282,Dat do vang tren bazan,4,low,5,Nong Nghiep Moi Truong
2021-02-15,2021-02-21,Lam Dong,Di Linh,Robusta / ca phe nhan xo noi dia,31160,31160.0,5,observed,19.029,67.0,0.0,0.277,Dat do vang tren bazan,4,medium,5,Nong Nghiep Moi Truong
2021-02-15,2021-02-21,Lam Dong,Lam Ha,Robusta / ca phe nhan xo noi dia,31160,31160.0,5,observed,18.6,67.429,0.0,0.286,Dat do vang tren bazan,4,low,5,Nong Nghiep Moi Truong
2021-02-22,2021-02-28,Dak Lak,Buon Ho,Robusta / ca phe nhan xo noi dia,32200,,0,interpolated_area,22.157,71.714,0.0,0.165,Dat do bazan,5,medium,0,
2021-02-22,2021-02-28,Dak Lak,Cu M'gar,Robusta / ca phe nhan xo noi dia,32200,,0,interpolated_area,24.571,62.857,0.3,0.216,Dat do bazan,5,high,0,
2021-02-22,2021-02-28,Dak Lak,Ea H'leo,Robusta / ca phe nhan xo noi dia,32200,,0,interpolated_area,23.5,60.286,0.3,0.21,Dat do bazan,5,medium,0,
2021-02-22,2021-02-28,Dak Nong,Dak R'lap,Robusta / ca phe nhan xo noi dia,34654,,0,interpolated_area,22.871,71.0,3.1,0.308,Dat do bazan,4,low,0,
2021-02-22,2021-02-28,Dak Nong,Gia Nghia,Robusta / ca phe nhan xo noi dia,34654,,0,interpolated_area,22.986,67.286,0.9,0.232,Dat do bazan,4,low,0,
2021-02-22,2021-02-28,Gia Lai,Chu Prong,Robusta / ca phe nhan xo noi dia,32012,,0,interpolated_area,25.129,57.571,0.2,0.193,Dat do bazan,4,low,0,
2021-02-22,2021-02-28,Gia Lai,Ia Grai,Robusta / ca phe nhan xo noi dia,32012,,0,interpolated_area,25.929,56.857,0.4,0.243,Dat do bazan,4,low,0,
2021-02-22,2021-02-28,Gia Lai,Pleiku,Robusta / ca phe nhan xo noi dia,32012,,0,interpolated_area,22.857,61.571,0.0,0.26,Dat do bazan,4,low,0,
2021-02-22,2021-02-28,Kon Tum,Kon Tum,Robusta / ca phe nhan xo noi dia,32062,,0,interpolated_area,23.514,61.714,0.0,0.22,Dat do vang / dat bazan cuc bo,3,low,0,
2021-02-22,2021-02-28,Lam Dong,Bao Loc,Robusta / ca phe nhan xo noi dia,31630,,0,interpolated_area,21.614,72.857,2.7,0.262,Dat do vang tren bazan,4,low,0,
2021-02-22,2021-02-28,Lam Dong,Di Linh,Robusta / ca phe nhan xo noi dia,31630,,0,interpolated_area,21.886,67.857,2.4,0.23,Dat do vang tren bazan,4,medium,0,
2021-02-22,2021-02-28,Lam Dong,Lam Ha,Robusta / ca phe nhan xo noi dia,31630,,0,interpolated_area,21.071,69.286,4.1,0.271,Dat do vang tren bazan,4,low,0,
2021-03-01,2021-03-07,Dak Lak,Buon Ho,Robusta / ca phe nhan xo noi dia,32700,32700.0,1,observed,23.114,74.857,1.5,0.176,Dat do bazan,5,medium,1,Nong Nghiep Moi Truong
2021-03-01,2021-03-07,Dak Lak,Cu M'gar,Robusta / ca phe nhan xo noi dia,32700,,0,province_proxy,25.729,64.857,0.8,0.218,Dat do bazan,5,high,0,
2021-03-01,2021-03-07,Dak Lak,Ea H'leo,Robusta / ca phe nhan xo noi dia,32700,32700.0,1,observed,24.557,65.429,1.4,0.218,Dat do bazan,5,medium,1,Nong Nghiep Moi Truong
2021-03-01,2021-03-07,Dak Nong,Dak R'lap,Robusta / ca phe nhan xo noi dia,34764,,0,interpolated_area,24.286,69.143,5.5,0.325,Dat do bazan,4,low,0,
2021-03-01,2021-03-07,Dak Nong,Gia Nghia,Robusta / ca phe nhan xo noi dia,34764,,0,interpolated_area,23.8,69.714,7.5,0.269,Dat do bazan,4,low,0,
2021-03-01,2021-03-07,Gia Lai,Chu Prong,Robusta / ca phe nhan xo noi dia,32400,,0,province_proxy,26.8,57.0,0.5,0.199,Dat do bazan,4,low,0,
2021-03-01,2021-03-07,Gia Lai,Ia Grai,Robusta / ca phe nhan xo noi dia,32400,32400.0,1,observed,27.643,56.571,4.6,0.258,Dat do bazan,4,low,1,Nong Nghiep Moi Truong
2021-03-01,2021-03-07,Gia Lai,Pleiku,Robusta / ca phe nhan xo noi dia,32400,32400.0,1,observed,23.957,65.143,1.7,0.266,Dat do bazan,4,low,1,Nong Nghiep Moi Truong
2021-03-01,2021-03-07,Kon Tum,Kon Tum,Robusta / ca phe nhan xo noi dia,32500,32500.0,1,observed,24.814,65.143,1.4,0.23,Dat do vang / dat bazan cuc bo,3,low,1,Nong Nghiep Moi Truong
2021-03-01,2021-03-07,Lam Dong,Bao Loc,Robusta / ca phe nhan xo noi dia,32100,32100.0,1,observed,22.157,69.429,5.9,0.293,Dat do vang tren bazan,4,low,1,Nong Nghiep Moi Truong
2021-03-01,2021-03-07,Lam Dong,Di Linh,Robusta / ca phe nhan xo noi dia,32100,32100.0,1,observed,22.3,63.857,12.2,0.271,Dat do vang tren bazan,4,medium,1,Nong Nghiep Moi Truong
2021-03-01,2021-03-07,Lam Dong,Lam Ha,Robusta / ca phe nhan xo noi dia,32100,32100.0,1,observed,21.657,66.143,6.6,0.301,Dat do vang tren bazan,4,low,1,Nong Nghiep Moi Truong
2021-03-08,2021-03-14,Dak Lak,Buon Ho,Robusta / ca phe nhan xo noi dia,32750,32750.0,4,observed,22.157,77.571,0.5,0.178,Dat do bazan,5,medium,4,Nong Nghiep Moi Truong
2021-03-08,2021-03-14,Dak Lak,Cu M'gar,Robusta / ca phe nhan xo noi dia,32750,,0,province_proxy,24.429,69.0,0.8,0.219,Dat do bazan,5,high,0,
2021-03-08,2021-03-14,Dak Lak,Ea H'leo,Robusta / ca phe nhan xo noi dia,32750,32750.0,4,observed,23.214,70.429,0.3,0.222,Dat do bazan,5,medium,4,Nong Nghiep Moi Truong
2021-03-08,2021-03-14,Dak Nong,Dak R'lap,Robusta / ca phe nhan xo noi dia,34873,,0,interpolated_area,23.886,63.571,0.5,0.316,Dat do bazan,4,low,0,
2021-03-08,2021-03-14,Dak Nong,Gia Nghia,Robusta / ca phe nhan xo noi dia,34873,,0,interpolated_area,23.686,63.143,0.7,0.235,Dat do bazan,4,low,0,
2021-03-08,2021-03-14,Gia Lai,Chu Prong,Robusta / ca phe nhan xo noi dia,32775,,0,province_proxy,25.414,59.143,0.5,0.195,Dat do bazan,4,low,0,
2021-03-08,2021-03-14,Gia Lai,Ia Grai,Robusta / ca phe nhan xo noi dia,32775,32775.0,4,observed,26.529,55.143,0.1,0.255,Dat do bazan,4,low,4,Nong Nghiep Moi Truong
2021-03-08,2021-03-14,Gia Lai,Pleiku,Robusta / ca phe nhan xo noi dia,32775,32775.0,4,observed,22.829,64.429,0.3,0.255,Dat do bazan,4,low,4,Nong Nghiep Moi Truong
2021-03-08,2021-03-14,Kon Tum,Kon Tum,Robusta / ca phe nhan xo noi dia,32725,32725.0,4,observed,23.614,64.714,0.0,0.219,Dat do vang / dat bazan cuc bo,3,low,4,Nong Nghiep Moi Truong
2021-03-08,2021-03-14,Lam Dong,Bao Loc,Robusta / ca phe nhan xo noi dia,32050,32050.0,4,observed,22.443,62.714,1.8,0.263,Dat do vang tren bazan,4,low,4,Nong Nghiep Moi Truong
2021-03-08,2021-03-14,Lam Dong,Di Linh,Robusta / ca phe nhan xo noi dia,32050,32050.0,4,observed,22.271,59.286,2.4,0.231,Dat do vang tren bazan,4,medium,4,Nong Nghiep Moi Truong
2021-03-08,2021-03-14,Lam Dong,Lam Ha,Robusta / ca phe nhan xo noi dia,32050,32050.0,4,observed,21.686,61.143,1.2,0.28,Dat do vang tren bazan,4,low,4,Nong Nghiep Moi Truong
2021-03-15,2021-03-21,Dak Lak,Buon Ho,Robusta / ca phe nhan xo noi dia,32500,32500.0,5,observed,23.714,73.857,0.2,0.17,Dat do bazan,5,medium,5,Nong Nghiep Moi Truong
2021-03-15,2021-03-21,Dak Lak,Cu M'gar,Robusta / ca phe nhan xo noi dia,32500,,0,province_proxy,26.314,63.571,0.6,0.217,Dat do bazan,5,high,0,
2021-03-15,2021-03-21,Dak Lak,Ea H'leo,Robusta / ca phe nhan xo noi dia,32500,32500.0,5,observed,25.186,63.714,0.0,0.21,Dat do bazan,5,medium,5,Nong Nghiep Moi Truong
2021-03-15,2021-03-21,Dak Nong,Dak R'lap,Robusta / ca phe nhan xo noi dia,34983,,0,interpolated_area,24.5,72.714,4.4,0.322,Dat do bazan,4,low,0,
2021-03-15,2021-03-21,Dak Nong,Gia Nghia,Robusta / ca phe nhan xo noi dia,34983,,0,interpolated_area,24.6,68.143,4.2,0.24,Dat do bazan,4,low,0,
2021-03-15,2021-03-21,Gia Lai,Chu Prong,Robusta / ca phe nhan xo noi dia,32480,,0,province_proxy,27.214,57.571,1.5,0.203,Dat do bazan,4,low,0,
2021-03-15,2021-03-21,Gia Lai,Ia Grai,Robusta / ca phe nhan xo noi dia,32480,32480.0,5,observed,28.214,56.571,0.8,0.257,Dat do bazan,4,low,5,Nong Nghiep Moi Truong
2021-03-15,2021-03-21,Gia Lai,Pleiku,Robusta / ca phe nhan xo noi dia,32480,32480.0,5,observed,24.771,63.714,0.9,0.252,Dat do bazan,4,low,5,Nong Nghiep Moi Truong
2021-03-15,2021-03-21,Kon Tum,Kon Tum,Robusta / ca phe nhan xo noi dia,32440,32440.0,5,observed,25.557,63.714,0.6,0.211,Dat do vang / dat bazan cuc bo,3,low,5,Nong Nghiep Moi Truong
2021-03-15,2021-03-21,Lam Dong,Bao Loc,Robusta / ca phe nhan xo noi dia,31720,31720.0,5,observed,23.1,73.857,6.2,0.259,Dat do vang tren bazan,4,low,5,Nong Nghiep Moi Truong
2021-03-15,2021-03-21,Lam Dong,Di Linh,Robusta / ca phe nhan xo noi dia,31720,31720.0,5,observed,22.914,71.714,4.2,0.232,Dat do vang tren bazan,4,medium,5,Nong Nghiep Moi Truong
2021-03-15,2021-03-21,Lam Dong,Lam Ha,Robusta / ca phe nhan xo noi dia,31720,31720.0,5,observed,22.914,70.143,1.9,0.269,Dat do vang tren bazan,4,low,5,Nong Nghiep Moi Truong
2021-03-22,2021-03-28,Dak Lak,Buon Ho,Robusta / ca phe nhan xo noi dia,32300,,0,interpolated_area,23.243,78.143,0.6,0.171,Dat do bazan,5,medium,0,
2021-03-22,2021-03-28,Dak Lak,Cu M'gar,Robusta / ca phe nhan xo noi dia,32300,,0,interpolated_area,25.786,67.714,0.6,0.219,Dat do bazan,5,high,0,
2021-03-22,2021-03-28,Dak Lak,Ea H'leo,Robusta / ca phe nhan xo noi dia,32300,,0,interpolated_area,24.243,72.0,2.5,0.221,Dat do bazan,5,medium,0,
2021-03-22,2021-03-28,Dak Nong,Dak R'lap,Robusta / ca phe nhan xo noi dia,35093,,0,interpolated_area,24.829,70.286,3.4,0.329,Dat do bazan,4,low,0,
2021-03-22,2021-03-28,Dak Nong,Gia Nghia,Robusta / ca phe nhan xo noi dia,35093,,0,interpolated_area,24.743,69.0,3.8,0.245,Dat do bazan,4,low,0,
2021-03-22,2021-03-28,Gia Lai,Chu Prong,Robusta / ca phe nhan xo noi dia,32215,,0,interpolated_area,26.914,58.714,0.6,0.203,Dat do bazan,4,low,0,
2021-03-22,2021-03-28,Gia Lai,Ia Grai,Robusta / ca phe nhan xo noi dia,32215,,0,interpolated_area,28.071,55.286,1.6,0.259,Dat do bazan,4,low,0,
2021-03-22,2021-03-28,Gia Lai,Pleiku,Robusta / ca phe nhan xo noi dia,32215,,0,interpolated_area,24.2,65.429,0.1,0.252,Dat do bazan,4,low,0,
2021-03-22,2021-03-28,Kon Tum,Kon Tum,Robusta / ca phe nhan xo noi dia,32195,,0,interpolated_area,25.3,62.857,0.0,0.203,Dat do vang / dat bazan cuc bo,3,low,0,
2021-03-22,2021-03-28,Lam Dong,Bao Loc,Robusta / ca phe nhan xo noi dia,31485,,0,interpolated_area,23.186,72.714,22.2,0.328,Dat do vang tren bazan,4,low,0,
2021-03-22,2021-03-28,Lam Dong,Di Linh,Robusta / ca phe nhan xo noi dia,31485,,0,interpolated_area,23.171,66.714,7.4,0.265,Dat do vang tren bazan,4,medium,0,
2021-03-22,2021-03-28,Lam Dong,Lam Ha,Robusta / ca phe nhan xo noi dia,31485,,0,interpolated_area,23.3,67.571,9.0,0.311,Dat do vang tren bazan,4,low,0,
2021-03-29,2021-04-04,Dak Lak,Buon Ho,Robusta / ca phe nhan xo noi dia,32100,32100.0,2,observed,26.271,66.0,3.3,0.181,Dat do bazan,5,medium,2,Nong Nghiep Moi Truong
2021-03-29,2021-04-04,Dak Lak,Cu M'gar,Robusta / ca phe nhan xo noi dia,32100,,0,province_proxy,28.4,59.429,2.9,0.227,Dat do bazan,5,high,0,
2021-03-29,2021-04-04,Dak Lak,Ea H'leo,Robusta / ca phe nhan xo noi dia,32100,32100.0,2,observed,27.2,60.143,2.4,0.216,Dat do bazan,5,medium,2,Nong Nghiep Moi Truong
2021-03-29,2021-04-04,Dak Nong,Dak R'lap,Robusta / ca phe nhan xo noi dia,35202,,0,interpolated_area,24.4,82.143,35.0,0.363,Dat do bazan,4,low,0,
2021-03-29,2021-04-04,Dak Nong,Gia Nghia,Robusta / ca phe nhan xo noi dia,35202,,0,interpolated_area,24.671,78.143,23.7,0.281,Dat do bazan,4,low,0,
2021-03-29,2021-04-04,Gia Lai,Chu Prong,Robusta / ca phe nhan xo noi dia,31950,,0,province_proxy,28.543,58.286,7.2,0.237,Dat do bazan,4,low,0,
2021-03-29,2021-04-04,Gia Lai,Ia Grai,Robusta / ca phe nhan xo noi dia,31950,31950.0,2,observed,28.914,59.429,9.4,0.304,Dat do bazan,4,low,2,Nong Nghiep Moi Truong
2021-03-29,2021-04-04,Gia Lai,Pleiku,Robusta / ca phe nhan xo noi dia,31950,31950.0,2,observed,26.186,63.0,18.4,0.274,Dat do bazan,4,low,2,Nong Nghiep Moi Truong
2021-03-29,2021-04-04,Kon Tum,Kon Tum,Robusta / ca phe nhan xo noi dia,31950,31950.0,2,observed,26.314,68.429,14.7,0.275,Dat do vang / dat bazan cuc bo,3,low,2,Nong Nghiep Moi Truong
2021-03-29,2021-04-04,Lam Dong,Bao Loc,Robusta / ca phe nhan xo noi dia,31250,31250.0,2,observed,23.386,79.429,19.2,0.311,Dat do vang tren bazan,4,low,2,Nong Nghiep Moi Truong
2021-03-29,2021-04-04,Lam Dong,Di Linh,Robusta / ca phe nhan xo noi dia,31250,31250.0,2,observed,22.957,78.143,20.1,0.323,Dat do vang tren bazan,4,medium,2,Nong Nghiep Moi Truong
2021-03-29,2021-04-04,Lam Dong,Lam Ha,Robusta / ca phe nhan xo noi dia,31250,31250.0,2,observed,23.443,76.857,12.3,0.343,Dat do vang tren bazan,4,low,2,Nong Nghiep Moi Truong
2021-04-05,2021-04-11,Dak Lak,Buon Ho,Robusta / ca phe nhan xo noi dia,32300,32300.0,2,observed,23.514,78.714,1.7,0.18,Dat do bazan,5,medium,2,Nong Nghiep Moi Truong
2021-04-05,2021-04-11,Dak Lak,Cu M'gar,Robusta / ca phe nhan xo noi dia,32300,,0,province_proxy,26.214,67.286,0.2,0.225,Dat do bazan,5,high,0,
2021-04-05,2021-04-11,Dak Lak,Ea H'leo,Robusta / ca phe nhan xo noi dia,32300,32300.0,2,observed,24.714,71.0,2.3,0.219,Dat do bazan,5,medium,2,Nong Nghiep Moi Truong
2021-04-05,2021-04-11,Dak Nong,Dak R'lap,Robusta / ca phe nhan xo noi dia,35312,,0,interpolated_area,24.343,75.714,8.1,0.366,Dat do bazan,4,low,0,
2021-04-05,2021-04-11,Dak Nong,Gia Nghia,Robusta / ca phe nhan xo noi dia,35312,,0,interpolated_area,24.271,73.857,9.9,0.297,Dat do bazan,4,low,0,
2021-04-05,2021-04-11,Gia Lai,Chu Prong,Robusta / ca phe nhan xo noi dia,32300,,0,province_proxy,26.857,60.714,2.8,0.227,Dat do bazan,4,low,0,
2021-04-05,2021-04-11,Gia Lai,Ia Grai,Robusta / ca phe nhan xo noi dia,32300,32300.0,2,observed,28.086,57.143,1.9,0.284,Dat do bazan,4,low,2,Nong Nghiep Moi Truong
2021-04-05,2021-04-11,Gia Lai,Pleiku,Robusta / ca phe nhan xo noi dia,32300,32300.0,2,observed,24.357,65.714,3.3,0.277,Dat do bazan,4,low,2,Nong Nghiep Moi Truong
2021-04-05,2021-04-11,Kon Tum,Kon Tum,Robusta / ca phe nhan xo noi dia,32300,32300.0,2,observed,25.343,64.714,3.5,0.284,Dat do vang / dat bazan cuc bo,3,low,2,Nong Nghiep Moi Truong
2021-04-05,2021-04-11,Lam Dong,Bao Loc,Robusta / ca phe nhan xo noi dia,31600,31600.0,2,observed,22.886,73.714,13.9,0.319,Dat do vang tren bazan,4,low,2,Nong Nghiep Moi Truong
2021-04-05,2021-04-11,Lam Dong,Di Linh,Robusta / ca phe nhan xo noi dia,31600,31600.0,2,observed,22.371,72.143,13.9,0.32,Dat do vang tren bazan,4,medium,2,Nong Nghiep Moi Truong
2021-04-05,2021-04-11,Lam Dong,Lam Ha,Robusta / ca phe nhan xo noi dia,31600,31600.0,2,observed,22.557,70.571,4.1,0.318,Dat do vang tren bazan,4,low,2,Nong Nghiep Moi Truong
2021-04-12,2021-04-18,Dak Lak,Buon Ho,Robusta / ca phe nhan xo noi dia,32586,32585.714285714286,7,observed,25.029,71.0,1.1,0.176,Dat do bazan,5,medium,7,Nong Nghiep Moi Truong
2021-04-12,2021-04-18,Dak Lak,Cu M'gar,Robusta / ca phe nhan xo noi dia,32586,,0,province_proxy,27.286,64.143,2.6,0.262,Dat do bazan,5,high,0,
2021-04-12,2021-04-18,Dak Lak,Ea H'leo,Robusta / ca phe nhan xo noi dia,32586,32585.714285714286,7,observed,26.029,65.143,2.3,0.229,Dat do bazan,5,medium,7,Nong Nghiep Moi Truong
2021-04-12,2021-04-18,Dak Nong,Dak R'lap,Robusta / ca phe nhan xo noi dia,35422,,0,interpolated_area,24.1,84.857,22.1,0.4,Dat do bazan,4,low,0,
2021-04-12,2021-04-18,Dak Nong,Gia Nghia,Robusta / ca phe nhan xo noi dia,35422,,0,interpolated_area,24.086,82.571,16.9,0.368,Dat do bazan,4,low,0,
2021-04-12,2021-04-18,Gia Lai,Chu Prong,Robusta / ca phe nhan xo noi dia,32586,,0,province_proxy,27.843,60.429,5.3,0.221,Dat do bazan,4,low,0,
2021-04-12,2021-04-18,Gia Lai,Ia Grai,Robusta / ca phe nhan xo noi dia,32586,32585.714285714286,7,observed,28.686,59.571,6.1,0.276,Dat do bazan,4,low,7,Nong Nghiep Moi Truong
2021-04-12,2021-04-18,Gia Lai,Pleiku,Robusta / ca phe nhan xo noi dia,32586,32585.714285714286,7,observed,25.657,63.429,2.3,0.278,Dat do bazan,4,low,7,Nong Nghiep Moi Truong
2021-04-12,2021-04-18,Kon Tum,Kon Tum,Robusta / ca phe nhan xo noi dia,32486,32485.714285714286,7,observed,26.671,64.143,2.5,0.263,Dat do vang / dat bazan cuc bo,3,low,7,Nong Nghiep Moi Truong
2021-04-12,2021-04-18,Lam Dong,Bao Loc,Robusta / ca phe nhan xo noi dia,31829,31828.571428571428,7,observed,22.714,82.571,25.5,0.386,Dat do vang tren bazan,4,low,7,Nong Nghiep Moi Truong
2021-04-12,2021-04-18,Lam Dong,Di Linh,Robusta / ca phe nhan xo noi dia,31829,31828.571428571428,7,observed,22.086,82.429,87.6,0.404,Dat do vang tren bazan,4,medium,7,Nong Nghiep Moi Truong
2021-04-12,2021-04-18,Lam Dong,Lam Ha,Robusta / ca phe nhan xo noi dia,31829,31828.571428571428,7,observed,23.014,77.571,11.0,0.316,Dat do vang tren bazan,4,low,7,Nong Nghiep Moi Truong
2021-04-19,2021-04-25,Dak Lak,Buon Ho,Robusta / ca phe nhan xo noi dia,32650,32650.0,2,observed,23.957,85.0,103.1,0.41,Dat do bazan,5,medium,2,Nong Nghiep Moi Truong
2021-04-19,2021-04-25,Dak Lak,Cu M'gar,Robusta / ca phe nhan xo noi dia,32650,,0,province_proxy,25.471,81.143,59.7,0.398,Dat do bazan,5,high,0,
2021-04-19,2021-04-25,Dak Lak,Ea H'leo,Robusta / ca phe nhan xo noi dia,32650,32650.0,2,observed,24.571,84.714,157.1,0.433,Dat do bazan,5,medium,2,Nong Nghiep Moi Truong
2021-04-19,2021-04-25,Dak Nong,Dak R'lap,Robusta / ca phe nhan xo noi dia,35531,,0,interpolated_area,23.514,91.429,77.0,0.472,Dat do bazan,4,low,0,
2021-04-19,2021-04-25,Dak Nong,Gia Nghia,Robusta / ca phe nhan xo noi dia,35531,,0,interpolated_area,23.386,90.286,68.9,0.455,Dat do bazan,4,low,0,
2021-04-19,2021-04-25,Gia Lai,Chu Prong,Robusta / ca phe nhan xo noi dia,32650,,0,province_proxy,25.6,81.857,71.7,0.396,Dat do bazan,4,low,0,
2021-04-19,2021-04-25,Gia Lai,Ia Grai,Robusta / ca phe nhan xo noi dia,32650,32650.0,2,observed,26.1,83.714,71.4,0.438,Dat do bazan,4,low,2,Nong Nghiep Moi Truong
2021-04-19,2021-04-25,Gia Lai,Pleiku,Robusta / ca phe nhan xo noi dia,32650,32650.0,2,observed,23.571,85.857,82.1,0.436,Dat do bazan,4,low,2,Nong Nghiep Moi Truong
2021-04-19,2021-04-25,Kon Tum,Kon Tum,Robusta / ca phe nhan xo noi dia,32550,32550.0,2,observed,24.729,84.0,52.0,0.395,Dat do vang / dat bazan cuc bo,3,low,2,Nong Nghiep Moi Truong
2021-04-19,2021-04-25,Lam Dong,Bao Loc,Robusta / ca phe nhan xo noi dia,31850,31850.0,2,observed,22.557,89.0,37.8,0.41,Dat do vang tren bazan,4,low,2,Nong Nghiep Moi Truong
2021-04-19,2021-04-25,Lam Dong,Di Linh,Robusta / ca phe nhan xo noi dia,31850,31850.0,2,observed,21.686,90.286,78.6,0.466,Dat do vang tren bazan,4,medium,2,Nong Nghiep Moi Truong
2021-04-19,2021-04-25,Lam Dong,Lam Ha,Robusta / ca phe nhan xo noi dia,31850,31850.0,2,observed,22.329,86.571,69.4,0.427,Dat do vang tren bazan,4,low,2,Nong Nghiep Moi Truong
2021-04-26,2021-05-02,Dak Lak,Buon Ho,Robusta / ca phe nhan xo noi dia,32783,,0,interpolated_area,24.071,82.571,3.9,0.348,Dat do bazan,5,medium,0,
2021-04-26,2021-05-02,Dak Lak,Cu M'gar,Robusta / ca phe nhan xo noi dia,32783,,0,interpolated_area,26.586,73.0,8.9,0.314,Dat do bazan,5,high,0,
2021-04-26,2021-05-02,Dak Lak,Ea H'leo,Robusta / ca phe nhan xo noi dia,32783,,0,interpolated_area,25.029,77.286,8.3,0.362,Dat do bazan,5,medium,0,
2021-04-26,2021-05-02,Dak Nong,Dak R'lap,Robusta / ca phe nhan xo noi dia,35641,,0,interpolated_area,24.371,84.286,16.1,0.433,Dat do bazan,4,low,0,
2021-04-26,2021-05-02,Dak Nong,Gia Nghia,Robusta / ca phe nhan xo noi dia,35641,,0,interpolated_area,24.343,82.714,16.0,0.421,Dat do bazan,4,low,0,
2021-04-26,2021-05-02,Gia Lai,Chu Prong,Robusta / ca phe nhan xo noi dia,32750,,0,interpolated_area,26.829,69.0,6.1,0.311,Dat do bazan,4,low,0,
2021-04-26,2021-05-02,Gia Lai,Ia Grai,Robusta / ca phe nhan xo noi dia,32750,,0,interpolated_area,27.343,69.429,7.9,0.361,Dat do bazan,4,low,0,
2021-04-26,2021-05-02,Gia Lai,Pleiku,Robusta / ca phe nhan xo noi dia,32750,,0,interpolated_area,24.071,76.429,10.4,0.351,Dat do bazan,4,low,0,
2021-04-26,2021-05-02,Kon Tum,Kon Tum,Robusta / ca phe nhan xo noi dia,32683,,0,interpolated_area,25.729,70.857,10.4,0.305,Dat do vang / dat bazan cuc bo,3,low,0,
2021-04-26,2021-05-02,Lam Dong,Bao Loc,Robusta / ca phe nhan xo noi dia,31975,,0,interpolated_area,23.0,83.0,15.6,0.363,Dat do vang tren bazan,4,low,0,
2021-04-26,2021-05-02,Lam Dong,Di Linh,Robusta / ca phe nhan xo noi dia,31975,,0,interpolated_area,22.214,85.0,19.7,0.443,Dat do vang tren bazan,4,medium,0,
2021-04-26,2021-05-02,Lam Dong,Lam Ha,Robusta / ca phe nhan xo noi dia,31975,,0,interpolated_area,22.514,82.143,11.5,0.374,Dat do vang tren bazan,4,low,0,
2021-05-03,2021-05-09,Dak Lak,Buon Ho,Robusta / ca phe nhan xo noi dia,32917,,0,interpolated_area,24.729,80.571,1.0,0.234,Dat do bazan,5,medium,0,
2021-05-03,2021-05-09,Dak Lak,Cu M'gar,Robusta / ca phe nhan xo noi dia,32917,,0,interpolated_area,27.671,68.571,0.3,0.242,Dat do bazan,5,high,0,
2021-05-03,2021-05-09,Dak Lak,Ea H'leo,Robusta / ca phe nhan xo noi dia,32917,,0,interpolated_area,25.986,72.714,0.8,0.265,Dat do bazan,5,medium,0,
2021-05-03,2021-05-09,Dak Nong,Dak R'lap,Robusta / ca phe nhan xo noi dia,35751,,0,interpolated_area,25.071,79.857,14.1,0.389,Dat do bazan,4,low,0,
2021-05-03,2021-05-09,Dak Nong,Gia Nghia,Robusta / ca phe nhan xo noi dia,35751,,0,interpolated_area,25.086,78.0,10.1,0.343,Dat do bazan,4,low,0,
2021-05-03,2021-05-09,Gia Lai,Chu Prong,Robusta / ca phe nhan xo noi dia,32850,,0,interpolated_area,28.571,58.571,0.4,0.217,Dat do bazan,4,low,0,
2021-05-03,2021-05-09,Gia Lai,Ia Grai,Robusta / ca phe nhan xo noi dia,32850,,0,interpolated_area,29.457,56.286,0.6,0.282,Dat do bazan,4,low,0,
2021-05-03,2021-05-09,Gia Lai,Pleiku,Robusta / ca phe nhan xo noi dia,32850,,0,interpolated_area,25.886,64.429,0.2,0.276,Dat do bazan,4,low,0,
2021-05-03,2021-05-09,Kon Tum,Kon Tum,Robusta / ca phe nhan xo noi dia,32817,,0,interpolated_area,27.243,61.857,0.5,0.268,Dat do vang / dat bazan cuc bo,3,low,0,
2021-05-03,2021-05-09,Lam Dong,Bao Loc,Robusta / ca phe nhan xo noi dia,32100,,0,interpolated_area,24.043,75.429,8.1,0.301,Dat do vang tren bazan,4,low,0,
2021-05-03,2021-05-09,Lam Dong,Di Linh,Robusta / ca phe nhan xo noi dia,32100,,0,interpolated_area,23.057,78.0,17.9,0.355,Dat do vang tren bazan,4,medium,0,
2021-05-03,2021-05-09,Lam Dong,Lam Ha,Robusta / ca phe nhan xo noi dia,32100,,0,interpolated_area,23.514,74.143,5.6,0.305,Dat do vang tren bazan,4,low,0,
2021-05-10,2021-05-16,Dak Lak,Buon Ho,Robusta / ca phe nhan xo noi dia,33050,33050.0,4,observed,25.771,79.571,10.2,0.333,Dat do bazan,5,medium,4,Nong Nghiep Moi Truong
2021-05-10,2021-05-16,Dak Lak,Cu M'gar,Robusta / ca phe nhan xo noi dia,33050,,0,province_proxy,27.614,74.571,16.9,0.335,Dat do bazan,5,high,0,
2021-05-10,2021-05-16,Dak Lak,Ea H'leo,Robusta / ca phe nhan xo noi dia,33050,33050.0,4,observed,26.671,76.143,12.6,0.27,Dat do bazan,5,medium,4,Nong Nghiep Moi Truong
2021-05-10,2021-05-16,Dak Nong,Dak R'lap,Robusta / ca phe nhan xo noi dia,35860,,0,interpolated_area,24.686,88.286,56.7,0.472,Dat do bazan,4,low,0,
2021-05-10,2021-05-16,Dak Nong,Gia Nghia,Robusta / ca phe nhan xo noi dia,35860,,0,interpolated_area,24.786,86.0,48.3,0.411,Dat do bazan,4,low,0,
2021-05-10,2021-05-16,Gia Lai,Chu Prong,Robusta / ca phe nhan xo noi dia,32950,,0,province_proxy,27.586,74.429,21.4,0.329,Dat do bazan,4,low,0,
2021-05-10,2021-05-16,Gia Lai,Ia Grai,Robusta / ca phe nhan xo noi dia,32950,32950.0,4,observed,28.214,75.0,22.6,0.367,Dat do bazan,4,low,4,Nong Nghiep Moi Truong
2021-05-10,2021-05-16,Gia Lai,Pleiku,Robusta / ca phe nhan xo noi dia,32950,32950.0,4,observed,25.786,75.571,21.2,0.323,Dat do bazan,4,low,4,Nong Nghiep Moi Truong
2021-05-10,2021-05-16,Kon Tum,Kon Tum,Robusta / ca phe nhan xo noi dia,32950,32950.0,4,observed,26.9,75.571,18.4,0.299,Dat do vang / dat bazan cuc bo,3,low,4,Nong Nghiep Moi Truong
2021-05-10,2021-05-16,Lam Dong,Bao Loc,Robusta / ca phe nhan xo noi dia,32225,32225.0,4,observed,24.014,82.286,25.2,0.356,Dat do vang tren bazan,4,low,4,Nong Nghiep Moi Truong
2021-05-10,2021-05-16,Lam Dong,Di Linh,Robusta / ca phe nhan xo noi dia,32225,32225.0,4,observed,22.971,85.857,28.4,0.406,Dat do vang tren bazan,4,medium,4,Nong Nghiep Moi Truong
2021-05-10,2021-05-16,Lam Dong,Lam Ha,Robusta / ca phe nhan xo noi dia,32225,32225.0,4,observed,24.029,80.571,14.3,0.324,Dat do vang tren bazan,4,low,4,Nong Nghiep Moi Truong
2021-05-17,2021-05-23,Dak Lak,Buon Ho,Robusta / ca phe nhan xo noi dia,32667,32666.666666666668,3,observed,24.771,84.714,50.7,0.402,Dat do bazan,5,medium,3,Nong Nghiep Moi Truong
2021-05-17,2021-05-23,Dak Lak,Cu M'gar,Robusta / ca phe nhan xo noi dia,32667,,0,province_proxy,26.1,82.857,98.9,0.429,Dat do bazan,5,high,0,
2021-05-17,2021-05-23,Dak Lak,Ea H'leo,Robusta / ca phe nhan xo noi dia,32667,32666.666666666668,3,observed,25.386,83.143,79.1,0.409,Dat do bazan,5,medium,3,Nong Nghiep Moi Truong
2021-05-17,2021-05-23,Dak Nong,Dak R'lap,Robusta / ca phe nhan xo noi dia,35970,,0,interpolated_area,23.986,91.143,70.2,0.498,Dat do bazan,4,low,0,
2021-05-17,2021-05-23,Dak Nong,Gia Nghia,Robusta / ca phe nhan xo noi dia,35970,,0,interpolated_area,23.929,90.0,93.5,0.489,Dat do bazan,4,low,0,
2021-05-17,2021-05-23,Gia Lai,Chu Prong,Robusta / ca phe nhan xo noi dia,32567,,0,province_proxy,26.286,83.286,152.5,0.448,Dat do bazan,4,low,0,
2021-05-17,2021-05-23,Gia Lai,Ia Grai,Robusta / ca phe nhan xo noi dia,32567,32566.666666666668,3,observed,26.986,83.857,346.7,0.463,Dat do bazan,4,low,3,Nong Nghiep Moi Truong
2021-05-17,2021-05-23,Gia Lai,Pleiku,Robusta / ca phe nhan xo noi dia,32567,32566.666666666668,3,observed,24.7,84.143,132.5,0.41,Dat do bazan,4,low,3,Nong Nghiep Moi Truong
2021-05-17,2021-05-23,Kon Tum,Kon Tum,Robusta / ca phe nhan xo noi dia,32567,32566.666666666668,3,observed,25.957,82.0,88.1,0.388,Dat do vang / dat bazan cuc bo,3,low,3,Nong Nghiep Moi Truong
2021-05-17,2021-05-23,Lam Dong,Bao Loc,Robusta / ca phe nhan xo noi dia,31767,31766.666666666668,3,observed,23.114,89.143,51.0,0.444,Dat do vang tren bazan,4,low,3,Nong Nghiep Moi Truong
2021-05-17,2021-05-23,Lam Dong,Di Linh,Robusta / ca phe nhan xo noi dia,31767,31766.666666666668,3,observed,22.329,91.286,79.9,0.492,Dat do vang tren bazan,4,medium,3,Nong Nghiep Moi Truong
2021-05-17,2021-05-23,Lam Dong,Lam Ha,Robusta / ca phe nhan xo noi dia,31767,31766.666666666668,3,observed,23.057,86.571,86.8,0.434,Dat do vang tren bazan,4,low,3,Nong Nghiep Moi Truong
2021-05-24,2021-05-30,Dak Lak,Buon Ho,Robusta / ca phe nhan xo noi dia,33167,,0,interpolated_area,24.286,87.429,47.5,0.466,Dat do bazan,5,medium,0,
2021-05-24,2021-05-30,Dak Lak,Cu M'gar,Robusta / ca phe nhan xo noi dia,33167,,0,interpolated_area,25.443,85.857,54.5,0.468,Dat do bazan,5,high,0,
2021-05-24,2021-05-30,Dak Lak,Ea H'leo,Robusta / ca phe nhan xo noi dia,33167,,0,interpolated_area,24.7,86.571,75.3,0.476,Dat do bazan,5,medium,0,
2021-05-24,2021-05-30,Dak Nong,Dak R'lap,Robusta / ca phe nhan xo noi dia,36080,,0,interpolated_area,23.614,93.286,117.0,0.498,Dat do bazan,4,low,0,
2021-05-24,2021-05-30,Dak Nong,Gia Nghia,Robusta / ca phe nhan xo noi dia,36080,,0,interpolated_area,23.557,92.0,100.3,0.491,Dat do bazan,4,low,0,
2021-05-24,2021-05-30,Gia Lai,Chu Prong,Robusta / ca phe nhan xo noi dia,33100,,0,interpolated_area,25.129,89.714,90.6,0.496,Dat do bazan,4,low,0,
2021-05-24,2021-05-30,Gia Lai,Ia Grai,Robusta / ca phe nhan xo noi dia,33100,,0,interpolated_area,25.871,89.857,106.8,0.5,Dat do bazan,4,low,0,
2021-05-24,2021-05-30,Gia Lai,Pleiku,Robusta / ca phe nhan xo noi dia,33100,,0,interpolated_area,23.657,90.0,67.5,0.488,Dat do bazan,4,low,0,
2021-05-24,2021-05-30,Kon Tum,Kon Tum,Robusta / ca phe nhan xo noi dia,33067,,0,interpolated_area,25.029,87.429,73.2,0.482,Dat do vang / dat bazan cuc bo,3,low,0,
2021-05-24,2021-05-30,Lam Dong,Bao Loc,Robusta / ca phe nhan xo noi dia,32289,,0,interpolated_area,22.557,91.857,64.1,0.486,Dat do vang tren bazan,4,low,0,
2021-05-24,2021-05-30,Lam Dong,Di Linh,Robusta / ca phe nhan xo noi dia,32289,,0,interpolated_area,21.9,93.0,70.9,0.492,Dat do vang tren bazan,4,medium,0,
2021-05-24,2021-05-30,Lam Dong,Lam Ha,Robusta / ca phe nhan xo noi dia,32289,,0,interpolated_area,22.643,89.0,85.0,0.48,Dat do vang tren bazan,4,low,0,
2021-05-31,2021-06-06,Dak Lak,Buon Ho,Robusta / ca phe nhan xo noi dia,33667,,0,interpolated_area,25.2,85.143,11.2,0.349,Dat do bazan,5,medium,0,
2021-05-31,2021-06-06,Dak Lak,Cu M'gar,Robusta / ca phe nhan xo noi dia,33667,,0,interpolated_area,26.486,82.571,25.4,0.357,Dat do bazan,5,high,0,
2021-05-31,2021-06-06,Dak Lak,Ea H'leo,Robusta / ca phe nhan xo noi dia,33667,,0,interpolated_area,25.571,85.0,15.7,0.404,Dat do bazan,5,medium,0,
2021-05-31,2021-06-06,Dak Nong,Dak R'lap,Robusta / ca phe nhan xo noi dia,36189,,0,interpolated_area,24.686,91.857,42.7,0.482,Dat do bazan,4,low,0,
2021-05-31,2021-06-06,Dak Nong,Gia Nghia,Robusta / ca phe nhan xo noi dia,36189,,0,interpolated_area,24.529,90.571,24.0,0.455,Dat do bazan,4,low,0,
2021-05-31,2021-06-06,Gia Lai,Chu Prong,Robusta / ca phe nhan xo noi dia,33633,,0,interpolated_area,25.986,89.0,59.2,0.478,Dat do bazan,4,low,0,
2021-05-31,2021-06-06,Gia Lai,Ia Grai,Robusta / ca phe nhan xo noi dia,33633,,0,interpolated_area,26.514,89.143,68.4,0.483,Dat do bazan,4,low,0,
2021-05-31,2021-06-06,Gia Lai,Pleiku,Robusta / ca phe nhan xo noi dia,33633,,0,interpolated_area,24.229,91.143,30.5,0.453,Dat do bazan,4,low,0,
2021-05-31,2021-06-06,Kon Tum,Kon Tum,Robusta / ca phe nhan xo noi dia,33567,,0,interpolated_area,25.3,89.143,35.0,0.42,Dat do vang / dat bazan cuc bo,3,low,0,
2021-05-31,2021-06-06,Lam Dong,Bao Loc,Robusta / ca phe nhan xo noi dia,32811,,0,interpolated_area,23.629,90.0,16.9,0.418,Dat do vang tren bazan,4,low,0,
2021-05-31,2021-06-06,Lam Dong,Di Linh,Robusta / ca phe nhan xo noi dia,32811,,0,interpolated_area,22.829,91.857,22.8,0.467,Dat do vang tren bazan,4,medium,0,
2021-05-31,2021-06-06,Lam Dong,Lam Ha,Robusta / ca phe nhan xo noi dia,32811,,0,interpolated_area,23.586,85.714,15.2,0.412,Dat do vang tren bazan,4,low,0,
2021-06-07,2021-06-13,Dak Lak,Buon Ho,Robusta / ca phe nhan xo noi dia,34167,34166.666666666664,3,observed,23.243,87.286,40.5,0.431,Dat do bazan,5,medium,3,Nong Nghiep Moi Truong
2021-06-07,2021-06-13,Dak Lak,Cu M'gar,Robusta / ca phe nhan xo noi dia,34167,,0,province_proxy,24.757,84.429,54.3,0.444,Dat do bazan,5,high,0,
2021-06-07,2021-06-13,Dak Lak,Ea H'leo,Robusta / ca phe nhan xo noi dia,34167,34166.666666666664,3,observed,23.271,89.143,54.2,0.485,Dat do bazan,5,medium,3,Nong Nghiep Moi Truong
2021-06-07,2021-06-13,Dak Nong,Dak R'lap,Robusta / ca phe nhan xo noi dia,36299,,0,interpolated_area,22.571,96.714,105.7,0.505,Dat do bazan,4,low,0,
2021-06-07,2021-06-13,Dak Nong,Gia Nghia,Robusta / ca phe nhan xo noi dia,36299,,0,interpolated_area,22.443,94.857,75.5,0.5,Dat do bazan,4,low,0,
2021-06-07,2021-06-13,Gia Lai,Chu Prong,Robusta / ca phe nhan xo noi dia,34167,,0,province_proxy,23.5,94.0,148.1,0.508,Dat do bazan,4,low,0,
2021-06-07,2021-06-13,Gia Lai,Ia Grai,Robusta / ca phe nhan xo noi dia,34167,34166.666666666664,3,observed,24.129,94.0,177.2,0.509,Dat do bazan,4,low,3,Nong Nghiep Moi Truong
2021-06-07,2021-06-13,Gia Lai,Pleiku,Robusta / ca phe nhan xo noi dia,34167,34166.666666666664,3,observed,21.814,95.857,112.1,0.509,Dat do bazan,4,low,3,Nong Nghiep Moi Truong
2021-06-07,2021-06-13,Kon Tum,Kon Tum,Robusta / ca phe nhan xo noi dia,34067,34066.666666666664,3,observed,23.357,91.286,81.6,0.503,Dat do vang / dat bazan cuc bo,3,low,3,Nong Nghiep Moi Truong
2021-06-07,2021-06-13,Lam Dong,Bao Loc,Robusta / ca phe nhan xo noi dia,33333,33333.333333333336,3,observed,21.671,93.0,86.6,0.481,Dat do vang tren bazan,4,low,3,Nong Nghiep Moi Truong
2021-06-07,2021-06-13,Lam Dong,Di Linh,Robusta / ca phe nhan xo noi dia,33333,33333.333333333336,3,observed,20.871,94.286,70.1,0.486,Dat do vang tren bazan,4,medium,3,Nong Nghiep Moi Truong
2021-06-07,2021-06-13,Lam Dong,Lam Ha,Robusta / ca phe nhan xo noi dia,33333,33333.333333333336,3,observed,21.986,86.714,66.1,0.422,Dat do vang tren bazan,4,low,3,Nong Nghiep Moi Truong
2021-06-14,2021-06-20,Dak Lak,Buon Ho,Robusta / ca phe nhan xo noi dia,34083,34083.333333333336,6,observed,24.143,85.714,20.7,0.427,Dat do bazan,5,medium,6,Nong Nghiep Moi Truong
2021-06-14,2021-06-20,Dak Lak,Cu M'gar,Robusta / ca phe nhan xo noi dia,34083,,0,province_proxy,25.314,83.857,49.1,0.452,Dat do bazan,5,high,0,
2021-06-14,2021-06-20,Dak Lak,Ea H'leo,Robusta / ca phe nhan xo noi dia,34083,34083.333333333336,6,observed,24.543,85.571,21.8,0.478,Dat do bazan,5,medium,6,Nong Nghiep Moi Truong
2021-06-14,2021-06-20,Dak Nong,Dak R'lap,Robusta / ca phe nhan xo noi dia,36408,,0,interpolated_area,23.571,92.0,48.6,0.494,Dat do bazan,4,low,0,
2021-06-14,2021-06-20,Dak Nong,Gia Nghia,Robusta / ca phe nhan xo noi dia,36408,,0,interpolated_area,23.571,89.714,38.8,0.491,Dat do bazan,4,low,0,
2021-06-14,2021-06-20,Gia Lai,Chu Prong,Robusta / ca phe nhan xo noi dia,34083,,0,province_proxy,25.0,90.0,58.8,0.493,Dat do bazan,4,low,0,
2021-06-14,2021-06-20,Gia Lai,Ia Grai,Robusta / ca phe nhan xo noi dia,34083,34083.333333333336,6,observed,25.714,88.571,75.0,0.497,Dat do bazan,4,low,6,Nong Nghiep Moi Truong
2021-06-14,2021-06-20,Gia Lai,Pleiku,Robusta / ca phe nhan xo noi dia,34083,34083.333333333336,6,observed,23.343,91.0,45.1,0.485,Dat do bazan,4,low,6,Nong Nghiep Moi Truong
2021-06-14,2021-06-20,Kon Tum,Kon Tum,Robusta / ca phe nhan xo noi dia,34167,34166.666666666664,6,observed,24.6,87.714,51.2,0.485,Dat do vang / dat bazan cuc bo,3,low,6,Nong Nghiep Moi Truong
2021-06-14,2021-06-20,Lam Dong,Bao Loc,Robusta / ca phe nhan xo noi dia,33283,33283.333333333336,6,observed,22.557,90.0,16.8,0.464,Dat do vang tren bazan,4,low,6,Nong Nghiep Moi Truong
2021-06-14,2021-06-20,Lam Dong,Di Linh,Robusta / ca phe nhan xo noi dia,33283,33283.333333333336,6,observed,21.814,91.429,34.6,0.478,Dat do vang tren bazan,4,medium,6,Nong Nghiep Moi Truong
2021-06-14,2021-06-20,Lam Dong,Lam Ha,Robusta / ca phe nhan xo noi dia,33283,33283.333333333336,6,observed,22.714,84.714,27.3,0.406,Dat do vang tren bazan,4,low,6,Nong Nghiep Moi Truong
2021-06-21,2021-06-27,Dak Lak,Buon Ho,Robusta / ca phe nhan xo noi dia,34756,,0,interpolated_area,24.529,84.0,26.2,0.378,Dat do bazan,5,medium,0,
2021-06-21,2021-06-27,Dak Lak,Cu M'gar,Robusta / ca phe nhan xo noi dia,34756,,0,interpolated_area,25.743,82.429,34.1,0.436,Dat do bazan,5,high,0,
2021-06-21,2021-06-27,Dak Lak,Ea H'leo,Robusta / ca phe nhan xo noi dia,34756,,0,interpolated_area,24.871,84.286,18.9,0.458,Dat do bazan,5,medium,0,
2021-06-21,2021-06-27,Dak Nong,Dak R'lap,Robusta / ca phe nhan xo noi dia,36518,,0,interpolated_area,24.057,89.857,38.3,0.49,Dat do bazan,4,low,0,
2021-06-21,2021-06-27,Dak Nong,Gia Nghia,Robusta / ca phe nhan xo noi dia,36518,,0,interpolated_area,24.071,87.571,32.7,0.481,Dat do bazan,4,low,0,
2021-06-21,2021-06-27,Gia Lai,Chu Prong,Robusta / ca phe nhan xo noi dia,34789,,0,interpolated_area,25.3,87.714,47.4,0.49,Dat do bazan,4,low,0,
2021-06-21,2021-06-27,Gia Lai,Ia Grai,Robusta / ca phe nhan xo noi dia,34789,,0,interpolated_area,25.957,87.857,61.9,0.501,Dat do bazan,4,low,0,
2021-06-21,2021-06-27,Gia Lai,Pleiku,Robusta / ca phe nhan xo noi dia,34789,,0,interpolated_area,23.514,90.714,33.9,0.472,Dat do bazan,4,low,0,
2021-06-21,2021-06-27,Kon Tum,Kon Tum,Robusta / ca phe nhan xo noi dia,34811,,0,interpolated_area,24.671,89.286,41.9,0.482,Dat do vang / dat bazan cuc bo,3,low,0,
2021-06-21,2021-06-27,Lam Dong,Bao Loc,Robusta / ca phe nhan xo noi dia,33956,,0,interpolated_area,22.857,89.286,16.5,0.437,Dat do vang tren bazan,4,low,0,
2021-06-21,2021-06-27,Lam Dong,Di Linh,Robusta / ca phe nhan xo noi dia,33956,,0,interpolated_area,22.014,90.714,31.7,0.471,Dat do vang tren bazan,4,medium,0,
2021-06-21,2021-06-27,Lam Dong,Lam Ha,Robusta / ca phe nhan xo noi dia,33956,,0,interpolated_area,23.2,84.0,19.5,0.392,Dat do vang tren bazan,4,low,0,
2021-06-28,2021-07-04,Dak Lak,Buon Ho,Robusta / ca phe nhan xo noi dia,35428,,0,interpolated_area,25.257,81.286,13.3,0.32,Dat do bazan,5,medium,0,
2021-06-28,2021-07-04,Dak Lak,Cu M'gar,Robusta / ca phe nhan xo noi dia,35428,,0,interpolated_area,26.557,78.714,15.0,0.368,Dat do bazan,5,high,0,
2021-06-28,2021-07-04,Dak Lak,Ea H'leo,Robusta / ca phe nhan xo noi dia,35428,,0,interpolated_area,25.7,81.0,13.4,0.391,Dat do bazan,5,medium,0,
2021-06-28,2021-07-04,Dak Nong,Dak R'lap,Robusta / ca phe nhan xo noi dia,36628,,0,interpolated_area,24.457,89.286,34.3,0.473,Dat do bazan,4,low,0,
2021-06-28,2021-07-04,Dak Nong,Gia Nghia,Robusta / ca phe nhan xo noi dia,36628,,0,interpolated_area,24.314,88.286,30.4,0.46,Dat do bazan,4,low,0,
2021-06-28,2021-07-04,Gia Lai,Chu Prong,Robusta / ca phe nhan xo noi dia,35494,,0,interpolated_area,25.971,84.571,27.1,0.46,Dat do bazan,4,low,0,
2021-06-28,2021-07-04,Gia Lai,Ia Grai,Robusta / ca phe nhan xo noi dia,35494,,0,interpolated_area,26.6,84.714,36.2,0.479,Dat do bazan,4,low,0,
2021-06-28,2021-07-04,Gia Lai,Pleiku,Robusta / ca phe nhan xo noi dia,35494,,0,interpolated_area,24.057,87.571,25.6,0.439,Dat do bazan,4,low,0,
2021-06-28,2021-07-04,Kon Tum,Kon Tum,Robusta / ca phe nhan xo noi dia,35456,,0,interpolated_area,25.357,85.0,29.7,0.431,Dat do vang / dat bazan cuc bo,3,low,0,
2021-06-28,2021-07-04,Lam Dong,Bao Loc,Robusta / ca phe nhan xo noi dia,34628,,0,interpolated_area,23.229,88.571,16.0,0.383,Dat do vang tren bazan,4,low,0,
2021-06-28,2021-07-04,Lam Dong,Di Linh,Robusta / ca phe nhan xo noi dia,34628,,0,interpolated_area,22.443,89.0,33.2,0.453,Dat do vang tren bazan,4,medium,0,
2021-06-28,2021-07-04,Lam Dong,Lam Ha,Robusta / ca phe nhan xo noi dia,34628,,0,interpolated_area,23.486,81.857,26.6,0.352,Dat do vang tren bazan,4,low,0,
2021-07-05,2021-07-11,Dak Lak,Buon Ho,Robusta / ca phe nhan xo noi dia,36100,36100.0,1,observed,23.529,87.0,62.9,0.415,Dat do bazan,5,medium,1,Nong Nghiep Moi Truong
2021-07-05,2021-07-11,Dak Lak,Cu M'gar,Robusta / ca phe nhan xo noi dia,36100,,0,province_proxy,25.014,83.429,44.1,0.445,Dat do bazan,5,high,0,
2021-07-05,2021-07-11,Dak Lak,Ea H'leo,Robusta / ca phe nhan xo noi dia,36100,36100.0,1,observed,24.043,86.0,64.4,0.468,Dat do bazan,5,medium,1,Nong Nghiep Moi Truong
2021-07-05,2021-07-11,Dak Nong,Dak R'lap,Robusta / ca phe nhan xo noi dia,36737,,0,interpolated_area,22.857,94.286,139.9,0.501,Dat do bazan,4,low,0,
2021-07-05,2021-07-11,Dak Nong,Gia Nghia,Robusta / ca phe nhan xo noi dia,36737,,0,interpolated_area,22.8,93.0,98.5,0.498,Dat do bazan,4,low,0,
2021-07-05,2021-07-11,Gia Lai,Chu Prong,Robusta / ca phe nhan xo noi dia,36200,,0,province_proxy,24.471,87.286,109.6,0.488,Dat do bazan,4,low,0,
2021-07-05,2021-07-11,Gia Lai,Ia Grai,Robusta / ca phe nhan xo noi dia,36200,36200.0,1,observed,25.057,88.143,139.3,0.493,Dat do bazan,4,low,1,Nong Nghiep Moi Truong
2021-07-05,2021-07-11,Gia Lai,Pleiku,Robusta / ca phe nhan xo noi dia,36200,36200.0,1,observed,22.643,89.714,120.1,0.49,Dat do bazan,4,low,1,Nong Nghiep Moi Truong
2021-07-05,2021-07-11,Kon Tum,Kon Tum,Robusta / ca phe nhan xo noi dia,36100,36100.0,1,observed,23.743,89.429,95.6,0.49,Dat do vang / dat bazan cuc bo,3,low,1,Nong Nghiep Moi Truong
2021-07-05,2021-07-11,Lam Dong,Bao Loc,Robusta / ca phe nhan xo noi dia,35300,35300.0,1,observed,21.986,91.429,52.4,0.456,Dat do vang tren bazan,4,low,1,Nong Nghiep Moi Truong
2021-07-05,2021-07-11,Lam Dong,Di Linh,Robusta / ca phe nhan xo noi dia,35300,35300.0,1,observed,21.286,92.714,47.0,0.49,Dat do vang tren bazan,4,medium,1,Nong Nghiep Moi Truong
2021-07-05,2021-07-11,Lam Dong,Lam Ha,Robusta / ca phe nhan xo noi dia,35300,35300.0,1,observed,22.0,88.0,40.1,0.442,Dat do vang tren bazan,4,low,1,Nong Nghiep Moi Truong
2021-07-12,2021-07-18,Dak Lak,Buon Ho,Robusta / ca phe nhan xo noi dia,36160,36160.0,5,observed,23.557,88.286,50.2,0.452,Dat do bazan,5,medium,5,Nong Nghiep Moi Truong
2021-07-12,2021-07-18,Dak Lak,Cu M'gar,Robusta / ca phe nhan xo noi dia,36160,,0,province_proxy,24.843,86.429,70.1,0.467,Dat do bazan,5,high,0,
2021-07-12,2021-07-18,Dak Lak,Ea H'leo,Robusta / ca phe nhan xo noi dia,36160,36160.0,5,observed,23.986,87.0,68.9,0.486,Dat do bazan,5,medium,5,Nong Nghiep Moi Truong
2021-07-12,2021-07-18,Dak Nong,Dak R'lap,Robusta / ca phe nhan xo noi dia,36847,,0,interpolated_area,23.286,91.429,148.6,0.501,Dat do bazan,4,low,0,
2021-07-12,2021-07-18,Dak Nong,Gia Nghia,Robusta / ca phe nhan xo noi dia,36847,,0,interpolated_area,23.214,89.857,91.3,0.499,Dat do bazan,4,low,0,
2021-07-12,2021-07-18,Gia Lai,Chu Prong,Robusta / ca phe nhan xo noi dia,36060,,0,province_proxy,24.686,88.143,138.0,0.488,Dat do bazan,4,low,0,
2021-07-12,2021-07-18,Gia Lai,Ia Grai,Robusta / ca phe nhan xo noi dia,36060,36060.0,5,observed,25.4,88.714,109.7,0.493,Dat do bazan,4,low,5,Nong Nghiep Moi Truong
2021-07-12,2021-07-18,Gia Lai,Pleiku,Robusta / ca phe nhan xo noi dia,36060,36060.0,5,observed,22.943,89.714,105.4,0.495,Dat do bazan,4,low,5,Nong Nghiep Moi Truong
2021-07-12,2021-07-18,Kon Tum,Kon Tum,Robusta / ca phe nhan xo noi dia,36160,36160.0,5,observed,24.029,88.429,90.1,0.484,Dat do vang / dat bazan cuc bo,3,low,5,Nong Nghiep Moi Truong
2021-07-12,2021-07-18,Lam Dong,Bao Loc,Robusta / ca phe nhan xo noi dia,35360,35360.0,5,observed,22.257,89.571,74.7,0.478,Dat do vang tren bazan,4,low,5,Nong Nghiep Moi Truong
2021-07-12,2021-07-18,Lam Dong,Di Linh,Robusta / ca phe nhan xo noi dia,35360,35360.0,5,observed,21.529,91.143,51.2,0.493,Dat do vang tren bazan,4,medium,5,Nong Nghiep Moi Truong
2021-07-12,2021-07-18,Lam Dong,Lam Ha,Robusta / ca phe nhan xo noi dia,35360,35360.0,5,observed,22.171,87.143,44.0,0.463,Dat do vang tren bazan,4,low,5,Nong Nghiep Moi Truong
2021-07-19,2021-07-25,Dak Lak,Buon Ho,Robusta / ca phe nhan xo noi dia,36200,36200.0,1,observed,23.157,86.286,56.1,0.489,Dat do bazan,5,medium,1,Nong Nghiep Moi Truong
2021-07-19,2021-07-25,Dak Lak,Cu M'gar,Robusta / ca phe nhan xo noi dia,36200,,0,province_proxy,24.529,84.143,51.2,0.49,Dat do bazan,5,high,0,
2021-07-19,2021-07-25,Dak Lak,Ea H'leo,Robusta / ca phe nhan xo noi dia,36200,36200.0,1,observed,23.386,87.857,55.5,0.499,Dat do bazan,5,medium,1,Nong Nghiep Moi Truong
2021-07-19,2021-07-25,Dak Nong,Dak R'lap,Robusta / ca phe nhan xo noi dia,36957,,0,interpolated_area,22.871,93.714,106.0,0.504,Dat do bazan,4,low,0,
2021-07-19,2021-07-25,Dak Nong,Gia Nghia,Robusta / ca phe nhan xo noi dia,36957,,0,interpolated_area,22.714,92.429,90.1,0.503,Dat do bazan,4,low,0,
2021-07-19,2021-07-25,Gia Lai,Chu Prong,Robusta / ca phe nhan xo noi dia,36100,,0,province_proxy,23.429,94.429,148.9,0.507,Dat do bazan,4,low,0,
2021-07-19,2021-07-25,Gia Lai,Ia Grai,Robusta / ca phe nhan xo noi dia,36100,36100.0,1,observed,23.971,94.714,176.3,0.509,Dat do bazan,4,low,1,Nong Nghiep Moi Truong
2021-07-19,2021-07-25,Gia Lai,Pleiku,Robusta / ca phe nhan xo noi dia,36100,36100.0,1,observed,21.714,95.857,147.9,0.51,Dat do bazan,4,low,1,Nong Nghiep Moi Truong
2021-07-19,2021-07-25,Kon Tum,Kon Tum,Robusta / ca phe nhan xo noi dia,36200,36200.0,1,observed,23.271,91.429,113.1,0.507,Dat do vang / dat bazan cuc bo,3,low,1,Nong Nghiep Moi Truong
2021-07-19,2021-07-25,Lam Dong,Bao Loc,Robusta / ca phe nhan xo noi dia,35400,35400.0,1,observed,21.757,92.857,82.0,0.507,Dat do vang tren bazan,4,low,1,Nong Nghiep Moi Truong
2021-07-19,2021-07-25,Lam Dong,Di Linh,Robusta / ca phe nhan xo noi dia,35400,35400.0,1,observed,20.886,94.286,83.9,0.508,Dat do vang tren bazan,4,medium,1,Nong Nghiep Moi Truong
2021-07-19,2021-07-25,Lam Dong,Lam Ha,Robusta / ca phe nhan xo noi dia,35400,35400.0,1,observed,22.1,86.429,32.6,0.474,Dat do vang tren bazan,4,low,1,Nong Nghiep Moi Truong
2021-07-26,2021-08-01,Dak Lak,Buon Ho,Robusta / ca phe nhan xo noi dia,36575,,0,interpolated_area,24.029,86.0,36.0,0.475,Dat do bazan,5,medium,0,
2021-07-26,2021-08-01,Dak Lak,Cu M'gar,Robusta / ca phe nhan xo noi dia,36575,,0,interpolated_area,25.457,83.571,31.5,0.47,Dat do bazan,5,high,0,
2021-07-26,2021-08-01,Dak Lak,Ea H'leo,Robusta / ca phe nhan xo noi dia,36575,,0,interpolated_area,24.286,86.857,43.4,0.495,Dat do bazan,5,medium,0,
2021-07-26,2021-08-01,Dak Nong,Dak R'lap,Robusta / ca phe nhan xo noi dia,37066,,0,interpolated_area,23.443,94.571,100.0,0.508,Dat do bazan,4,low,0,
2021-07-26,2021-08-01,Dak Nong,Gia Nghia,Robusta / ca phe nhan xo noi dia,37066,,0,interpolated_area,23.443,92.0,65.7,0.503,Dat do bazan,4,low,0,
2021-07-26,2021-08-01,Gia Lai,Chu Prong,Robusta / ca phe nhan xo noi dia,36475,,0,interpolated_area,24.543,91.571,114.7,0.51,Dat do bazan,4,low,0,
2021-07-26,2021-08-01,Gia Lai,Ia Grai,Robusta / ca phe nhan xo noi dia,36475,,0,interpolated_area,25.057,92.714,129.3,0.509,Dat do bazan,4,low,0,
2021-07-26,2021-08-01,Gia Lai,Pleiku,Robusta / ca phe nhan xo noi dia,36475,,0,interpolated_area,22.771,94.0,78.9,0.509,Dat do bazan,4,low,0,
2021-07-26,2021-08-01,Kon Tum,Kon Tum,Robusta / ca phe nhan xo noi dia,36542,,0,interpolated_area,24.543,88.143,62.6,0.502,Dat do vang / dat bazan cuc bo,3,low,0,
2021-07-26,2021-08-01,Lam Dong,Bao Loc,Robusta / ca phe nhan xo noi dia,35775,,0,interpolated_area,22.329,93.571,56.1,0.506,Dat do vang tren bazan,4,low,0,
2021-07-26,2021-08-01,Lam Dong,Di Linh,Robusta / ca phe nhan xo noi dia,35775,,0,interpolated_area,21.657,94.571,54.1,0.505,Dat do vang tren bazan,4,medium,0,
2021-07-26,2021-08-01,Lam Dong,Lam Ha,Robusta / ca phe nhan xo noi dia,35775,,0,interpolated_area,23.071,84.857,17.6,0.434,Dat do vang tren bazan,4,low,0,
2021-08-02,2021-08-08,Dak Lak,Buon Ho,Robusta / ca phe nhan xo noi dia,36950,,0,interpolated_area,24.186,85.714,31.2,0.477,Dat do bazan,5,medium,0,
2021-08-02,2021-08-08,Dak Lak,Cu M'gar,Robusta / ca phe nhan xo noi dia,36950,,0,interpolated_area,25.786,81.571,25.7,0.436,Dat do bazan,5,high,0,
2021-08-02,2021-08-08,Dak Lak,Ea H'leo,Robusta / ca phe nhan xo noi dia,36950,,0,interpolated_area,24.486,86.429,37.4,0.491,Dat do bazan,5,medium,0,
2021-08-02,2021-08-08,Dak Nong,Dak R'lap,Robusta / ca phe nhan xo noi dia,37176,,0,interpolated_area,23.571,94.143,75.1,0.503,Dat do bazan,4,low,0,
2021-08-02,2021-08-08,Dak Nong,Gia Nghia,Robusta / ca phe nhan xo noi dia,37176,,0,interpolated_area,23.571,91.857,52.4,0.5,Dat do bazan,4,low,0,
2021-08-02,2021-08-08,Gia Lai,Chu Prong,Robusta / ca phe nhan xo noi dia,36850,,0,interpolated_area,24.6,92.286,92.4,0.506,Dat do bazan,4,low,0,
2021-08-02,2021-08-08,Gia Lai,Ia Grai,Robusta / ca phe nhan xo noi dia,36850,,0,interpolated_area,25.114,92.714,113.2,0.507,Dat do bazan,4,low,0,
2021-08-02,2021-08-08,Gia Lai,Pleiku,Robusta / ca phe nhan xo noi dia,36850,,0,interpolated_area,22.843,94.143,73.2,0.506,Dat do bazan,4,low,0,
2021-08-02,2021-08-08,Kon Tum,Kon Tum,Robusta / ca phe nhan xo noi dia,36883,,0,interpolated_area,24.6,88.143,46.1,0.496,Dat do vang / dat bazan cuc bo,3,low,0,
2021-08-02,2021-08-08,Lam Dong,Bao Loc,Robusta / ca phe nhan xo noi dia,36150,,0,interpolated_area,22.543,92.857,49.2,0.501,Dat do vang tren bazan,4,low,0,
2021-08-02,2021-08-08,Lam Dong,Di Linh,Robusta / ca phe nhan xo noi dia,36150,,0,interpolated_area,21.9,93.429,48.1,0.501,Dat do vang tren bazan,4,medium,0,
2021-08-02,2021-08-08,Lam Dong,Lam Ha,Robusta / ca phe nhan xo noi dia,36150,,0,interpolated_area,23.386,84.143,16.3,0.399,Dat do vang tren bazan,4,low,0,
2021-08-09,2021-08-15,Dak Lak,Buon Ho,Robusta / ca phe nhan xo noi dia,37325,37325.0,4,observed,24.171,87.0,24.1,0.45,Dat do bazan,5,medium,4,Nong Nghiep Moi Truong
2021-08-09,2021-08-15,Dak Lak,Cu M'gar,Robusta / ca phe nhan xo noi dia,37325,,0,province_proxy,25.414,85.0,36.6,0.454,Dat do bazan,5,high,0,
2021-08-09,2021-08-15,Dak Lak,Ea H'leo,Robusta / ca phe nhan xo noi dia,37325,37325.0,4,observed,24.514,86.714,31.0,0.471,Dat do bazan,5,medium,4,Nong Nghiep Moi Truong
2021-08-09,2021-08-15,Dak Nong,Dak R'lap,Robusta / ca phe nhan xo noi dia,37286,,0,interpolated_area,23.5,92.143,60.4,0.5,Dat do bazan,4,low,0,
2021-08-09,2021-08-15,Dak Nong,Gia Nghia,Robusta / ca phe nhan xo noi dia,37286,,0,interpolated_area,23.586,90.0,32.2,0.491,Dat do bazan,4,low,0,
2021-08-09,2021-08-15,Gia Lai,Chu Prong,Robusta / ca phe nhan xo noi dia,37225,,0,province_proxy,24.786,90.714,55.8,0.497,Dat do bazan,4,low,0,
2021-08-09,2021-08-15,Gia Lai,Ia Grai,Robusta / ca phe nhan xo noi dia,37225,37225.0,4,observed,25.4,90.286,76.4,0.503,Dat do bazan,4,low,4,Nong Nghiep Moi Truong
2021-08-09,2021-08-15,Gia Lai,Pleiku,Robusta / ca phe nhan xo noi dia,37225,37225.0,4,observed,23.114,92.286,35.7,0.492,Dat do bazan,4,low,4,Nong Nghiep Moi Truong
2021-08-09,2021-08-15,Kon Tum,Kon Tum,Robusta / ca phe nhan xo noi dia,37225,37225.0,4,observed,24.486,89.571,44.9,0.496,Dat do vang / dat bazan cuc bo,3,low,4,Nong Nghiep Moi Truong
2021-08-09,2021-08-15,Lam Dong,Bao Loc,Robusta / ca phe nhan xo noi dia,36525,36525.0,4,observed,22.529,91.0,24.5,0.482,Dat do vang tren bazan,4,low,4,Nong Nghiep Moi Truong
2021-08-09,2021-08-15,Lam Dong,Di Linh,Robusta / ca phe nhan xo noi dia,36525,36525.0,4,observed,21.814,91.857,37.4,0.491,Dat do vang tren bazan,4,medium,4,Nong Nghiep Moi Truong
2021-08-09,2021-08-15,Lam Dong,Lam Ha,Robusta / ca phe nhan xo noi dia,36525,36525.0,4,observed,22.757,87.0,42.5,0.42,Dat do vang tren bazan,4,low,4,Nong Nghiep Moi Truong
2021-08-16,2021-08-22,Dak Lak,Buon Ho,Robusta / ca phe nhan xo noi dia,37650,37650.0,4,observed,24.1,83.143,53.6,0.463,Dat do bazan,5,medium,4,Nong Nghiep Moi Truong
2021-08-16,2021-08-22,Dak Lak,Cu M'gar,Robusta / ca phe nhan xo noi dia,37650,,0,province_proxy,25.386,81.857,77.7,0.461,Dat do bazan,5,high,0,
2021-08-16,2021-08-22,Dak Lak,Ea H'leo,Robusta / ca phe nhan xo noi dia,37650,37650.0,4,observed,24.729,81.143,27.6,0.461,Dat do bazan,5,medium,4,Nong Nghiep Moi Truong
2021-08-16,2021-08-22,Dak Nong,Dak R'lap,Robusta / ca phe nhan xo noi dia,37395,,0,interpolated_area,23.629,88.571,54.3,0.494,Dat do bazan,4,low,0,
2021-08-16,2021-08-22,Dak Nong,Gia Nghia,Robusta / ca phe nhan xo noi dia,37395,,0,interpolated_area,23.486,87.143,73.2,0.494,Dat do bazan,4,low,0,
2021-08-16,2021-08-22,Gia Lai,Chu Prong,Robusta / ca phe nhan xo noi dia,37550,,0,province_proxy,25.443,82.429,32.9,0.47,Dat do bazan,4,low,0,
2021-08-16,2021-08-22,Gia Lai,Ia Grai,Robusta / ca phe nhan xo noi dia,37550,37550.0,4,observed,26.0,82.714,50.7,0.479,Dat do bazan,4,low,4,Nong Nghiep Moi Truong
2021-08-16,2021-08-22,Gia Lai,Pleiku,Robusta / ca phe nhan xo noi dia,37550,37550.0,4,observed,23.757,83.714,25.9,0.459,Dat do bazan,4,low,4,Nong Nghiep Moi Truong
2021-08-16,2021-08-22,Kon Tum,Kon Tum,Robusta / ca phe nhan xo noi dia,37550,37550.0,4,observed,24.5,86.0,32.5,0.466,Dat do vang / dat bazan cuc bo,3,low,4,Nong Nghiep Moi Truong
2021-08-16,2021-08-22,Lam Dong,Bao Loc,Robusta / ca phe nhan xo noi dia,36850,36850.0,4,observed,22.329,88.143,34.5,0.475,Dat do vang tren bazan,4,low,4,Nong Nghiep Moi Truong
2021-08-16,2021-08-22,Lam Dong,Di Linh,Robusta / ca phe nhan xo noi dia,36850,36850.0,4,observed,21.871,86.429,37.9,0.492,Dat do vang tren bazan,4,medium,4,Nong Nghiep Moi Truong
2021-08-16,2021-08-22,Lam Dong,Lam Ha,Robusta / ca phe nhan xo noi dia,36850,36850.0,4,observed,22.271,84.714,43.6,0.462,Dat do vang tren bazan,4,low,4,Nong Nghiep Moi Truong
2021-08-23,2021-08-29,Dak Lak,Buon Ho,Robusta / ca phe nhan xo noi dia,38267,,0,interpolated_area,23.3,87.714,43.0,0.48,Dat do bazan,5,medium,0,
2021-08-23,2021-08-29,Dak Lak,Cu M'gar,Robusta / ca phe nhan xo noi dia,38267,,0,interpolated_area,24.714,84.857,37.0,0.482,Dat do bazan,5,high,0,
2021-08-23,2021-08-29,Dak Lak,Ea H'leo,Robusta / ca phe nhan xo noi dia,38267,,0,interpolated_area,23.814,86.286,88.8,0.491,Dat do bazan,5,medium,0,
2021-08-23,2021-08-29,Dak Nong,Dak R'lap,Robusta / ca phe nhan xo noi dia,37505,,0,interpolated_area,22.843,92.857,105.7,0.505,Dat do bazan,4,low,0,
2021-08-23,2021-08-29,Dak Nong,Gia Nghia,Robusta / ca phe nhan xo noi dia,37505,,0,interpolated_area,22.786,91.429,115.6,0.501,Dat do bazan,4,low,0,
2021-08-23,2021-08-29,Gia Lai,Chu Prong,Robusta / ca phe nhan xo noi dia,38167,,0,interpolated_area,24.6,86.143,95.3,0.496,Dat do bazan,4,low,0,
2021-08-23,2021-08-29,Gia Lai,Ia Grai,Robusta / ca phe nhan xo noi dia,38167,,0,interpolated_area,25.214,87.429,88.0,0.5,Dat do bazan,4,low,0,
2021-08-23,2021-08-29,Gia Lai,Pleiku,Robusta / ca phe nhan xo noi dia,38167,,0,interpolated_area,22.786,88.286,62.9,0.495,Dat do bazan,4,low,0,
2021-08-23,2021-08-29,Kon Tum,Kon Tum,Robusta / ca phe nhan xo noi dia,38167,,0,interpolated_area,23.714,88.143,61.6,0.499,Dat do vang / dat bazan cuc bo,3,low,0,
2021-08-23,2021-08-29,Lam Dong,Bao Loc,Robusta / ca phe nhan xo noi dia,37467,,0,interpolated_area,21.871,91.571,86.0,0.499,Dat do vang tren bazan,4,low,0,
2021-08-23,2021-08-29,Lam Dong,Di Linh,Robusta / ca phe nhan xo noi dia,37467,,0,interpolated_area,21.129,92.0,191.6,0.503,Dat do vang tren bazan,4,medium,0,
2021-08-23,2021-08-29,Lam Dong,Lam Ha,Robusta / ca phe nhan xo noi dia,37467,,0,interpolated_area,21.743,88.286,115.1,0.501,Dat do vang tren bazan,4,low,0,
2021-08-30,2021-09-05,Dak Lak,Buon Ho,Robusta / ca phe nhan xo noi dia,38883,,0,interpolated_area,23.143,89.714,59.2,0.493,Dat do bazan,5,medium,0,
2021-08-30,2021-09-05,Dak Lak,Cu M'gar,Robusta / ca phe nhan xo noi dia,38883,,0,interpolated_area,24.429,87.714,104.0,0.497,Dat do bazan,5,high,0,
2021-08-30,2021-09-05,Dak Lak,Ea H'leo,Robusta / ca phe nhan xo noi dia,38883,,0,interpolated_area,23.614,88.571,116.9,0.5,Dat do bazan,5,medium,0,
2021-08-30,2021-09-05,Dak Nong,Dak R'lap,Robusta / ca phe nhan xo noi dia,37614,,0,interpolated_area,22.943,92.0,72.0,0.5,Dat do bazan,4,low,0,
2021-08-30,2021-09-05,Dak Nong,Gia Nghia,Robusta / ca phe nhan xo noi dia,37614,,0,interpolated_area,22.729,91.286,77.0,0.501,Dat do bazan,4,low,0,
2021-08-30,2021-09-05,Gia Lai,Chu Prong,Robusta / ca phe nhan xo noi dia,38783,,0,interpolated_area,24.429,89.0,55.2,0.494,Dat do bazan,4,low,0,
2021-08-30,2021-09-05,Gia Lai,Ia Grai,Robusta / ca phe nhan xo noi dia,38783,,0,interpolated_area,25.043,89.429,73.0,0.501,Dat do bazan,4,low,0,
2021-08-30,2021-09-05,Gia Lai,Pleiku,Robusta / ca phe nhan xo noi dia,38783,,0,interpolated_area,22.7,90.857,55.4,0.498,Dat do bazan,4,low,0,
2021-08-30,2021-09-05,Kon Tum,Kon Tum,Robusta / ca phe nhan xo noi dia,38783,,0,interpolated_area,23.743,89.286,64.8,0.491,Dat do vang / dat bazan cuc bo,3,low,0,
2021-08-30,2021-09-05,Lam Dong,Bao Loc,Robusta / ca phe nhan xo noi dia,38083,,0,interpolated_area,21.914,91.286,45.7,0.497,Dat do vang tren bazan,4,low,0,
2021-08-30,2021-09-05,Lam Dong,Di Linh,Robusta / ca phe nhan xo noi dia,38083,,0,interpolated_area,21.314,91.429,54.6,0.499,Dat do vang tren bazan,4,medium,0,
2021-08-30,2021-09-05,Lam Dong,Lam Ha,Robusta / ca phe nhan xo noi dia,38083,,0,interpolated_area,21.843,88.857,59.8,0.491,Dat do vang tren bazan,4,low,0,
2021-09-06,2021-09-12,Dak Lak,Buon Ho,Robusta / ca phe nhan xo noi dia,39500,39500.0,1,observed,22.543,92.429,111.1,0.508,Dat do bazan,5,medium,1,Nong Nghiep Moi Truong
2021-09-06,2021-09-12,Dak Lak,Cu M'gar,Robusta / ca phe nhan xo noi dia,39500,,0,province_proxy,23.9,90.286,132.0,0.506,Dat do bazan,5,high,0,
2021-09-06,2021-09-12,Dak Lak,Ea H'leo,Robusta / ca phe nhan xo noi dia,39500,39500.0,1,observed,22.929,91.857,193.1,0.507,Dat do bazan,5,medium,1,Nong Nghiep Moi Truong
2021-09-06,2021-09-12,Dak Nong,Dak R'lap,Robusta / ca phe nhan xo noi dia,37724,,0,interpolated_area,22.371,95.714,139.0,0.506,Dat do bazan,4,low,0,
2021-09-06,2021-09-12,Dak Nong,Gia Nghia,Robusta / ca phe nhan xo noi dia,37724,,0,interpolated_area,22.386,94.0,97.4,0.505,Dat do bazan,4,low,0,
2021-09-06,2021-09-12,Gia Lai,Chu Prong,Robusta / ca phe nhan xo noi dia,39400,,0,province_proxy,23.514,92.857,197.6,0.507,Dat do bazan,4,low,0,
2021-09-06,2021-09-12,Gia Lai,Ia Grai,Robusta / ca phe nhan xo noi dia,39400,39400.0,1,observed,24.257,93.286,184.3,0.507,Dat do bazan,4,low,1,Nong Nghiep Moi Truong
2021-09-06,2021-09-12,Gia Lai,Pleiku,Robusta / ca phe nhan xo noi dia,39400,39400.0,1,observed,22.071,94.0,170.5,0.507,Dat do bazan,4,low,1,Nong Nghiep Moi Truong
2021-09-06,2021-09-12,Kon Tum,Kon Tum,Robusta / ca phe nhan xo noi dia,39400,39400.0,1,observed,23.214,92.714,211.4,0.502,Dat do vang / dat bazan cuc bo,3,low,1,Nong Nghiep Moi Truong
2021-09-06,2021-09-12,Lam Dong,Bao Loc,Robusta / ca phe nhan xo noi dia,38700,38700.0,1,observed,21.543,93.714,86.0,0.506,Dat do vang tren bazan,4,low,1,Nong Nghiep Moi Truong
2021-09-06,2021-09-12,Lam Dong,Di Linh,Robusta / ca phe nhan xo noi dia,38700,38700.0,1,observed,20.957,93.714,89.2,0.505,Dat do vang tren bazan,4,medium,1,Nong Nghiep Moi Truong
2021-09-06,2021-09-12,Lam Dong,Lam Ha,Robusta / ca phe nhan xo noi dia,38700,38700.0,1,observed,21.7,89.571,80.0,0.501,Dat do vang tren bazan,4,low,1,Nong Nghiep Moi Truong
2021-09-13,2021-09-19,Dak Lak,Buon Ho,Robusta / ca phe nhan xo noi dia,39900,39900.0,5,observed,23.171,89.857,79.4,0.486,Dat do bazan,5,medium,5,Nong Nghiep Moi Truong
2021-09-13,2021-09-19,Dak Lak,Cu M'gar,Robusta / ca phe nhan xo noi dia,39900,,0,province_proxy,24.629,86.286,150.3,0.492,Dat do bazan,5,high,0,
2021-09-13,2021-09-19,Dak Lak,Ea H'leo,Robusta / ca phe nhan xo noi dia,39900,39900.0,5,observed,23.9,86.286,84.2,0.482,Dat do bazan,5,medium,5,Nong Nghiep Moi Truong
2021-09-13,2021-09-19,Dak Nong,Dak R'lap,Robusta / ca phe nhan xo noi dia,37834,,0,interpolated_area,22.943,92.857,62.8,0.499,Dat do bazan,4,low,0,
2021-09-13,2021-09-19,Dak Nong,Gia Nghia,Robusta / ca phe nhan xo noi dia,37834,,0,interpolated_area,22.843,90.857,58.6,0.493,Dat do bazan,4,low,0,
2021-09-13,2021-09-19,Gia Lai,Chu Prong,Robusta / ca phe nhan xo noi dia,39800,,0,province_proxy,24.857,86.857,97.4,0.487,Dat do bazan,4,low,0,
2021-09-13,2021-09-19,Gia Lai,Ia Grai,Robusta / ca phe nhan xo noi dia,39800,39800.0,5,observed,25.5,86.714,70.3,0.488,Dat do bazan,4,low,5,Nong Nghiep Moi Truong
2021-09-13,2021-09-19,Gia Lai,Pleiku,Robusta / ca phe nhan xo noi dia,39800,39800.0,5,observed,23.129,89.0,63.1,0.488,Dat do bazan,4,low,5,Nong Nghiep Moi Truong
2021-09-13,2021-09-19,Kon Tum,Kon Tum,Robusta / ca phe nhan xo noi dia,39800,39800.0,5,observed,24.114,87.714,28.4,0.47,Dat do vang / dat bazan cuc bo,3,low,5,Nong Nghiep Moi Truong
2021-09-13,2021-09-19,Lam Dong,Bao Loc,Robusta / ca phe nhan xo noi dia,39100,39100.0,5,observed,21.843,91.714,50.1,0.495,Dat do vang tren bazan,4,low,5,Nong Nghiep Moi Truong
2021-09-13,2021-09-19,Lam Dong,Di Linh,Robusta / ca phe nhan xo noi dia,39100,39100.0,5,observed,21.329,92.0,91.1,0.5,Dat do vang tren bazan,4,medium,5,Nong Nghiep Moi Truong
2021-09-13,2021-09-19,Lam Dong,Lam Ha,Robusta / ca phe nhan xo noi dia,39100,39100.0,5,observed,21.614,89.714,62.2,0.494,Dat do vang tren bazan,4,low,5,Nong Nghiep Moi Truong
2021-09-20,2021-09-26,Dak Lak,Buon Ho,Robusta / ca phe nhan xo noi dia,40250,,0,interpolated_area,22.671,89.857,148.7,0.502,Dat do bazan,5,medium,0,
2021-09-20,2021-09-26,Dak Lak,Cu M'gar,Robusta / ca phe nhan xo noi dia,40250,,0,interpolated_area,24.071,87.429,120.5,0.501,Dat do bazan,5,high,0,
2021-09-20,2021-09-26,Dak Lak,Ea H'leo,Robusta / ca phe nhan xo noi dia,40250,,0,interpolated_area,23.214,88.286,157.7,0.501,Dat do bazan,5,medium,0,
2021-09-20,2021-09-26,Dak Nong,Dak R'lap,Robusta / ca phe nhan xo noi dia,37943,,0,interpolated_area,22.514,93.714,96.4,0.505,Dat do bazan,4,low,0,
2021-09-20,2021-09-26,Dak Nong,Gia Nghia,Robusta / ca phe nhan xo noi dia,37943,,0,interpolated_area,22.5,92.571,105.6,0.503,Dat do bazan,4,low,0,
2021-09-20,2021-09-26,Gia Lai,Chu Prong,Robusta / ca phe nhan xo noi dia,40150,,0,interpolated_area,23.929,89.143,209.2,0.502,Dat do bazan,4,low,0,
2021-09-20,2021-09-26,Gia Lai,Ia Grai,Robusta / ca phe nhan xo noi dia,40150,,0,interpolated_area,24.671,89.286,260.2,0.506,Dat do bazan,4,low,0,
2021-09-20,2021-09-26,Gia Lai,Pleiku,Robusta / ca phe nhan xo noi dia,40150,,0,interpolated_area,22.286,91.286,211.8,0.506,Dat do bazan,4,low,0,
2021-09-20,2021-09-26,Kon Tum,Kon Tum,Robusta / ca phe nhan xo noi dia,40150,,0,interpolated_area,23.157,90.857,219.0,0.501,Dat do vang / dat bazan cuc bo,3,low,0,
2021-09-20,2021-09-26,Lam Dong,Bao Loc,Robusta / ca phe nhan xo noi dia,39450,,0,interpolated_area,21.757,91.714,82.3,0.502,Dat do vang tren bazan,4,low,0,
2021-09-20,2021-09-26,Lam Dong,Di Linh,Robusta / ca phe nhan xo noi dia,39450,,0,interpolated_area,21.071,92.714,97.3,0.502,Dat do vang tren bazan,4,medium,0,
2021-09-20,2021-09-26,Lam Dong,Lam Ha,Robusta / ca phe nhan xo noi dia,39450,,0,interpolated_area,21.529,89.0,105.3,0.499,Dat do vang tren bazan,4,low,0,
2021-09-27,2021-10-03,Dak Lak,Buon Ho,Robusta / ca phe nhan xo noi dia,40600,40600.0,1,observed,23.586,87.857,27.4,0.46,Dat do bazan,5,medium,1,Nong Nghiep Moi Truong
2021-09-27,2021-10-03,Dak Lak,Cu M'gar,Robusta / ca phe nhan xo noi dia,40600,,0,province_proxy,25.257,83.143,31.6,0.457,Dat do bazan,5,high,0,
2021-09-27,2021-10-03,Dak Lak,Ea H'leo,Robusta / ca phe nhan xo noi dia,40600,40600.0,1,observed,24.286,83.714,18.0,0.464,Dat do bazan,5,medium,1,Nong Nghiep Moi Truong
2021-09-27,2021-10-03,Dak Nong,Dak R'lap,Robusta / ca phe nhan xo noi dia,38053,,0,interpolated_area,23.386,91.714,133.6,0.5,Dat do bazan,4,low,0,
2021-09-27,2021-10-03,Dak Nong,Gia Nghia,Robusta / ca phe nhan xo noi dia,38053,,0,interpolated_area,23.314,89.714,155.8,0.495,Dat do bazan,4,low,0,
2021-09-27,2021-10-03,Gia Lai,Chu Prong,Robusta / ca phe nhan xo noi dia,40500,,0,province_proxy,25.243,82.857,28.3,0.444,Dat do bazan,4,low,0,
2021-09-27,2021-10-03,Gia Lai,Ia Grai,Robusta / ca phe nhan xo noi dia,40500,40500.0,1,observed,25.8,83.286,24.5,0.461,Dat do bazan,4,low,1,Nong Nghiep Moi Truong
2021-09-27,2021-10-03,Gia Lai,Pleiku,Robusta / ca phe nhan xo noi dia,40500,40500.0,1,observed,23.343,84.429,13.3,0.46,Dat do bazan,4,low,1,Nong Nghiep Moi Truong
2021-09-27,2021-10-03,Kon Tum,Kon Tum,Robusta / ca phe nhan xo noi dia,40500,40500.0,1,observed,24.257,82.714,4.8,0.426,Dat do vang / dat bazan cuc bo,3,low,1,Nong Nghiep Moi Truong
2021-09-27,2021-10-03,Lam Dong,Bao Loc,Robusta / ca phe nhan xo noi dia,39800,39800.0,1,observed,22.314,89.857,158.7,0.495,Dat do vang tren bazan,4,low,1,Nong Nghiep Moi Truong
2021-09-27,2021-10-03,Lam Dong,Di Linh,Robusta / ca phe nhan xo noi dia,39800,39800.0,1,observed,21.9,89.286,139.8,0.495,Dat do vang tren bazan,4,medium,1,Nong Nghiep Moi Truong
2021-09-27,2021-10-03,Lam Dong,Lam Ha,Robusta / ca phe nhan xo noi dia,39800,39800.0,1,observed,22.171,88.286,125.0,0.486,Dat do vang tren bazan,4,low,1,Nong Nghiep Moi Truong
2021-10-04,2021-10-10,Dak Lak,Buon Ho,Robusta / ca phe nhan xo noi dia,40100,40100.0,1,observed,22.443,92.0,78.3,0.493,Dat do bazan,5,medium,1,Nong Nghiep Moi Truong
2021-10-04,2021-10-10,Dak Lak,Cu M'gar,Robusta / ca phe nhan xo noi dia,40100,,0,province_proxy,23.829,89.571,68.5,0.497,Dat do bazan,5,high,0,
2021-10-04,2021-10-10,Dak Lak,Ea H'leo,Robusta / ca phe nhan xo noi dia,40100,40100.0,1,observed,22.843,90.714,83.8,0.49,Dat do bazan,5,medium,1,Nong Nghiep Moi Truong
2021-10-04,2021-10-10,Dak Nong,Dak R'lap,Robusta / ca phe nhan xo noi dia,38163,,0,interpolated_area,22.657,93.714,73.2,0.503,Dat do bazan,4,low,0,
2021-10-04,2021-10-10,Dak Nong,Gia Nghia,Robusta / ca phe nhan xo noi dia,38163,,0,interpolated_area,22.571,92.429,56.3,0.499,Dat do bazan,4,low,0,
2021-10-04,2021-10-10,Gia Lai,Chu Prong,Robusta / ca phe nhan xo noi dia,40000,,0,province_proxy,23.557,91.571,115.6,0.496,Dat do bazan,4,low,0,
2021-10-04,2021-10-10,Gia Lai,Ia Grai,Robusta / ca phe nhan xo noi dia,40000,40000.0,1,observed,24.243,92.714,135.4,0.501,Dat do bazan,4,low,1,Nong Nghiep Moi Truong
2021-10-04,2021-10-10,Gia Lai,Pleiku,Robusta / ca phe nhan xo noi dia,40000,40000.0,1,observed,22.014,92.143,115.1,0.5,Dat do bazan,4,low,1,Nong Nghiep Moi Truong
2021-10-04,2021-10-10,Kon Tum,Kon Tum,Robusta / ca phe nhan xo noi dia,40000,40000.0,1,observed,23.143,90.714,142.3,0.482,Dat do vang / dat bazan cuc bo,3,low,1,Nong Nghiep Moi Truong
2021-10-04,2021-10-10,Lam Dong,Bao Loc,Robusta / ca phe nhan xo noi dia,39300,39300.0,1,observed,21.629,93.0,65.4,0.5,Dat do vang tren bazan,4,low,1,Nong Nghiep Moi Truong
2021-10-04,2021-10-10,Lam Dong,Di Linh,Robusta / ca phe nhan xo noi dia,39300,39300.0,1,observed,20.929,93.857,65.4,0.502,Dat do vang tren bazan,4,medium,1,Nong Nghiep Moi Truong
2021-10-04,2021-10-10,Lam Dong,Lam Ha,Robusta / ca phe nhan xo noi dia,39300,39300.0,1,observed,21.643,89.143,52.2,0.491,Dat do vang tren bazan,4,low,1,Nong Nghiep Moi Truong
2021-10-11,2021-10-17,Dak Lak,Buon Ho,Robusta / ca phe nhan xo noi dia,40300,40300.0,5,observed,22.429,93.0,91.7,0.501,Dat do bazan,5,medium,5,Nong Nghiep Moi Truong
2021-10-11,2021-10-17,Dak Lak,Cu M'gar,Robusta / ca phe nhan xo noi dia,40300,,0,province_proxy,23.514,91.857,141.1,0.505,Dat do bazan,5,high,0,
2021-10-11,2021-10-17,Dak Lak,Ea H'leo,Robusta / ca phe nhan xo noi dia,40300,40300.0,5,observed,22.743,92.286,132.5,0.504,Dat do bazan,5,medium,5,Nong Nghiep Moi Truong
2021-10-11,2021-10-17,Dak Nong,Dak R'lap,Robusta / ca phe nhan xo noi dia,38272,,0,interpolated_area,22.214,96.571,134.6,0.508,Dat do bazan,4,low,0,
2021-10-11,2021-10-17,Dak Nong,Gia Nghia,Robusta / ca phe nhan xo noi dia,38272,,0,interpolated_area,22.257,94.571,117.9,0.506,Dat do bazan,4,low,0,
2021-10-11,2021-10-17,Gia Lai,Chu Prong,Robusta / ca phe nhan xo noi dia,40320,,0,province_proxy,23.243,94.286,179.4,0.505,Dat do bazan,4,low,0,
2021-10-11,2021-10-17,Gia Lai,Ia Grai,Robusta / ca phe nhan xo noi dia,40320,40320.0,5,observed,24.057,93.429,193.8,0.504,Dat do bazan,4,low,5,Nong Nghiep Moi Truong
2021-10-11,2021-10-17,Gia Lai,Pleiku,Robusta / ca phe nhan xo noi dia,40320,40320.0,5,observed,21.871,94.143,203.5,0.501,Dat do bazan,4,low,5,Nong Nghiep Moi Truong
2021-10-11,2021-10-17,Kon Tum,Kon Tum,Robusta / ca phe nhan xo noi dia,40400,40400.0,5,observed,23.2,91.0,175.2,0.499,Dat do vang / dat bazan cuc bo,3,low,5,Nong Nghiep Moi Truong
2021-10-11,2021-10-17,Lam Dong,Bao Loc,Robusta / ca phe nhan xo noi dia,39600,39600.0,5,observed,21.629,93.571,65.6,0.504,Dat do vang tren bazan,4,low,5,Nong Nghiep Moi Truong
2021-10-11,2021-10-17,Lam Dong,Di Linh,Robusta / ca phe nhan xo noi dia,39600,39600.0,5,observed,20.943,94.857,70.7,0.504,Dat do vang tren bazan,4,medium,5,Nong Nghiep Moi Truong
2021-10-11,2021-10-17,Lam Dong,Lam Ha,Robusta / ca phe nhan xo noi dia,39600,39600.0,5,observed,21.857,90.0,75.7,0.494,Dat do vang tren bazan,4,low,5,Nong Nghiep Moi Truong
2021-10-18,2021-10-24,Dak Lak,Buon Ho,Robusta / ca phe nhan xo noi dia,40267,40266.666666666664,3,observed,22.729,90.571,16.4,0.445,Dat do bazan,5,medium,3,Nong Nghiep Moi Truong
2021-10-18,2021-10-24,Dak Lak,Cu M'gar,Robusta / ca phe nhan xo noi dia,40267,,0,province_proxy,24.543,85.0,25.9,0.458,Dat do bazan,5,high,0,
2021-10-18,2021-10-24,Dak Lak,Ea H'leo,Robusta / ca phe nhan xo noi dia,40267,40266.666666666664,3,observed,23.343,88.143,17.8,0.47,Dat do bazan,5,medium,3,Nong Nghiep Moi Truong
2021-10-18,2021-10-24,Dak Nong,Dak R'lap,Robusta / ca phe nhan xo noi dia,38382,,0,interpolated_area,22.8,90.286,68.1,0.493,Dat do bazan,4,low,0,
2021-10-18,2021-10-24,Dak Nong,Gia Nghia,Robusta / ca phe nhan xo noi dia,38382,,0,interpolated_area,22.629,89.714,47.5,0.486,Dat do bazan,4,low,0,
2021-10-18,2021-10-24,Gia Lai,Chu Prong,Robusta / ca phe nhan xo noi dia,40167,,0,province_proxy,24.314,86.0,33.9,0.481,Dat do bazan,4,low,0,
2021-10-18,2021-10-24,Gia Lai,Ia Grai,Robusta / ca phe nhan xo noi dia,40167,40166.666666666664,3,observed,24.829,86.857,40.8,0.486,Dat do bazan,4,low,3,Nong Nghiep Moi Truong
2021-10-18,2021-10-24,Gia Lai,Pleiku,Robusta / ca phe nhan xo noi dia,40167,40166.666666666664,3,observed,22.4,89.0,39.8,0.489,Dat do bazan,4,low,3,Nong Nghiep Moi Truong
2021-10-18,2021-10-24,Kon Tum,Kon Tum,Robusta / ca phe nhan xo noi dia,40267,40266.666666666664,3,observed,23.1,89.0,55.8,0.49,Dat do vang / dat bazan cuc bo,3,low,3,Nong Nghiep Moi Truong
2021-10-18,2021-10-24,Lam Dong,Bao Loc,Robusta / ca phe nhan xo noi dia,39467,39466.666666666664,3,observed,21.529,90.857,66.1,0.491,Dat do vang tren bazan,4,low,3,Nong Nghiep Moi Truong
2021-10-18,2021-10-24,Lam Dong,Di Linh,Robusta / ca phe nhan xo noi dia,39467,39466.666666666664,3,observed,21.443,88.857,67.1,0.494,Dat do vang tren bazan,4,medium,3,Nong Nghiep Moi Truong
2021-10-18,2021-10-24,Lam Dong,Lam Ha,Robusta / ca phe nhan xo noi dia,39467,39466.666666666664,3,observed,21.2,88.714,60.4,0.488,Dat do vang tren bazan,4,low,3,Nong Nghiep Moi Truong
2021-10-25,2021-10-31,Dak Lak,Buon Ho,Robusta / ca phe nhan xo noi dia,41133,,0,interpolated_area,22.043,91.143,66.5,0.476,Dat do bazan,5,medium,0,
2021-10-25,2021-10-31,Dak Lak,Cu M'gar,Robusta / ca phe nhan xo noi dia,41133,,0,interpolated_area,23.814,85.571,65.9,0.471,Dat do bazan,5,high,0,
2021-10-25,2021-10-31,Dak Lak,Ea H'leo,Robusta / ca phe nhan xo noi dia,41133,,0,interpolated_area,22.743,87.857,69.4,0.483,Dat do bazan,5,medium,0,
2021-10-25,2021-10-31,Dak Nong,Dak R'lap,Robusta / ca phe nhan xo noi dia,38492,,0,interpolated_area,22.629,88.857,61.1,0.486,Dat do bazan,4,low,0,
2021-10-25,2021-10-31,Dak Nong,Gia Nghia,Robusta / ca phe nhan xo noi dia,38492,,0,interpolated_area,22.329,88.571,67.9,0.481,Dat do bazan,4,low,0,
2021-10-25,2021-10-31,Gia Lai,Chu Prong,Robusta / ca phe nhan xo noi dia,41033,,0,interpolated_area,24.457,80.286,24.9,0.471,Dat do bazan,4,low,0,
2021-10-25,2021-10-31,Gia Lai,Ia Grai,Robusta / ca phe nhan xo noi dia,41033,,0,interpolated_area,25.129,79.714,37.1,0.475,Dat do bazan,4,low,0,
2021-10-25,2021-10-31,Gia Lai,Pleiku,Robusta / ca phe nhan xo noi dia,41033,,0,interpolated_area,22.314,84.857,30.3,0.477,Dat do bazan,4,low,0,
2021-10-25,2021-10-31,Kon Tum,Kon Tum,Robusta / ca phe nhan xo noi dia,41133,,0,interpolated_area,23.386,82.714,50.4,0.473,Dat do vang / dat bazan cuc bo,3,low,0,
2021-10-25,2021-10-31,Lam Dong,Bao Loc,Robusta / ca phe nhan xo noi dia,40333,,0,interpolated_area,21.229,89.143,92.1,0.489,Dat do vang tren bazan,4,low,0,
2021-10-25,2021-10-31,Lam Dong,Di Linh,Robusta / ca phe nhan xo noi dia,40333,,0,interpolated_area,20.929,89.714,113.8,0.494,Dat do vang tren bazan,4,medium,0,
2021-10-25,2021-10-31,Lam Dong,Lam Ha,Robusta / ca phe nhan xo noi dia,40333,,0,interpolated_area,21.029,88.0,103.1,0.495,Dat do vang tren bazan,4,low,0,
2021-11-01,2021-11-07,Dak Lak,Buon Ho,Robusta / ca phe nhan xo noi dia,42000,42000.0,1,observed,22.514,88.286,6.9,0.414,Dat do bazan,5,medium,1,Nong Nghiep Moi Truong
2021-11-01,2021-11-07,Dak Lak,Cu M'gar,Robusta / ca phe nhan xo noi dia,42000,,0,province_proxy,24.5,81.286,4.3,0.397,Dat do bazan,5,high,0,
2021-11-01,2021-11-07,Dak Lak,Ea H'leo,Robusta / ca phe nhan xo noi dia,42000,42000.0,1,observed,23.429,83.286,3.5,0.421,Dat do bazan,5,medium,1,Nong Nghiep Moi Truong
2021-11-01,2021-11-07,Dak Nong,Dak R'lap,Robusta / ca phe nhan xo noi dia,38601,,0,interpolated_area,23.214,86.0,6.5,0.456,Dat do bazan,4,low,0,
2021-11-01,2021-11-07,Dak Nong,Gia Nghia,Robusta / ca phe nhan xo noi dia,38601,,0,interpolated_area,22.886,85.286,13.1,0.445,Dat do bazan,4,low,0,
2021-11-01,2021-11-07,Gia Lai,Chu Prong,Robusta / ca phe nhan xo noi dia,41900,,0,province_proxy,25.257,74.143,0.8,0.356,Dat do bazan,4,low,0,
2021-11-01,2021-11-07,Gia Lai,Ia Grai,Robusta / ca phe nhan xo noi dia,41900,41900.0,1,observed,26.057,73.714,1.1,0.396,Dat do bazan,4,low,1,Nong Nghiep Moi Truong
2021-11-01,2021-11-07,Gia Lai,Pleiku,Robusta / ca phe nhan xo noi dia,41900,41900.0,1,observed,22.786,81.0,0.1,0.397,Dat do bazan,4,low,1,Nong Nghiep Moi Truong
2021-11-01,2021-11-07,Kon Tum,Kon Tum,Robusta / ca phe nhan xo noi dia,42000,42000.0,1,observed,23.8,79.0,1.0,0.386,Dat do vang / dat bazan cuc bo,3,low,1,Nong Nghiep Moi Truong
2021-11-01,2021-11-07,Lam Dong,Bao Loc,Robusta / ca phe nhan xo noi dia,41200,41200.0,1,observed,21.7,86.714,21.8,0.47,Dat do vang tren bazan,4,low,1,Nong Nghiep Moi Truong
2021-11-01,2021-11-07,Lam Dong,Di Linh,Robusta / ca phe nhan xo noi dia,41200,41200.0,1,observed,21.671,83.714,12.8,0.463,Dat do vang tren bazan,4,medium,1,Nong Nghiep Moi Truong
2021-11-01,2021-11-07,Lam Dong,Lam Ha,Robusta / ca phe nhan xo noi dia,41200,41200.0,1,observed,21.143,85.143,16.1,0.457,Dat do vang tren bazan,4,low,1,Nong Nghiep Moi Truong
2021-11-08,2021-11-14,Dak Lak,Buon Ho,Robusta / ca phe nhan xo noi dia,41300,41300.0,4,observed,21.443,92.571,73.3,0.466,Dat do bazan,5,medium,4,Nong Nghiep Moi Truong
2021-11-08,2021-11-14,Dak Lak,Cu M'gar,Robusta / ca phe nhan xo noi dia,41300,,0,province_proxy,23.386,85.571,79.8,0.44,Dat do bazan,5,high,0,
2021-11-08,2021-11-14,Dak Lak,Ea H'leo,Robusta / ca phe nhan xo noi dia,41300,41300.0,4,observed,21.743,90.143,45.5,0.456,Dat do bazan,5,medium,4,Nong Nghiep Moi Truong
2021-11-08,2021-11-14,Dak Nong,Dak R'lap,Robusta / ca phe nhan xo noi dia,38711,,0,interpolated_area,22.886,87.286,47.1,0.456,Dat do bazan,4,low,0,
2021-11-08,2021-11-14,Dak Nong,Gia Nghia,Robusta / ca phe nhan xo noi dia,38711,,0,interpolated_area,22.657,87.429,39.4,0.451,Dat do bazan,4,low,0,
2021-11-08,2021-11-14,Gia Lai,Chu Prong,Robusta / ca phe nhan xo noi dia,41250,,0,province_proxy,24.343,74.286,13.2,0.296,Dat do bazan,4,low,0,
2021-11-08,2021-11-14,Gia Lai,Ia Grai,Robusta / ca phe nhan xo noi dia,41250,41250.0,4,observed,24.871,72.714,13.3,0.364,Dat do bazan,4,low,4,Nong Nghiep Moi Truong
2021-11-08,2021-11-14,Gia Lai,Pleiku,Robusta / ca phe nhan xo noi dia,41250,41250.0,4,observed,21.814,80.0,18.3,0.347,Dat do bazan,4,low,4,Nong Nghiep Moi Truong
2021-11-08,2021-11-14,Kon Tum,Kon Tum,Robusta / ca phe nhan xo noi dia,41250,41250.0,4,observed,22.486,80.143,54.5,0.356,Dat do vang / dat bazan cuc bo,3,low,4,Nong Nghiep Moi Truong
2021-11-08,2021-11-14,Lam Dong,Bao Loc,Robusta / ca phe nhan xo noi dia,40500,40500.0,4,observed,21.786,89.286,45.5,0.471,Dat do vang tren bazan,4,low,4,Nong Nghiep Moi Truong
2021-11-08,2021-11-14,Lam Dong,Di Linh,Robusta / ca phe nhan xo noi dia,40500,40500.0,4,observed,21.557,86.714,59.5,0.469,Dat do vang tren bazan,4,medium,4,Nong Nghiep Moi Truong
2021-11-08,2021-11-14,Lam Dong,Lam Ha,Robusta / ca phe nhan xo noi dia,40500,40500.0,4,observed,22.029,84.714,77.5,0.467,Dat do vang tren bazan,4,low,4,Nong Nghiep Moi Truong
2021-11-15,2021-11-21,Dak Lak,Buon Ho,Robusta / ca phe nhan xo noi dia,40900,40900.0,6,observed,21.757,93.0,15.8,0.475,Dat do bazan,5,medium,6,Nong Nghiep Moi Truong
2021-11-15,2021-11-21,Dak Lak,Cu M'gar,Robusta / ca phe nhan xo noi dia,40900,,0,province_proxy,23.829,85.286,7.4,0.453,Dat do bazan,5,high,0,
2021-11-15,2021-11-21,Dak Lak,Ea H'leo,Robusta / ca phe nhan xo noi dia,40900,40900.0,6,observed,22.443,89.429,17.6,0.474,Dat do bazan,5,medium,6,Nong Nghiep Moi Truong
2021-11-15,2021-11-21,Dak Nong,Dak R'lap,Robusta / ca phe nhan xo noi dia,38820,,0,interpolated_area,22.714,90.429,40.6,0.49,Dat do bazan,4,low,0,
2021-11-15,2021-11-21,Dak Nong,Gia Nghia,Robusta / ca phe nhan xo noi dia,38820,,0,interpolated_area,22.543,89.429,58.8,0.487,Dat do bazan,4,low,0,
2021-11-15,2021-11-21,Gia Lai,Chu Prong,Robusta / ca phe nhan xo noi dia,40867,,0,province_proxy,24.786,76.714,4.2,0.346,Dat do bazan,4,low,0,
2021-11-15,2021-11-21,Gia Lai,Ia Grai,Robusta / ca phe nhan xo noi dia,40867,40866.666666666664,6,observed,25.643,75.143,7.2,0.385,Dat do bazan,4,low,6,Nong Nghiep Moi Truong
2021-11-15,2021-11-21,Gia Lai,Pleiku,Robusta / ca phe nhan xo noi dia,40867,40866.666666666664,6,observed,22.371,83.0,4.4,0.396,Dat do bazan,4,low,6,Nong Nghiep Moi Truong
2021-11-15,2021-11-21,Kon Tum,Kon Tum,Robusta / ca phe nhan xo noi dia,40867,40866.666666666664,6,observed,23.357,80.571,1.7,0.415,Dat do vang / dat bazan cuc bo,3,low,6,Nong Nghiep Moi Truong
2021-11-15,2021-11-21,Lam Dong,Bao Loc,Robusta / ca phe nhan xo noi dia,40100,40100.0,6,observed,21.443,90.0,77.6,0.494,Dat do vang tren bazan,4,low,6,Nong Nghiep Moi Truong
2021-11-15,2021-11-21,Lam Dong,Di Linh,Robusta / ca phe nhan xo noi dia,40100,40100.0,6,observed,21.314,88.143,72.7,0.493,Dat do vang tren bazan,4,medium,6,Nong Nghiep Moi Truong
2021-11-15,2021-11-21,Lam Dong,Lam Ha,Robusta / ca phe nhan xo noi dia,40100,40100.0,6,observed,21.414,86.571,87.5,0.495,Dat do vang tren bazan,4,low,6,Nong Nghiep Moi Truong
2021-11-22,2021-11-28,Dak Lak,Buon Ho,Robusta / ca phe nhan xo noi dia,41050,,0,interpolated_area,21.043,89.857,23.2,0.461,Dat do bazan,5,medium,0,
2021-11-22,2021-11-28,Dak Lak,Cu M'gar,Robusta / ca phe nhan xo noi dia,41050,,0,interpolated_area,23.014,82.714,13.4,0.408,Dat do bazan,5,high,0,
2021-11-22,2021-11-28,Dak Lak,Ea H'leo,Robusta / ca phe nhan xo noi dia,41050,,0,interpolated_area,21.329,88.857,30.2,0.46,Dat do bazan,5,medium,0,
2021-11-22,2021-11-28,Dak Nong,Dak R'lap,Robusta / ca phe nhan xo noi dia,38930,,0,interpolated_area,22.357,83.571,47.7,0.47,Dat do bazan,4,low,0,
2021-11-22,2021-11-28,Dak Nong,Gia Nghia,Robusta / ca phe nhan xo noi dia,38930,,0,interpolated_area,21.971,85.143,48.3,0.466,Dat do bazan,4,low,0,
2021-11-22,2021-11-28,Gia Lai,Chu Prong,Robusta / ca phe nhan xo noi dia,40983,,0,interpolated_area,24.386,70.143,12.4,0.275,Dat do bazan,4,low,0,
2021-11-22,2021-11-28,Gia Lai,Ia Grai,Robusta / ca phe nhan xo noi dia,40983,,0,interpolated_area,25.314,67.714,3.9,0.324,Dat do bazan,4,low,0,
2021-11-22,2021-11-28,Gia Lai,Pleiku,Robusta / ca phe nhan xo noi dia,40983,,0,interpolated_area,21.857,76.571,8.8,0.329,Dat do bazan,4,low,0,
2021-11-22,2021-11-28,Kon Tum,Kon Tum,Robusta / ca phe nhan xo noi dia,41033,,0,interpolated_area,22.957,74.286,5.0,0.322,Dat do vang / dat bazan cuc bo,3,low,0,
2021-11-22,2021-11-28,Lam Dong,Bao Loc,Robusta / ca phe nhan xo noi dia,40300,,0,interpolated_area,20.714,89.714,47.5,0.477,Dat do vang tren bazan,4,low,0,
2021-11-22,2021-11-28,Lam Dong,Di Linh,Robusta / ca phe nhan xo noi dia,40300,,0,interpolated_area,20.657,86.286,41.5,0.477,Dat do vang tren bazan,4,medium,0,
2021-11-22,2021-11-28,Lam Dong,Lam Ha,Robusta / ca phe nhan xo noi dia,40300,,0,interpolated_area,21.071,84.286,64.4,0.486,Dat do vang tren bazan,4,low,0,
2021-11-29,2021-12-05,Dak Lak,Buon Ho,Robusta / ca phe nhan xo noi dia,41200,41200.0,1,observed,19.086,85.857,32.4,0.466,Dat do bazan,5,medium,1,Nong Nghiep Moi Truong
2021-11-29,2021-12-05,Dak Lak,Cu M'gar,Robusta / ca phe nhan xo noi dia,41200,,0,province_proxy,20.914,79.571,47.7,0.463,Dat do bazan,5,high,0,
2021-11-29,2021-12-05,Dak Lak,Ea H'leo,Robusta / ca phe nhan xo noi dia,41200,41200.0,1,observed,19.586,82.143,38.6,0.473,Dat do bazan,5,medium,1,Nong Nghiep Moi Truong
2021-11-29,2021-12-05,Dak Nong,Dak R'lap,Robusta / ca phe nhan xo noi dia,39040,,0,interpolated_area,20.643,79.571,33.0,0.463,Dat do bazan,4,low,0,
2021-11-29,2021-12-05,Dak Nong,Gia Nghia,Robusta / ca phe nhan xo noi dia,39040,,0,interpolated_area,20.329,80.429,35.9,0.455,Dat do bazan,4,low,0,
2021-11-29,2021-12-05,Gia Lai,Chu Prong,Robusta / ca phe nhan xo noi dia,41100,,0,province_proxy,21.271,72.571,32.3,0.441,Dat do bazan,4,low,0,
2021-11-29,2021-12-05,Gia Lai,Ia Grai,Robusta / ca phe nhan xo noi dia,41100,41100.0,1,observed,22.357,69.0,24.8,0.404,Dat do bazan,4,low,1,Nong Nghiep Moi Truong
2021-11-29,2021-12-05,Gia Lai,Pleiku,Robusta / ca phe nhan xo noi dia,41100,41100.0,1,observed,19.171,76.857,21.4,0.444,Dat do bazan,4,low,1,Nong Nghiep Moi Truong
2021-11-29,2021-12-05,Kon Tum,Kon Tum,Robusta / ca phe nhan xo noi dia,41200,41200.0,1,observed,19.914,78.0,27.0,0.455,Dat do vang / dat bazan cuc bo,3,low,1,Nong Nghiep Moi Truong
2021-11-29,2021-12-05,Lam Dong,Bao Loc,Robusta / ca phe nhan xo noi dia,40500,40500.0,1,observed,19.286,85.714,39.9,0.463,Dat do vang tren bazan,4,low,1,Nong Nghiep Moi Truong
2021-11-29,2021-12-05,Lam Dong,Di Linh,Robusta / ca phe nhan xo noi dia,40500,40500.0,1,observed,19.343,84.857,40.8,0.463,Dat do vang tren bazan,4,medium,1,Nong Nghiep Moi Truong
2021-11-29,2021-12-05,Lam Dong,Lam Ha,Robusta / ca phe nhan xo noi dia,40500,40500.0,1,observed,19.514,82.714,50.7,0.457,Dat do vang tren bazan,4,low,1,Nong Nghiep Moi Truong
2021-12-06,2021-12-12,Dak Lak,Buon Ho,Robusta / ca phe nhan xo noi dia,41500,41500.0,2,observed,19.357,85.143,2.2,0.389,Dat do bazan,5,medium,2,Nong Nghiep Moi Truong
2021-12-06,2021-12-12,Dak Lak,Cu M'gar,Robusta / ca phe nhan xo noi dia,41500,,0,province_proxy,21.257,78.571,1.5,0.379,Dat do bazan,5,high,0,
2021-12-06,2021-12-12,Dak Lak,Ea H'leo,Robusta / ca phe nhan xo noi dia,41500,41500.0,2,observed,19.943,81.714,5.0,0.412,Dat do bazan,5,medium,2,Nong Nghiep Moi Truong
2021-12-06,2021-12-12,Dak Nong,Dak R'lap,Robusta / ca phe nhan xo noi dia,39149,,0,interpolated_area,21.429,74.429,0.2,0.382,Dat do bazan,4,low,0,
2021-12-06,2021-12-12,Dak Nong,Gia Nghia,Robusta / ca phe nhan xo noi dia,39149,,0,interpolated_area,21.014,76.143,0.1,0.355,Dat do bazan,4,low,0,
2021-12-06,2021-12-12,Gia Lai,Chu Prong,Robusta / ca phe nhan xo noi dia,41400,,0,province_proxy,21.814,69.143,0.7,0.324,Dat do bazan,4,low,0,
2021-12-06,2021-12-12,Gia Lai,Ia Grai,Robusta / ca phe nhan xo noi dia,41400,41400.0,2,observed,23.043,65.429,1.7,0.319,Dat do bazan,4,low,2,Nong Nghiep Moi Truong
2021-12-06,2021-12-12,Gia Lai,Pleiku,Robusta / ca phe nhan xo noi dia,41400,41400.0,2,observed,19.657,73.857,0.2,0.356,Dat do bazan,4,low,2,Nong Nghiep Moi Truong
2021-12-06,2021-12-12,Kon Tum,Kon Tum,Robusta / ca phe nhan xo noi dia,41500,41500.0,2,observed,20.0,76.143,0.0,0.361,Dat do vang / dat bazan cuc bo,3,low,2,Nong Nghiep Moi Truong
2021-12-06,2021-12-12,Lam Dong,Bao Loc,Robusta / ca phe nhan xo noi dia,40800,40800.0,2,observed,19.3,84.571,1.1,0.39,Dat do vang tren bazan,4,low,2,Nong Nghiep Moi Truong
2021-12-06,2021-12-12,Lam Dong,Di Linh,Robusta / ca phe nhan xo noi dia,40800,40800.0,2,observed,19.214,82.571,4.9,0.412,Dat do vang tren bazan,4,medium,2,Nong Nghiep Moi Truong
2021-12-06,2021-12-12,Lam Dong,Lam Ha,Robusta / ca phe nhan xo noi dia,40800,40800.0,2,observed,19.414,81.286,1.5,0.379,Dat do vang tren bazan,4,low,2,Nong Nghiep Moi Truong
2021-12-13,2021-12-19,Dak Lak,Buon Ho,Robusta / ca phe nhan xo noi dia,41529,41528.57142857143,7,observed,20.157,86.143,17.8,0.355,Dat do bazan,5,medium,7,Nong Nghiep Moi Truong
2021-12-13,2021-12-19,Dak Lak,Cu M'gar,Robusta / ca phe nhan xo noi dia,41529,,0,province_proxy,22.157,78.857,10.8,0.318,Dat do bazan,5,high,0,
2021-12-13,2021-12-19,Dak Lak,Ea H'leo,Robusta / ca phe nhan xo noi dia,41529,41528.57142857143,7,observed,20.571,84.0,15.3,0.376,Dat do bazan,5,medium,7,Nong Nghiep Moi Truong
2021-12-13,2021-12-19,Dak Nong,Dak R'lap,Robusta / ca phe nhan xo noi dia,39259,,0,interpolated_area,22.443,74.429,0.9,0.327,Dat do bazan,4,low,0,
2021-12-13,2021-12-19,Dak Nong,Gia Nghia,Robusta / ca phe nhan xo noi dia,39259,,0,interpolated_area,21.886,76.286,0.7,0.291,Dat do bazan,4,low,0,
2021-12-13,2021-12-19,Gia Lai,Chu Prong,Robusta / ca phe nhan xo noi dia,41429,,0,province_proxy,23.057,70.571,11.1,0.259,Dat do bazan,4,low,0,
2021-12-13,2021-12-19,Gia Lai,Ia Grai,Robusta / ca phe nhan xo noi dia,41429,41428.57142857143,7,observed,24.114,68.429,11.3,0.282,Dat do bazan,4,low,7,Nong Nghiep Moi Truong
2021-12-13,2021-12-19,Gia Lai,Pleiku,Robusta / ca phe nhan xo noi dia,41429,41428.57142857143,7,observed,20.586,76.857,13.7,0.309,Dat do bazan,4,low,7,Nong Nghiep Moi Truong
2021-12-13,2021-12-19,Kon Tum,Kon Tum,Robusta / ca phe nhan xo noi dia,41486,41485.71428571428,7,observed,21.486,75.714,23.0,0.316,Dat do vang / dat bazan cuc bo,3,low,7,Nong Nghiep Moi Truong
2021-12-13,2021-12-19,Lam Dong,Bao Loc,Robusta / ca phe nhan xo noi dia,40829,40828.57142857143,7,observed,20.357,83.286,2.4,0.338,Dat do vang tren bazan,4,low,7,Nong Nghiep Moi Truong
2021-12-13,2021-12-19,Lam Dong,Di Linh,Robusta / ca phe nhan xo noi dia,40829,40828.57142857143,7,observed,20.143,81.714,0.6,0.338,Dat do vang tren bazan,4,medium,7,Nong Nghiep Moi Truong
2021-12-13,2021-12-19,Lam Dong,Lam Ha,Robusta / ca phe nhan xo noi dia,40829,40828.57142857143,7,observed,20.757,78.429,0.3,0.319,Dat do vang tren bazan,4,low,7,Nong Nghiep Moi Truong
2021-12-20,2021-12-26,Dak Lak,Buon Ho,Robusta / ca phe nhan xo noi dia,41500,41500.0,1,observed,20.414,88.286,0.8,0.396,Dat do bazan,5,medium,1,Nong Nghiep Moi Truong
2021-12-20,2021-12-26,Dak Lak,Cu M'gar,Robusta / ca phe nhan xo noi dia,41500,,0,province_proxy,22.743,79.429,0.5,0.34,Dat do bazan,5,high,0,
2021-12-20,2021-12-26,Dak Lak,Ea H'leo,Robusta / ca phe nhan xo noi dia,41500,41500.0,1,observed,21.4,83.143,2.3,0.403,Dat do bazan,5,medium,1,Nong Nghiep Moi Truong
2021-12-20,2021-12-26,Dak Nong,Dak R'lap,Robusta / ca phe nhan xo noi dia,39369,,0,interpolated_area,22.186,81.571,14.5,0.37,Dat do bazan,4,low,0,
2021-12-20,2021-12-26,Dak Nong,Gia Nghia,Robusta / ca phe nhan xo noi dia,39369,,0,interpolated_area,21.929,81.714,23.6,0.354,Dat do bazan,4,low,0,
2021-12-20,2021-12-26,Gia Lai,Chu Prong,Robusta / ca phe nhan xo noi dia,41400,,0,province_proxy,23.043,75.143,1.2,0.331,Dat do bazan,4,low,0,
2021-12-20,2021-12-26,Gia Lai,Ia Grai,Robusta / ca phe nhan xo noi dia,41400,41400.0,1,observed,24.257,71.286,2.1,0.33,Dat do bazan,4,low,1,Nong Nghiep Moi Truong
2021-12-20,2021-12-26,Gia Lai,Pleiku,Robusta / ca phe nhan xo noi dia,41400,41400.0,1,observed,20.614,81.286,4.0,0.357,Dat do bazan,4,low,1,Nong Nghiep Moi Truong
2021-12-20,2021-12-26,Kon Tum,Kon Tum,Robusta / ca phe nhan xo noi dia,41400,41400.0,1,observed,21.643,79.429,1.7,0.385,Dat do vang / dat bazan cuc bo,3,low,1,Nong Nghiep Moi Truong
2021-12-20,2021-12-26,Lam Dong,Bao Loc,Robusta / ca phe nhan xo noi dia,40800,40800.0,1,observed,20.671,83.429,6.8,0.338,Dat do vang tren bazan,4,low,1,Nong Nghiep Moi Truong
2021-12-20,2021-12-26,Lam Dong,Di Linh,Robusta / ca phe nhan xo noi dia,40800,40800.0,1,observed,20.443,81.429,9.0,0.336,Dat do vang tren bazan,4,medium,1,Nong Nghiep Moi Truong
2021-12-20,2021-12-26,Lam Dong,Lam Ha,Robusta / ca phe nhan xo noi dia,40800,40800.0,1,observed,20.371,81.429,7.7,0.307,Dat do vang tren bazan,4,low,1,Nong Nghiep Moi Truong
2021-12-27,2022-01-02,Dak Lak,Buon Ho,Robusta / ca phe nhan xo noi dia,41400,41400.0,1,observed,20.014,86.286,7.5,0.347,Dat do bazan,5,medium,1,Nong Nghiep Moi Truong
2021-12-27,2022-01-02,Dak Lak,Cu M'gar,Robusta / ca phe nhan xo noi dia,41400,,0,province_proxy,22.314,76.286,3.5,0.275,Dat do bazan,5,high,0,
2021-12-27,2022-01-02,Dak Lak,Ea H'leo,Robusta / ca phe nhan xo noi dia,41400,41400.0,1,observed,20.343,85.571,20.8,0.417,Dat do bazan,5,medium,1,Nong Nghiep Moi Truong
2021-12-27,2022-01-02,Dak Nong,Dak R'lap,Robusta / ca phe nhan xo noi dia,39478,,0,interpolated_area,22.086,75.143,3.3,0.372,Dat do bazan,4,low,0,
2021-12-27,2022-01-02,Dak Nong,Gia Nghia,Robusta / ca phe nhan xo noi dia,39478,,0,interpolated_area,21.586,77.429,2.2,0.35,Dat do bazan,4,low,0,
2021-12-27,2022-01-02,Gia Lai,Chu Prong,Robusta / ca phe nhan xo noi dia,41300,,0,province_proxy,23.214,66.429,7.7,0.25,Dat do bazan,4,low,0,
2021-12-27,2022-01-02,Gia Lai,Ia Grai,Robusta / ca phe nhan xo noi dia,41300,41300.0,1,observed,24.2,63.857,16.3,0.356,Dat do bazan,4,low,1,Nong Nghiep Moi Truong
2021-12-27,2022-01-02,Gia Lai,Pleiku,Robusta / ca phe nhan xo noi dia,41300,41300.0,1,observed,20.6,73.429,3.5,0.309,Dat do bazan,4,low,1,Nong Nghiep Moi Truong
2021-12-27,2022-01-02,Kon Tum,Kon Tum,Robusta / ca phe nhan xo noi dia,41300,41300.0,1,observed,21.529,71.714,0.5,0.317,Dat do vang / dat bazan cuc bo,3,low,1,Nong Nghiep Moi Truong
2021-12-27,2022-01-02,Lam Dong,Bao Loc,Robusta / ca phe nhan xo noi dia,40700,40700.0,1,observed,20.457,81.429,13.7,0.335,Dat do vang tren bazan,4,low,1,Nong Nghiep Moi Truong
2021-12-27,2022-01-02,Lam Dong,Di Linh,Robusta / ca phe nhan xo noi dia,40700,40700.0,1,observed,20.129,76.429,3.5,0.321,Dat do vang tren bazan,4,medium,1,Nong Nghiep Moi Truong
2021-12-27,2022-01-02,Lam Dong,Lam Ha,Robusta / ca phe nhan xo noi dia,40700,40700.0,1,observed,20.629,75.0,3.1,0.3,Dat do vang tren bazan,4,low,1,Nong Nghiep Moi Truong
2022-01-03,2022-01-09,Dak Lak,Buon Ho,Robusta / ca phe nhan xo noi dia,40742,,0,interpolated_area,20.143,86.571,2.3,0.294,Dat do bazan,5,medium,0,
2022-01-03,2022-01-09,Dak Lak,Cu M'gar,Robusta / ca phe nhan xo noi dia,40742,,0,interpolated_area,22.529,76.143,1.0,0.238,Dat do bazan,5,high,0,
2022-01-03,2022-01-09,Dak Lak,Ea H'leo,Robusta / ca phe nhan xo noi dia,40742,,0,interpolated_area,20.857,82.429,2.3,0.359,Dat do bazan,5,medium,0,
2022-01-03,2022-01-09,Dak Nong,Dak R'lap,Robusta / ca phe nhan xo noi dia,39588,,0,interpolated_area,22.143,75.857,6.1,0.371,Dat do bazan,4,low,0,
2022-01-03,2022-01-09,Dak Nong,Gia Nghia,Robusta / ca phe nhan xo noi dia,39588,,0,interpolated_area,21.7,76.857,6.3,0.308,Dat do bazan,4,low,0,
2022-01-03,2022-01-09,Gia Lai,Chu Prong,Robusta / ca phe nhan xo noi dia,40692,,0,interpolated_area,23.643,65.571,6.5,0.216,Dat do bazan,4,low,0,
2022-01-03,2022-01-09,Gia Lai,Ia Grai,Robusta / ca phe nhan xo noi dia,40692,,0,interpolated_area,24.757,62.571,2.9,0.29,Dat do bazan,4,low,0,
2022-01-03,2022-01-09,Gia Lai,Pleiku,Robusta / ca phe nhan xo noi dia,40692,,0,interpolated_area,20.929,72.857,4.4,0.285,Dat do bazan,4,low,0,
2022-01-03,2022-01-09,Kon Tum,Kon Tum,Robusta / ca phe nhan xo noi dia,40692,,0,interpolated_area,21.729,71.714,0.8,0.272,Dat do vang / dat bazan cuc bo,3,low,0,
2022-01-03,2022-01-09,Lam Dong,Bao Loc,Robusta / ca phe nhan xo noi dia,40058,,0,interpolated_area,20.214,82.571,23.0,0.343,Dat do vang tren bazan,4,low,0,
2022-01-03,2022-01-09,Lam Dong,Di Linh,Robusta / ca phe nhan xo noi dia,40058,,0,interpolated_area,20.157,80.0,23.2,0.388,Dat do vang tren bazan,4,medium,0,
2022-01-03,2022-01-09,Lam Dong,Lam Ha,Robusta / ca phe nhan xo noi dia,40058,,0,interpolated_area,19.786,80.143,17.0,0.366,Dat do vang tren bazan,4,low,0,
2022-01-10,2022-01-16,Dak Lak,Buon Ho,Robusta / ca phe nhan xo noi dia,40083,40083.333333333336,6,observed,19.514,83.143,0.4,0.245,Dat do bazan,5,medium,6,Nong Nghiep Moi Truong
2022-01-10,2022-01-16,Dak Lak,Cu M'gar,Robusta / ca phe nhan xo noi dia,40083,,0,province_proxy,21.971,72.857,0.0,0.221,Dat do bazan,5,high,0,
2022-01-10,2022-01-16,Dak Lak,Ea H'leo,Robusta / ca phe nhan xo noi dia,40083,40083.333333333336,6,observed,20.257,79.286,0.1,0.317,Dat do bazan,5,medium,6,Nong Nghiep Moi Truong
2022-01-10,2022-01-16,Dak Nong,Dak R'lap,Robusta / ca phe nhan xo noi dia,39698,,0,interpolated_area,21.514,69.571,0.0,0.329,Dat do bazan,4,low,0,
2022-01-10,2022-01-16,Dak Nong,Gia Nghia,Robusta / ca phe nhan xo noi dia,39698,,0,interpolated_area,21.043,71.143,0.0,0.267,Dat do bazan,4,low,0,
2022-01-10,2022-01-16,Gia Lai,Chu Prong,Robusta / ca phe nhan xo noi dia,40083,,0,province_proxy,22.843,66.286,0.0,0.2,Dat do bazan,4,low,0,
2022-01-10,2022-01-16,Gia Lai,Ia Grai,Robusta / ca phe nhan xo noi dia,40083,40083.333333333336,6,observed,24.057,62.714,0.0,0.266,Dat do bazan,4,low,6,Nong Nghiep Moi Truong
2022-01-10,2022-01-16,Gia Lai,Pleiku,Robusta / ca phe nhan xo noi dia,40083,40083.333333333336,6,observed,19.957,74.571,0.0,0.28,Dat do bazan,4,low,6,Nong Nghiep Moi Truong
2022-01-10,2022-01-16,Kon Tum,Kon Tum,Robusta / ca phe nhan xo noi dia,40083,40083.333333333336,6,observed,21.3,70.429,0.0,0.259,Dat do vang / dat bazan cuc bo,3,low,6,Nong Nghiep Moi Truong
2022-01-10,2022-01-16,Lam Dong,Bao Loc,Robusta / ca phe nhan xo noi dia,39417,39416.666666666664,6,observed,19.6,75.143,0.0,0.289,Dat do vang tren bazan,4,low,6,Nong Nghiep Moi Truong
2022-01-10,2022-01-16,Lam Dong,Di Linh,Robusta / ca phe nhan xo noi dia,39417,39416.666666666664,6,observed,19.414,70.429,0.1,0.314,Dat do vang tren bazan,4,medium,6,Nong Nghiep Moi Truong
2022-01-10,2022-01-16,Lam Dong,Lam Ha,Robusta / ca phe nhan xo noi dia,39417,39416.666666666664,6,observed,18.743,74.0,0.0,0.308,Dat do vang tren bazan,4,low,6,Nong Nghiep Moi Truong
2022-01-17,2022-01-23,Dak Lak,Buon Ho,Robusta / ca phe nhan xo noi dia,39650,39650.0,4,observed,20.171,81.857,0.6,0.212,Dat do bazan,5,medium,4,Nong Nghiep Moi Truong
2022-01-17,2022-01-23,Dak Lak,Cu M'gar,Robusta / ca phe nhan xo noi dia,39650,,0,province_proxy,22.657,71.857,0.2,0.218,Dat do bazan,5,high,0,
2022-01-17,2022-01-23,Dak Lak,Ea H'leo,Robusta / ca phe nhan xo noi dia,39650,39650.0,4,observed,20.914,77.714,1.0,0.281,Dat do bazan,5,medium,4,Nong Nghiep Moi Truong
2022-01-17,2022-01-23,Dak Nong,Dak R'lap,Robusta / ca phe nhan xo noi dia,39807,,0,interpolated_area,22.357,69.857,0.2,0.301,Dat do bazan,4,low,0,
2022-01-17,2022-01-23,Dak Nong,Gia Nghia,Robusta / ca phe nhan xo noi dia,39807,,0,interpolated_area,21.929,70.571,0.5,0.24,Dat do bazan,4,low,0,
2022-01-17,2022-01-23,Gia Lai,Chu Prong,Robusta / ca phe nhan xo noi dia,39575,,0,province_proxy,23.557,62.571,0.0,0.196,Dat do bazan,4,low,0,
2022-01-17,2022-01-23,Gia Lai,Ia Grai,Robusta / ca phe nhan xo noi dia,39575,39575.0,4,observed,24.543,60.714,0.3,0.262,Dat do bazan,4,low,4,Nong Nghiep Moi Truong
2022-01-17,2022-01-23,Gia Lai,Pleiku,Robusta / ca phe nhan xo noi dia,39575,39575.0,4,observed,20.7,71.143,0.4,0.276,Dat do bazan,4,low,4,Nong Nghiep Moi Truong
2022-01-17,2022-01-23,Kon Tum,Kon Tum,Robusta / ca phe nhan xo noi dia,39575,39575.0,4,observed,21.671,69.429,0.2,0.249,Dat do vang / dat bazan cuc bo,3,low,4,Nong Nghiep Moi Truong
2022-01-17,2022-01-23,Lam Dong,Bao Loc,Robusta / ca phe nhan xo noi dia,38950,38950.0,4,observed,20.329,76.0,0.6,0.268,Dat do vang tren bazan,4,low,4,Nong Nghiep Moi Truong
2022-01-17,2022-01-23,Lam Dong,Di Linh,Robusta / ca phe nhan xo noi dia,38950,38950.0,4,observed,20.171,74.286,2.0,0.255,Dat do vang tren bazan,4,medium,4,Nong Nghiep Moi Truong
2022-01-17,2022-01-23,Lam Dong,Lam Ha,Robusta / ca phe nhan xo noi dia,38950,38950.0,4,observed,19.943,73.143,0.0,0.278,Dat do vang tren bazan,4,low,4,Nong Nghiep Moi Truong
2022-01-24,2022-01-30,Dak Lak,Buon Ho,Robusta / ca phe nhan xo noi dia,39675,,0,interpolated_area,21.743,80.714,4.9,0.2,Dat do bazan,5,medium,0,
2022-01-24,2022-01-30,Dak Lak,Cu M'gar,Robusta / ca phe nhan xo noi dia,39675,,0,interpolated_area,24.271,70.429,1.9,0.223,Dat do bazan,5,high,0,
2022-01-24,2022-01-30,Dak Lak,Ea H'leo,Robusta / ca phe nhan xo noi dia,39675,,0,interpolated_area,22.414,75.143,4.1,0.269,Dat do bazan,5,medium,0,
2022-01-24,2022-01-30,Dak Nong,Dak R'lap,Robusta / ca phe nhan xo noi dia,39917,,0,interpolated_area,23.129,69.857,2.0,0.296,Dat do bazan,4,low,0,
2022-01-24,2022-01-30,Dak Nong,Gia Nghia,Robusta / ca phe nhan xo noi dia,39917,,0,interpolated_area,22.886,69.286,1.2,0.242,Dat do bazan,4,low,0,
2022-01-24,2022-01-30,Gia Lai,Chu Prong,Robusta / ca phe nhan xo noi dia,39588,,0,interpolated_area,25.071,62.143,1.7,0.202,Dat do bazan,4,low,0,
2022-01-24,2022-01-30,Gia Lai,Ia Grai,Robusta / ca phe nhan xo noi dia,39588,,0,interpolated_area,25.857,60.0,2.7,0.266,Dat do bazan,4,low,0,
2022-01-24,2022-01-30,Gia Lai,Pleiku,Robusta / ca phe nhan xo noi dia,39588,,0,interpolated_area,22.1,70.143,2.9,0.28,Dat do bazan,4,low,0,
2022-01-24,2022-01-30,Kon Tum,Kon Tum,Robusta / ca phe nhan xo noi dia,39588,,0,interpolated_area,22.6,71.0,1.3,0.256,Dat do vang / dat bazan cuc bo,3,low,0,
2022-01-24,2022-01-30,Lam Dong,Bao Loc,Robusta / ca phe nhan xo noi dia,39075,,0,interpolated_area,21.343,74.143,1.4,0.267,Dat do vang tren bazan,4,low,0,
2022-01-24,2022-01-30,Lam Dong,Di Linh,Robusta / ca phe nhan xo noi dia,39075,,0,interpolated_area,21.214,71.857,3.2,0.243,Dat do vang tren bazan,4,medium,0,
2022-01-24,2022-01-30,Lam Dong,Lam Ha,Robusta / ca phe nhan xo noi dia,39075,,0,interpolated_area,20.6,73.286,2.2,0.286,Dat do vang tren bazan,4,low,0,
2022-01-31,2022-02-06,Dak Lak,Buon Ho,Robusta / ca phe nhan xo noi dia,39700,39700.0,2,observed,20.971,82.714,1.2,0.188,Dat do bazan,5,medium,2,Nong Nghiep Moi Truong
2022-01-31,2022-02-06,Dak Lak,Cu M'gar,Robusta / ca phe nhan xo noi dia,39700,,0,province_proxy,23.543,72.429,0.4,0.226,Dat do bazan,5,high,0,
2022-01-31,2022-02-06,Dak Lak,Ea H'leo,Robusta / ca phe nhan xo noi dia,39700,39700.0,2,observed,21.686,79.286,4.2,0.264,Dat do bazan,5,medium,2,Nong Nghiep Moi Truong
2022-01-31,2022-02-06,Dak Nong,Dak R'lap,Robusta / ca phe nhan xo noi dia,40027,,0,interpolated_area,23.657,70.571,2.6,0.304,Dat do bazan,4,low,0,
2022-01-31,2022-02-06,Dak Nong,Gia Nghia,Robusta / ca phe nhan xo noi dia,40027,,0,interpolated_area,23.329,70.714,0.8,0.229,Dat do bazan,4,low,0,
2022-01-31,2022-02-06,Gia Lai,Chu Prong,Robusta / ca phe nhan xo noi dia,39600,,0,province_proxy,24.471,64.429,0.2,0.204,Dat do bazan,4,low,0,
2022-01-31,2022-02-06,Gia Lai,Ia Grai,Robusta / ca phe nhan xo noi dia,39600,39600.0,2,observed,25.529,62.286,2.7,0.275,Dat do bazan,4,low,2,Nong Nghiep Moi Truong
2022-01-31,2022-02-06,Gia Lai,Pleiku,Robusta / ca phe nhan xo noi dia,39600,39600.0,2,observed,21.543,73.571,2.0,0.276,Dat do bazan,4,low,2,Nong Nghiep Moi Truong
2022-01-31,2022-02-06,Kon Tum,Kon Tum,Robusta / ca phe nhan xo noi dia,39600,39600.0,2,observed,22.686,70.429,2.4,0.268,Dat do vang / dat bazan cuc bo,3,low,2,Nong Nghiep Moi Truong
2022-01-31,2022-02-06,Lam Dong,Bao Loc,Robusta / ca phe nhan xo noi dia,39200,39200.0,2,observed,22.071,71.857,4.2,0.262,Dat do vang tren bazan,4,low,2,Nong Nghiep Moi Truong
2022-01-31,2022-02-06,Lam Dong,Di Linh,Robusta / ca phe nhan xo noi dia,39200,39200.0,2,observed,21.671,69.143,2.0,0.232,Dat do vang tren bazan,4,medium,2,Nong Nghiep Moi Truong
2022-01-31,2022-02-06,Lam Dong,Lam Ha,Robusta / ca phe nhan xo noi dia,39200,39200.0,2,observed,21.729,70.143,0.5,0.283,Dat do vang tren bazan,4,low,2,Nong Nghiep Moi Truong
2022-02-07,2022-02-13,Dak Lak,Buon Ho,Robusta / ca phe nhan xo noi dia,41375,41375.0,4,observed,21.829,84.857,2.4,0.196,Dat do bazan,5,medium,4,Nong Nghiep Moi Truong
2022-02-07,2022-02-13,Dak Lak,Cu M'gar,Robusta / ca phe nhan xo noi dia,41375,,0,province_proxy,24.314,75.0,5.4,0.228,Dat do bazan,5,high,0,
2022-02-07,2022-02-13,Dak Lak,Ea H'leo,Robusta / ca phe nhan xo noi dia,41375,41375.0,4,observed,22.7,80.0,6.8,0.264,Dat do bazan,5,medium,4,Nong Nghiep Moi Truong
2022-02-07,2022-02-13,Dak Nong,Dak R'lap,Robusta / ca phe nhan xo noi dia,40136,,0,interpolated_area,23.843,75.0,4.7,0.338,Dat do bazan,4,low,0,
2022-02-07,2022-02-13,Dak Nong,Gia Nghia,Robusta / ca phe nhan xo noi dia,40136,,0,interpolated_area,23.643,74.429,8.1,0.246,Dat do bazan,4,low,0,
2022-02-07,2022-02-13,Gia Lai,Chu Prong,Robusta / ca phe nhan xo noi dia,41275,,0,province_proxy,25.343,66.143,6.3,0.203,Dat do bazan,4,low,0,
2022-02-07,2022-02-13,Gia Lai,Ia Grai,Robusta / ca phe nhan xo noi dia,41275,41275.0,4,observed,26.586,62.286,1.2,0.26,Dat do bazan,4,low,4,Nong Nghiep Moi Truong
2022-02-07,2022-02-13,Gia Lai,Pleiku,Robusta / ca phe nhan xo noi dia,41275,41275.0,4,observed,22.5,74.571,5.0,0.266,Dat do bazan,4,low,4,Nong Nghiep Moi Truong
2022-02-07,2022-02-13,Kon Tum,Kon Tum,Robusta / ca phe nhan xo noi dia,41375,41375.0,4,observed,23.957,69.571,2.1,0.255,Dat do vang / dat bazan cuc bo,3,low,4,Nong Nghiep Moi Truong
2022-02-07,2022-02-13,Lam Dong,Bao Loc,Robusta / ca phe nhan xo noi dia,40875,40875.0,4,observed,22.114,75.0,7.7,0.307,Dat do vang tren bazan,4,low,4,Nong Nghiep Moi Truong
2022-02-07,2022-02-13,Lam Dong,Di Linh,Robusta / ca phe nhan xo noi dia,40875,40875.0,4,observed,21.629,74.429,16.4,0.327,Dat do vang tren bazan,4,medium,4,Nong Nghiep Moi Truong
2022-02-07,2022-02-13,Lam Dong,Lam Ha,Robusta / ca phe nhan xo noi dia,40875,40875.0,4,observed,21.829,73.429,10.3,0.338,Dat do vang tren bazan,4,low,4,Nong Nghiep Moi Truong
2022-02-14,2022-02-20,Dak Lak,Buon Ho,Robusta / ca phe nhan xo noi dia,41425,41425.0,4,observed,22.157,86.143,6.6,0.26,Dat do bazan,5,medium,4,Nong Nghiep Moi Truong
2022-02-14,2022-02-20,Dak Lak,Cu M'gar,Robusta / ca phe nhan xo noi dia,41425,,0,province_proxy,24.829,74.571,5.2,0.253,Dat do bazan,5,high,0,
2022-02-14,2022-02-20,Dak Lak,Ea H'leo,Robusta / ca phe nhan xo noi dia,41425,41425.0,4,observed,22.943,82.143,12.1,0.319,Dat do bazan,5,medium,4,Nong Nghiep Moi Truong
2022-02-14,2022-02-20,Dak Nong,Dak R'lap,Robusta / ca phe nhan xo noi dia,40246,,0,interpolated_area,22.857,86.0,38.1,0.432,Dat do bazan,4,low,0,
2022-02-14,2022-02-20,Dak Nong,Gia Nghia,Robusta / ca phe nhan xo noi dia,40246,,0,interpolated_area,22.529,85.286,35.1,0.401,Dat do bazan,4,low,0,
2022-02-14,2022-02-20,Gia Lai,Chu Prong,Robusta / ca phe nhan xo noi dia,41325,,0,province_proxy,25.5,68.857,13.0,0.216,Dat do bazan,4,low,0,
2022-02-14,2022-02-20,Gia Lai,Ia Grai,Robusta / ca phe nhan xo noi dia,41325,41325.0,4,observed,26.271,68.429,15.3,0.273,Dat do bazan,4,low,4,Nong Nghiep Moi Truong
2022-02-14,2022-02-20,Gia Lai,Pleiku,Robusta / ca phe nhan xo noi dia,41325,41325.0,4,observed,22.614,77.429,22.4,0.294,Dat do bazan,4,low,4,Nong Nghiep Moi Truong
2022-02-14,2022-02-20,Kon Tum,Kon Tum,Robusta / ca phe nhan xo noi dia,41425,41425.0,4,observed,23.5,76.286,15.9,0.267,Dat do vang / dat bazan cuc bo,3,low,4,Nong Nghiep Moi Truong
2022-02-14,2022-02-20,Lam Dong,Bao Loc,Robusta / ca phe nhan xo noi dia,40950,40950.0,4,observed,21.414,85.714,25.5,0.422,Dat do vang tren bazan,4,low,4,Nong Nghiep Moi Truong
2022-02-14,2022-02-20,Lam Dong,Di Linh,Robusta / ca phe nhan xo noi dia,40950,40950.0,4,observed,21.143,84.429,21.8,0.38,Dat do vang tren bazan,4,medium,4,Nong Nghiep Moi Truong
2022-02-14,2022-02-20,Lam Dong,Lam Ha,Robusta / ca phe nhan xo noi dia,40950,40950.0,4,observed,21.686,80.286,22.6,0.38,Dat do vang tren bazan,4,low,4,Nong Nghiep Moi Truong
2022-02-21,2022-02-27,Dak Lak,Buon Ho,Robusta / ca phe nhan xo noi dia,40738,,0,interpolated_area,19.614,78.286,0.4,0.196,Dat do bazan,5,medium,0,
2022-02-21,2022-02-27,Dak Lak,Cu M'gar,Robusta / ca phe nhan xo noi dia,40738,,0,interpolated_area,22.157,68.857,0.0,0.224,Dat do bazan,5,high,0,
2022-02-21,2022-02-27,Dak Lak,Ea H'leo,Robusta / ca phe nhan xo noi dia,40738,,0,interpolated_area,20.229,75.429,0.5,0.305,Dat do bazan,5,medium,0,
2022-02-21,2022-02-27,Dak Nong,Dak R'lap,Robusta / ca phe nhan xo noi dia,40355,,0,interpolated_area,22.071,75.143,2.3,0.392,Dat do bazan,4,low,0,
2022-02-21,2022-02-27,Dak Nong,Gia Nghia,Robusta / ca phe nhan xo noi dia,40355,,0,interpolated_area,21.543,76.286,2.7,0.349,Dat do bazan,4,low,0,
2022-02-21,2022-02-27,Gia Lai,Chu Prong,Robusta / ca phe nhan xo noi dia,40788,,0,interpolated_area,23.657,59.571,0.0,0.216,Dat do bazan,4,low,0,
2022-02-21,2022-02-27,Gia Lai,Ia Grai,Robusta / ca phe nhan xo noi dia,40788,,0,interpolated_area,24.457,59.286,1.3,0.306,Dat do bazan,4,low,0,
2022-02-21,2022-02-27,Gia Lai,Pleiku,Robusta / ca phe nhan xo noi dia,40788,,0,interpolated_area,20.8,67.143,0.8,0.293,Dat do bazan,4,low,0,
2022-02-21,2022-02-27,Kon Tum,Kon Tum,Robusta / ca phe nhan xo noi dia,40712,,0,interpolated_area,21.086,66.286,2.8,0.285,Dat do vang / dat bazan cuc bo,3,low,0,
2022-02-21,2022-02-27,Lam Dong,Bao Loc,Robusta / ca phe nhan xo noi dia,40250,,0,interpolated_area,20.443,83.143,25.8,0.426,Dat do vang tren bazan,4,low,0,
2022-02-21,2022-02-27,Lam Dong,Di Linh,Robusta / ca phe nhan xo noi dia,40250,,0,interpolated_area,20.714,78.286,25.6,0.388,Dat do vang tren bazan,4,medium,0,
2022-02-21,2022-02-27,Lam Dong,Lam Ha,Robusta / ca phe nhan xo noi dia,40250,,0,interpolated_area,21.443,74.0,15.5,0.341,Dat do vang tren bazan,4,low,0,
2022-02-28,2022-03-06,Dak Lak,Buon Ho,Robusta / ca phe nhan xo noi dia,40050,40050.0,2,observed,22.229,80.571,1.4,0.177,Dat do bazan,5,medium,2,Nong Nghiep Moi Truong
2022-02-28,2022-03-06,Dak Lak,Cu M'gar,Robusta / ca phe nhan xo noi dia,40050,,0,province_proxy,24.914,70.143,0.7,0.217,Dat do bazan,5,high,0,
2022-02-28,2022-03-06,Dak Lak,Ea H'leo,Robusta / ca phe nhan xo noi dia,40050,40050.0,2,observed,23.186,74.857,0.1,0.249,Dat do bazan,5,medium,2,Nong Nghiep Moi Truong
2022-02-28,2022-03-06,Dak Nong,Dak R'lap,Robusta / ca phe nhan xo noi dia,40465,,0,interpolated_area,24.314,73.0,2.7,0.341,Dat do bazan,4,low,0,
2022-02-28,2022-03-06,Dak Nong,Gia Nghia,Robusta / ca phe nhan xo noi dia,40465,,0,interpolated_area,24.014,72.857,6.8,0.283,Dat do bazan,4,low,0,
2022-02-28,2022-03-06,Gia Lai,Chu Prong,Robusta / ca phe nhan xo noi dia,40250,,0,province_proxy,25.957,60.714,0.0,0.191,Dat do bazan,4,low,0,
2022-02-28,2022-03-06,Gia Lai,Ia Grai,Robusta / ca phe nhan xo noi dia,40250,40250.0,2,observed,27.3,57.286,0.8,0.26,Dat do bazan,4,low,2,Nong Nghiep Moi Truong
2022-02-28,2022-03-06,Gia Lai,Pleiku,Robusta / ca phe nhan xo noi dia,40250,40250.0,2,observed,23.314,67.857,0.0,0.254,Dat do bazan,4,low,2,Nong Nghiep Moi Truong
2022-02-28,2022-03-06,Kon Tum,Kon Tum,Robusta / ca phe nhan xo noi dia,40000,40000.0,2,observed,24.514,65.714,0.0,0.246,Dat do vang / dat bazan cuc bo,3,low,2,Nong Nghiep Moi Truong
2022-02-28,2022-03-06,Lam Dong,Bao Loc,Robusta / ca phe nhan xo noi dia,39550,39550.0,2,observed,22.171,77.0,5.6,0.325,Dat do vang tren bazan,4,low,2,Nong Nghiep Moi Truong
2022-02-28,2022-03-06,Lam Dong,Di Linh,Robusta / ca phe nhan xo noi dia,39550,39550.0,2,observed,22.371,71.286,7.8,0.301,Dat do vang tren bazan,4,medium,2,Nong Nghiep Moi Truong
2022-02-28,2022-03-06,Lam Dong,Lam Ha,Robusta / ca phe nhan xo noi dia,39550,39550.0,2,observed,22.643,70.429,3.2,0.286,Dat do vang tren bazan,4,low,2,Nong Nghiep Moi Truong
2022-03-07,2022-03-13,Dak Lak,Buon Ho,Robusta / ca phe nhan xo noi dia,40775,40775.0,4,observed,21.529,76.714,0.3,0.172,Dat do bazan,5,medium,4,Nong Nghiep Moi Truong
2022-03-07,2022-03-13,Dak Lak,Cu M'gar,Robusta / ca phe nhan xo noi dia,40775,,0,province_proxy,24.071,67.571,0.2,0.225,Dat do bazan,5,high,0,
2022-03-07,2022-03-13,Dak Lak,Ea H'leo,Robusta / ca phe nhan xo noi dia,40775,40775.0,4,observed,22.543,70.429,0.4,0.229,Dat do bazan,5,medium,4,Nong Nghiep Moi Truong
2022-03-07,2022-03-13,Dak Nong,Dak R'lap,Robusta / ca phe nhan xo noi dia,40575,,0,interpolated_area,24.157,66.714,4.2,0.317,Dat do bazan,4,low,0,
2022-03-07,2022-03-13,Dak Nong,Gia Nghia,Robusta / ca phe nhan xo noi dia,40575,,0,interpolated_area,23.586,68.286,2.4,0.251,Dat do bazan,4,low,0,
2022-03-07,2022-03-13,Gia Lai,Chu Prong,Robusta / ca phe nhan xo noi dia,40675,,0,province_proxy,25.329,58.286,0.0,0.181,Dat do bazan,4,low,0,
2022-03-07,2022-03-13,Gia Lai,Ia Grai,Robusta / ca phe nhan xo noi dia,40675,40675.0,4,observed,27.143,53.571,0.0,0.246,Dat do bazan,4,low,4,Nong Nghiep Moi Truong
2022-03-07,2022-03-13,Gia Lai,Pleiku,Robusta / ca phe nhan xo noi dia,40675,40675.0,4,observed,23.014,63.286,0.0,0.249,Dat do bazan,4,low,4,Nong Nghiep Moi Truong
2022-03-07,2022-03-13,Kon Tum,Kon Tum,Robusta / ca phe nhan xo noi dia,40775,40775.0,4,observed,24.086,61.857,0.0,0.241,Dat do vang / dat bazan cuc bo,3,low,4,Nong Nghiep Moi Truong
2022-03-07,2022-03-13,Lam Dong,Bao Loc,Robusta / ca phe nhan xo noi dia,40275,40275.0,4,observed,22.171,74.0,5.5,0.288,Dat do vang tren bazan,4,low,4,Nong Nghiep Moi Truong
2022-03-07,2022-03-13,Lam Dong,Di Linh,Robusta / ca phe nhan xo noi dia,40275,40275.0,4,observed,22.486,69.429,20.9,0.308,Dat do vang tren bazan,4,medium,4,Nong Nghiep Moi Truong
2022-03-07,2022-03-13,Lam Dong,Lam Ha,Robusta / ca phe nhan xo noi dia,40275,40275.0,4,observed,22.243,69.571,21.8,0.295,Dat do vang tren bazan,4,low,4,Nong Nghiep Moi Truong
2022-03-14,2022-03-20,Dak Lak,Buon Ho,Robusta / ca phe nhan xo noi dia,41183,41183.333333333336,6,observed,24.571,72.143,1.3,0.18,Dat do bazan,5,medium,6,Nong Nghiep Moi Truong
2022-03-14,2022-03-20,Dak Lak,Cu M'gar,Robusta / ca phe nhan xo noi dia,41183,,0,province_proxy,26.914,64.286,2.3,0.235,Dat do bazan,5,high,0,
2022-03-14,2022-03-20,Dak Lak,Ea H'leo,Robusta / ca phe nhan xo noi dia,41183,41183.333333333336,6,observed,25.4,68.571,1.6,0.229,Dat do bazan,5,medium,6,Nong Nghiep Moi Truong
2022-03-14,2022-03-20,Dak Nong,Dak R'lap,Robusta / ca phe nhan xo noi dia,40684,,0,interpolated_area,24.4,79.571,28.7,0.358,Dat do bazan,4,low,0,
2022-03-14,2022-03-20,Dak Nong,Gia Nghia,Robusta / ca phe nhan xo noi dia,40684,,0,interpolated_area,24.271,77.714,11.2,0.316,Dat do bazan,4,low,0,
2022-03-14,2022-03-20,Gia Lai,Chu Prong,Robusta / ca phe nhan xo noi dia,41083,,0,province_proxy,27.371,63.857,8.2,0.224,Dat do bazan,4,low,0,
2022-03-14,2022-03-20,Gia Lai,Ia Grai,Robusta / ca phe nhan xo noi dia,41083,41083.333333333336,6,observed,27.843,66.286,29.0,0.304,Dat do bazan,4,low,6,Nong Nghiep Moi Truong
2022-03-14,2022-03-20,Gia Lai,Pleiku,Robusta / ca phe nhan xo noi dia,41083,41083.333333333336,6,observed,24.929,70.143,11.8,0.271,Dat do bazan,4,low,6,Nong Nghiep Moi Truong
2022-03-14,2022-03-20,Kon Tum,Kon Tum,Robusta / ca phe nhan xo noi dia,41183,41183.333333333336,6,observed,25.457,72.714,16.2,0.283,Dat do vang / dat bazan cuc bo,3,low,6,Nong Nghiep Moi Truong
2022-03-14,2022-03-20,Lam Dong,Bao Loc,Robusta / ca phe nhan xo noi dia,40683,40683.333333333336,6,observed,22.729,80.286,9.5,0.318,Dat do vang tren bazan,4,low,6,Nong Nghiep Moi Truong
2022-03-14,2022-03-20,Lam Dong,Di Linh,Robusta / ca phe nhan xo noi dia,40683,40683.333333333336,6,observed,22.314,80.0,21.0,0.356,Dat do vang tren bazan,4,medium,6,Nong Nghiep Moi Truong
2022-03-14,2022-03-20,Lam Dong,Lam Ha,Robusta / ca phe nhan xo noi dia,40683,40683.333333333336,6,observed,22.643,75.286,11.1,0.309,Dat do vang tren bazan,4,low,6,Nong Nghiep Moi Truong
2022-03-21,2022-03-27,Dak Lak,Buon Ho,Robusta / ca phe nhan xo noi dia,41367,,0,interpolated_area,25.157,77.429,25.9,0.256,Dat do bazan,5,medium,0,
2022-03-21,2022-03-27,Dak Lak,Cu M'gar,Robusta / ca phe nhan xo noi dia,41367,,0,interpolated_area,26.729,73.286,48.3,0.301,Dat do bazan,5,high,0,
2022-03-21,2022-03-27,Dak Lak,Ea H'leo,Robusta / ca phe nhan xo noi dia,41367,,0,interpolated_area,25.429,77.571,54.8,0.354,Dat do bazan,5,medium,0,
2022-03-21,2022-03-27,Dak Nong,Dak R'lap,Robusta / ca phe nhan xo noi dia,40794,,0,interpolated_area,23.843,86.0,45.3,0.444,Dat do bazan,4,low,0,
2022-03-21,2022-03-27,Dak Nong,Gia Nghia,Robusta / ca phe nhan xo noi dia,40794,,0,interpolated_area,23.657,85.286,19.9,0.444,Dat do bazan,4,low,0,
2022-03-21,2022-03-27,Gia Lai,Chu Prong,Robusta / ca phe nhan xo noi dia,41267,,0,interpolated_area,26.829,73.143,33.4,0.322,Dat do bazan,4,low,0,
2022-03-21,2022-03-27,Gia Lai,Ia Grai,Robusta / ca phe nhan xo noi dia,41267,,0,interpolated_area,26.671,78.571,43.7,0.387,Dat do bazan,4,low,0,
2022-03-21,2022-03-27,Gia Lai,Pleiku,Robusta / ca phe nhan xo noi dia,41267,,0,interpolated_area,24.343,79.429,45.3,0.387,Dat do bazan,4,low,0,
2022-03-21,2022-03-27,Kon Tum,Kon Tum,Robusta / ca phe nhan xo noi dia,41367,,0,interpolated_area,24.771,81.714,38.2,0.334,Dat do vang / dat bazan cuc bo,3,low,0,
2022-03-21,2022-03-27,Lam Dong,Bao Loc,Robusta / ca phe nhan xo noi dia,40867,,0,interpolated_area,22.671,83.286,24.2,0.363,Dat do vang tren bazan,4,low,0,
2022-03-21,2022-03-27,Lam Dong,Di Linh,Robusta / ca phe nhan xo noi dia,40867,,0,interpolated_area,22.029,84.571,18.6,0.399,Dat do vang tren bazan,4,medium,0,
2022-03-21,2022-03-27,Lam Dong,Lam Ha,Robusta / ca phe nhan xo noi dia,40867,,0,interpolated_area,22.129,82.286,20.1,0.36,Dat do vang tren bazan,4,low,0,
2022-03-28,2022-04-03,Dak Lak,Buon Ho,Robusta / ca phe nhan xo noi dia,41550,41550.0,2,observed,22.3,84.714,39.6,0.383,Dat do bazan,5,medium,2,Nong Nghiep Moi Truong
2022-03-28,2022-04-03,Dak Lak,Cu M'gar,Robusta / ca phe nhan xo noi dia,41550,,0,province_proxy,24.4,77.714,46.0,0.391,Dat do bazan,5,high,0,
2022-03-28,2022-04-03,Dak Lak,Ea H'leo,Robusta / ca phe nhan xo noi dia,41550,41550.0,2,observed,22.7,82.286,81.4,0.445,Dat do bazan,5,medium,2,Nong Nghiep Moi Truong
2022-03-28,2022-04-03,Dak Nong,Dak R'lap,Robusta / ca phe nhan xo noi dia,40904,,0,interpolated_area,22.8,85.714,64.0,0.468,Dat do bazan,4,low,0,
2022-03-28,2022-04-03,Dak Nong,Gia Nghia,Robusta / ca phe nhan xo noi dia,40904,,0,interpolated_area,22.429,85.714,46.5,0.472,Dat do bazan,4,low,0,
2022-03-28,2022-04-03,Gia Lai,Chu Prong,Robusta / ca phe nhan xo noi dia,41450,,0,province_proxy,24.786,73.429,80.3,0.424,Dat do bazan,4,low,0,
2022-03-28,2022-04-03,Gia Lai,Ia Grai,Robusta / ca phe nhan xo noi dia,41450,41450.0,2,observed,25.586,72.571,42.6,0.43,Dat do bazan,4,low,2,Nong Nghiep Moi Truong
2022-03-28,2022-04-03,Gia Lai,Pleiku,Robusta / ca phe nhan xo noi dia,41450,41450.0,2,observed,22.457,77.714,70.2,0.439,Dat do bazan,4,low,2,Nong Nghiep Moi Truong
2022-03-28,2022-04-03,Kon Tum,Kon Tum,Robusta / ca phe nhan xo noi dia,41550,41550.0,2,observed,23.557,77.143,68.2,0.428,Dat do vang / dat bazan cuc bo,3,low,2,Nong Nghiep Moi Truong
2022-03-28,2022-04-03,Lam Dong,Bao Loc,Robusta / ca phe nhan xo noi dia,41050,41050.0,2,observed,21.543,86.857,39.8,0.434,Dat do vang tren bazan,4,low,2,Nong Nghiep Moi Truong
2022-03-28,2022-04-03,Lam Dong,Di Linh,Robusta / ca phe nhan xo noi dia,41050,41050.0,2,observed,21.1,86.429,55.8,0.456,Dat do vang tren bazan,4,medium,2,Nong Nghiep Moi Truong
2022-03-28,2022-04-03,Lam Dong,Lam Ha,Robusta / ca phe nhan xo noi dia,41050,41050.0,2,observed,21.257,83.857,51.1,0.415,Dat do vang tren bazan,4,low,2,Nong Nghiep Moi Truong
2022-04-04,2022-04-10,Dak Lak,Buon Ho,Robusta / ca phe nhan xo noi dia,41200,41200.0,1,observed,21.443,79.714,2.0,0.361,Dat do bazan,5,medium,1,Nong Nghiep Moi Truong
2022-04-04,2022-04-10,Dak Lak,Cu M'gar,Robusta / ca phe nhan xo noi dia,41200,,0,province_proxy,23.829,70.429,2.1,0.343,Dat do bazan,5,high,0,
2022-04-04,2022-04-10,Dak Lak,Ea H'leo,Robusta / ca phe nhan xo noi dia,41200,41200.0,1,observed,22.129,73.857,2.1,0.389,Dat do bazan,5,medium,1,Nong Nghiep Moi Truong
2022-04-04,2022-04-10,Dak Nong,Dak R'lap,Robusta / ca phe nhan xo noi dia,41013,,0,interpolated_area,23.414,72.429,2.8,0.399,Dat do bazan,4,low,0,
2022-04-04,2022-04-10,Dak Nong,Gia Nghia,Robusta / ca phe nhan xo noi dia,41013,,0,interpolated_area,22.9,74.143,4.1,0.38,Dat do bazan,4,low,0,
2022-04-04,2022-04-10,Gia Lai,Chu Prong,Robusta / ca phe nhan xo noi dia,41100,,0,province_proxy,24.743,61.286,1.6,0.318,Dat do bazan,4,low,0,
2022-04-04,2022-04-10,Gia Lai,Ia Grai,Robusta / ca phe nhan xo noi dia,41100,41100.0,1,observed,25.471,60.714,0.1,0.373,Dat do bazan,4,low,1,Nong Nghiep Moi Truong
2022-04-04,2022-04-10,Gia Lai,Pleiku,Robusta / ca phe nhan xo noi dia,41100,41100.0,1,observed,22.014,67.857,0.5,0.352,Dat do bazan,4,low,1,Nong Nghiep Moi Truong
2022-04-04,2022-04-10,Kon Tum,Kon Tum,Robusta / ca phe nhan xo noi dia,41200,41200.0,1,observed,22.286,72.143,5.4,0.379,Dat do vang / dat bazan cuc bo,3,low,1,Nong Nghiep Moi Truong
2022-04-04,2022-04-10,Lam Dong,Bao Loc,Robusta / ca phe nhan xo noi dia,40700,40700.0,1,observed,21.443,81.143,11.5,0.381,Dat do vang tren bazan,4,low,1,Nong Nghiep Moi Truong
2022-04-04,2022-04-10,Lam Dong,Di Linh,Robusta / ca phe nhan xo noi dia,40700,40700.0,1,observed,21.014,83.0,56.7,0.456,Dat do vang tren bazan,4,medium,1,Nong Nghiep Moi Truong
2022-04-04,2022-04-10,Lam Dong,Lam Ha,Robusta / ca phe nhan xo noi dia,40700,40700.0,1,observed,21.329,79.571,16.8,0.425,Dat do vang tren bazan,4,low,1,Nong Nghiep Moi Truong
2022-04-11,2022-04-17,Dak Lak,Buon Ho,Robusta / ca phe nhan xo noi dia,41057,41057.142857142855,7,observed,24.071,80.571,24.0,0.276,Dat do bazan,5,medium,7,Nong Nghiep Moi Truong
2022-04-11,2022-04-17,Dak Lak,Cu M'gar,Robusta / ca phe nhan xo noi dia,41057,,0,province_proxy,26.386,71.286,20.3,0.279,Dat do bazan,5,high,0,
2022-04-11,2022-04-17,Dak Lak,Ea H'leo,Robusta / ca phe nhan xo noi dia,41057,41057.142857142855,7,observed,24.771,77.143,14.2,0.355,Dat do bazan,5,medium,7,Nong Nghiep Moi Truong
2022-04-11,2022-04-17,Dak Nong,Dak R'lap,Robusta / ca phe nhan xo noi dia,41123,,0,interpolated_area,23.486,86.714,39.6,0.416,Dat do bazan,4,low,0,
2022-04-11,2022-04-17,Dak Nong,Gia Nghia,Robusta / ca phe nhan xo noi dia,41123,,0,interpolated_area,23.157,86.0,34.6,0.376,Dat do bazan,4,low,0,
2022-04-11,2022-04-17,Gia Lai,Chu Prong,Robusta / ca phe nhan xo noi dia,40971,,0,province_proxy,26.343,71.714,27.0,0.269,Dat do bazan,4,low,0,
2022-04-11,2022-04-17,Gia Lai,Ia Grai,Robusta / ca phe nhan xo noi dia,40971,40971.42857142857,7,observed,26.943,72.286,28.3,0.335,Dat do bazan,4,low,7,Nong Nghiep Moi Truong
2022-04-11,2022-04-17,Gia Lai,Pleiku,Robusta / ca phe nhan xo noi dia,40971,40971.42857142857,7,observed,24.043,76.571,19.2,0.326,Dat do bazan,4,low,7,Nong Nghiep Moi Truong
2022-04-11,2022-04-17,Kon Tum,Kon Tum,Robusta / ca phe nhan xo noi dia,41071,41071.42857142857,7,observed,24.8,77.0,12.9,0.288,Dat do vang / dat bazan cuc bo,3,low,7,Nong Nghiep Moi Truong
2022-04-11,2022-04-17,Lam Dong,Bao Loc,Robusta / ca phe nhan xo noi dia,40557,40557.142857142855,7,observed,22.271,85.429,18.5,0.36,Dat do vang tren bazan,4,low,7,Nong Nghiep Moi Truong
2022-04-11,2022-04-17,Lam Dong,Di Linh,Robusta / ca phe nhan xo noi dia,40557,40557.142857142855,7,observed,21.643,86.571,56.5,0.436,Dat do vang tren bazan,4,medium,7,Nong Nghiep Moi Truong
2022-04-11,2022-04-17,Lam Dong,Lam Ha,Robusta / ca phe nhan xo noi dia,40557,40557.142857142855,7,observed,22.186,82.286,23.7,0.384,Dat do vang tren bazan,4,low,7,Nong Nghiep Moi Truong
2022-04-18,2022-04-24,Dak Lak,Buon Ho,Robusta / ca phe nhan xo noi dia,40800,40800.0,2,observed,24.071,79.857,3.4,0.224,Dat do bazan,5,medium,2,Nong Nghiep Moi Truong
2022-04-18,2022-04-24,Dak Lak,Cu M'gar,Robusta / ca phe nhan xo noi dia,40800,,0,province_proxy,26.686,69.714,4.2,0.278,Dat do bazan,5,high,0,
2022-04-18,2022-04-24,Dak Lak,Ea H'leo,Robusta / ca phe nhan xo noi dia,40800,40800.0,2,observed,24.571,77.286,7.1,0.343,Dat do bazan,5,medium,2,Nong Nghiep Moi Truong
2022-04-18,2022-04-24,Dak Nong,Dak R'lap,Robusta / ca phe nhan xo noi dia,41233,,0,interpolated_area,24.229,81.429,24.7,0.435,Dat do bazan,4,low,0,
2022-04-18,2022-04-24,Dak Nong,Gia Nghia,Robusta / ca phe nhan xo noi dia,41233,,0,interpolated_area,23.9,81.714,24.3,0.409,Dat do bazan,4,low,0,
2022-04-18,2022-04-24,Gia Lai,Chu Prong,Robusta / ca phe nhan xo noi dia,40700,,0,province_proxy,26.7,66.286,13.2,0.274,Dat do bazan,4,low,0,
2022-04-18,2022-04-24,Gia Lai,Ia Grai,Robusta / ca phe nhan xo noi dia,40700,40700.0,2,observed,27.114,67.857,23.3,0.365,Dat do bazan,4,low,2,Nong Nghiep Moi Truong
2022-04-18,2022-04-24,Gia Lai,Pleiku,Robusta / ca phe nhan xo noi dia,40700,40700.0,2,observed,24.229,72.286,13.1,0.326,Dat do bazan,4,low,2,Nong Nghiep Moi Truong
2022-04-18,2022-04-24,Kon Tum,Kon Tum,Robusta / ca phe nhan xo noi dia,40750,40750.0,2,observed,24.957,73.286,17.2,0.29,Dat do vang / dat bazan cuc bo,3,low,2,Nong Nghiep Moi Truong
2022-04-18,2022-04-24,Lam Dong,Bao Loc,Robusta / ca phe nhan xo noi dia,40300,40300.0,2,observed,22.5,83.143,35.5,0.433,Dat do vang tren bazan,4,low,2,Nong Nghiep Moi Truong
2022-04-18,2022-04-24,Lam Dong,Di Linh,Robusta / ca phe nhan xo noi dia,40300,40300.0,2,observed,22.071,83.0,44.2,0.466,Dat do vang tren bazan,4,medium,2,Nong Nghiep Moi Truong
2022-04-18,2022-04-24,Lam Dong,Lam Ha,Robusta / ca phe nhan xo noi dia,40300,40300.0,2,observed,22.514,80.143,16.8,0.381,Dat do vang tren bazan,4,low,2,Nong Nghiep Moi Truong
2022-04-25,2022-05-01,Dak Lak,Buon Ho,Robusta / ca phe nhan xo noi dia,41600,41600.0,1,observed,24.957,80.143,33.3,0.247,Dat do bazan,5,medium,1,Nong Nghiep Moi Truong
2022-04-25,2022-05-01,Dak Lak,Cu M'gar,Robusta / ca phe nhan xo noi dia,41600,,0,province_proxy,26.886,74.429,73.5,0.33,Dat do bazan,5,high,0,
2022-04-25,2022-05-01,Dak Lak,Ea H'leo,Robusta / ca phe nhan xo noi dia,41600,41600.0,1,observed,25.329,79.429,39.2,0.355,Dat do bazan,5,medium,1,Nong Nghiep Moi Truong
2022-04-25,2022-05-01,Dak Nong,Dak R'lap,Robusta / ca phe nhan xo noi dia,41342,,0,interpolated_area,23.929,88.286,55.6,0.432,Dat do bazan,4,low,0,
2022-04-25,2022-05-01,Dak Nong,Gia Nghia,Robusta / ca phe nhan xo noi dia,41342,,0,interpolated_area,23.743,87.286,55.6,0.408,Dat do bazan,4,low,0,
2022-04-25,2022-05-01,Gia Lai,Chu Prong,Robusta / ca phe nhan xo noi dia,41500,,0,province_proxy,27.214,72.143,44.5,0.299,Dat do bazan,4,low,0,
2022-04-25,2022-05-01,Gia Lai,Ia Grai,Robusta / ca phe nhan xo noi dia,41500,41500.0,1,observed,27.857,72.857,61.8,0.361,Dat do bazan,4,low,1,Nong Nghiep Moi Truong
2022-04-25,2022-05-01,Gia Lai,Pleiku,Robusta / ca phe nhan xo noi dia,41500,41500.0,1,observed,24.743,78.714,40.5,0.386,Dat do bazan,4,low,1,Nong Nghiep Moi Truong
2022-04-25,2022-05-01,Kon Tum,Kon Tum,Robusta / ca phe nhan xo noi dia,41600,41600.0,1,observed,26.186,76.429,36.7,0.319,Dat do vang / dat bazan cuc bo,3,low,1,Nong Nghiep Moi Truong
2022-04-25,2022-05-01,Lam Dong,Bao Loc,Robusta / ca phe nhan xo noi dia,41100,41100.0,1,observed,22.529,88.0,40.4,0.455,Dat do vang tren bazan,4,low,1,Nong Nghiep Moi Truong
2022-04-25,2022-05-01,Lam Dong,Di Linh,Robusta / ca phe nhan xo noi dia,41100,41100.0,1,observed,21.943,89.286,44.8,0.471,Dat do vang tren bazan,4,medium,1,Nong Nghiep Moi Truong
2022-04-25,2022-05-01,Lam Dong,Lam Ha,Robusta / ca phe nhan xo noi dia,41100,41100.0,1,observed,22.386,85.714,57.0,0.408,Dat do vang tren bazan,4,low,1,Nong Nghiep Moi Truong
2022-05-02,2022-05-08,Dak Lak,Buon Ho,Robusta / ca phe nhan xo noi dia,41600,41600.0,1,observed,23.3,85.0,21.6,0.376,Dat do bazan,5,medium,1,Nong Nghiep Moi Truong
2022-05-02,2022-05-08,Dak Lak,Cu M'gar,Robusta / ca phe nhan xo noi dia,41600,,0,province_proxy,25.343,78.429,51.5,0.411,Dat do bazan,5,high,0,
2022-05-02,2022-05-08,Dak Lak,Ea H'leo,Robusta / ca phe nhan xo noi dia,41600,41600.0,1,observed,23.943,80.286,45.7,0.431,Dat do bazan,5,medium,1,Nong Nghiep Moi Truong
2022-05-02,2022-05-08,Dak Nong,Dak R'lap,Robusta / ca phe nhan xo noi dia,41452,,0,interpolated_area,23.243,90.143,78.3,0.487,Dat do bazan,4,low,0,
2022-05-02,2022-05-08,Dak Nong,Gia Nghia,Robusta / ca phe nhan xo noi dia,41452,,0,interpolated_area,23.171,88.429,84.5,0.49,Dat do bazan,4,low,0,
2022-05-02,2022-05-08,Gia Lai,Chu Prong,Robusta / ca phe nhan xo noi dia,41500,,0,province_proxy,25.443,77.0,16.1,0.435,Dat do bazan,4,low,0,
2022-05-02,2022-05-08,Gia Lai,Ia Grai,Robusta / ca phe nhan xo noi dia,41500,41500.0,1,observed,25.886,76.571,35.0,0.453,Dat do bazan,4,low,1,Nong Nghiep Moi Truong
2022-05-02,2022-05-08,Gia Lai,Pleiku,Robusta / ca phe nhan xo noi dia,41500,41500.0,1,observed,23.129,79.714,33.4,0.445,Dat do bazan,4,low,1,Nong Nghiep Moi Truong
2022-05-02,2022-05-08,Kon Tum,Kon Tum,Robusta / ca phe nhan xo noi dia,41600,41600.0,1,observed,24.1,79.429,23.6,0.427,Dat do vang / dat bazan cuc bo,3,low,1,Nong Nghiep Moi Truong
2022-05-02,2022-05-08,Lam Dong,Bao Loc,Robusta / ca phe nhan xo noi dia,41100,41100.0,1,observed,22.329,87.429,79.6,0.486,Dat do vang tren bazan,4,low,1,Nong Nghiep Moi Truong
2022-05-02,2022-05-08,Lam Dong,Di Linh,Robusta / ca phe nhan xo noi dia,41100,41100.0,1,observed,21.814,87.857,75.1,0.488,Dat do vang tren bazan,4,medium,1,Nong Nghiep Moi Truong
2022-05-02,2022-05-08,Lam Dong,Lam Ha,Robusta / ca phe nhan xo noi dia,41100,41100.0,1,observed,22.286,85.143,46.8,0.465,Dat do vang tren bazan,4,low,1,Nong Nghiep Moi Truong
2022-05-09,2022-05-15,Dak Lak,Buon Ho,Robusta / ca phe nhan xo noi dia,40660,40660.0,5,observed,25.129,81.286,38.2,0.297,Dat do bazan,5,medium,5,Nong Nghiep Moi Truong
2022-05-09,2022-05-15,Dak Lak,Cu M'gar,Robusta / ca phe nhan xo noi dia,40660,,0,province_proxy,26.857,76.429,38.0,0.341,Dat do bazan,5,high,0,
2022-05-09,2022-05-15,Dak Lak,Ea H'leo,Robusta / ca phe nhan xo noi dia,40660,40660.0,5,observed,25.657,79.857,36.4,0.371,Dat do bazan,5,medium,5,Nong Nghiep Moi Truong
2022-05-09,2022-05-15,Dak Nong,Dak R'lap,Robusta / ca phe nhan xo noi dia,41561,,0,interpolated_area,24.2,88.857,49.7,0.486,Dat do bazan,4,low,0,
2022-05-09,2022-05-15,Dak Nong,Gia Nghia,Robusta / ca phe nhan xo noi dia,41561,,0,interpolated_area,24.229,86.429,29.3,0.467,Dat do bazan,4,low,0,
2022-05-09,2022-05-15,Gia Lai,Chu Prong,Robusta / ca phe nhan xo noi dia,40560,,0,province_proxy,26.457,78.571,53.4,0.368,Dat do bazan,4,low,0,
2022-05-09,2022-05-15,Gia Lai,Ia Grai,Robusta / ca phe nhan xo noi dia,40560,40560.0,5,observed,26.929,80.429,50.7,0.393,Dat do bazan,4,low,5,Nong Nghiep Moi Truong
2022-05-09,2022-05-15,Gia Lai,Pleiku,Robusta / ca phe nhan xo noi dia,40560,40560.0,5,observed,24.271,83.714,30.8,0.385,Dat do bazan,4,low,5,Nong Nghiep Moi Truong
2022-05-09,2022-05-15,Kon Tum,Kon Tum,Robusta / ca phe nhan xo noi dia,40560,40560.0,5,observed,25.114,84.429,37.3,0.405,Dat do vang / dat bazan cuc bo,3,low,5,Nong Nghiep Moi Truong
2022-05-09,2022-05-15,Lam Dong,Bao Loc,Robusta / ca phe nhan xo noi dia,40140,40140.0,5,observed,22.843,88.571,29.6,0.456,Dat do vang tren bazan,4,low,5,Nong Nghiep Moi Truong
2022-05-09,2022-05-15,Lam Dong,Di Linh,Robusta / ca phe nhan xo noi dia,40140,40140.0,5,observed,22.429,88.0,60.1,0.489,Dat do vang tren bazan,4,medium,5,Nong Nghiep Moi Truong
2022-05-09,2022-05-15,Lam Dong,Lam Ha,Robusta / ca phe nhan xo noi dia,40140,40140.0,5,observed,22.857,84.0,20.2,0.398,Dat do vang tren bazan,4,low,5,Nong Nghiep Moi Truong
2022-05-16,2022-05-22,Dak Lak,Buon Ho,Robusta / ca phe nhan xo noi dia,41325,41325.0,4,observed,23.543,88.0,161.7,0.478,Dat do bazan,5,medium,4,Nong Nghiep Moi Truong
2022-05-16,2022-05-22,Dak Lak,Cu M'gar,Robusta / ca phe nhan xo noi dia,41325,,0,province_proxy,25.114,84.857,157.6,0.482,Dat do bazan,5,high,0,
2022-05-16,2022-05-22,Dak Lak,Ea H'leo,Robusta / ca phe nhan xo noi dia,41325,41325.0,4,observed,24.1,86.429,121.9,0.486,Dat do bazan,5,medium,4,Nong Nghiep Moi Truong
2022-05-16,2022-05-22,Dak Nong,Dak R'lap,Robusta / ca phe nhan xo noi dia,41671,,0,interpolated_area,23.171,92.571,123.4,0.503,Dat do bazan,4,low,0,
2022-05-16,2022-05-22,Dak Nong,Gia Nghia,Robusta / ca phe nhan xo noi dia,41671,,0,interpolated_area,23.043,91.429,101.3,0.5,Dat do bazan,4,low,0,
2022-05-16,2022-05-22,Gia Lai,Chu Prong,Robusta / ca phe nhan xo noi dia,41225,,0,province_proxy,24.471,87.714,111.0,0.482,Dat do bazan,4,low,0,
2022-05-16,2022-05-22,Gia Lai,Ia Grai,Robusta / ca phe nhan xo noi dia,41225,41225.0,4,observed,25.229,87.714,130.3,0.479,Dat do bazan,4,low,4,Nong Nghiep Moi Truong
2022-05-16,2022-05-22,Gia Lai,Pleiku,Robusta / ca phe nhan xo noi dia,41225,41225.0,4,observed,22.9,88.429,75.7,0.471,Dat do bazan,4,low,4,Nong Nghiep Moi Truong
2022-05-16,2022-05-22,Kon Tum,Kon Tum,Robusta / ca phe nhan xo noi dia,41275,41275.0,4,observed,24.014,86.857,83.2,0.453,Dat do vang / dat bazan cuc bo,3,low,4,Nong Nghiep Moi Truong
2022-05-16,2022-05-22,Lam Dong,Bao Loc,Robusta / ca phe nhan xo noi dia,40825,40825.0,4,observed,22.229,91.429,74.2,0.49,Dat do vang tren bazan,4,low,4,Nong Nghiep Moi Truong
2022-05-16,2022-05-22,Lam Dong,Di Linh,Robusta / ca phe nhan xo noi dia,40825,40825.0,4,observed,21.729,91.714,108.2,0.499,Dat do vang tren bazan,4,medium,4,Nong Nghiep Moi Truong
2022-05-16,2022-05-22,Lam Dong,Lam Ha,Robusta / ca phe nhan xo noi dia,40825,40825.0,4,observed,22.271,88.714,96.2,0.482,Dat do vang tren bazan,4,low,4,Nong Nghiep Moi Truong
2022-05-23,2022-05-29,Dak Lak,Buon Ho,Robusta / ca phe nhan xo noi dia,41938,,0,interpolated_area,23.357,88.0,46.0,0.477,Dat do bazan,5,medium,0,
2022-05-23,2022-05-29,Dak Lak,Cu M'gar,Robusta / ca phe nhan xo noi dia,41938,,0,interpolated_area,24.529,86.571,91.2,0.485,Dat do bazan,5,high,0,
2022-05-23,2022-05-29,Dak Lak,Ea H'leo,Robusta / ca phe nhan xo noi dia,41938,,0,interpolated_area,23.757,87.0,24.2,0.481,Dat do bazan,5,medium,0,
2022-05-23,2022-05-29,Dak Nong,Dak R'lap,Robusta / ca phe nhan xo noi dia,41781,,0,interpolated_area,22.871,93.857,134.6,0.5,Dat do bazan,4,low,0,
2022-05-23,2022-05-29,Dak Nong,Gia Nghia,Robusta / ca phe nhan xo noi dia,41781,,0,interpolated_area,22.8,92.571,99.4,0.498,Dat do bazan,4,low,0,
2022-05-23,2022-05-29,Gia Lai,Chu Prong,Robusta / ca phe nhan xo noi dia,41838,,0,interpolated_area,23.786,91.571,76.5,0.498,Dat do bazan,4,low,0,
2022-05-23,2022-05-29,Gia Lai,Ia Grai,Robusta / ca phe nhan xo noi dia,41838,,0,interpolated_area,24.657,90.714,69.0,0.498,Dat do bazan,4,low,0,
2022-05-23,2022-05-29,Gia Lai,Pleiku,Robusta / ca phe nhan xo noi dia,41838,,0,interpolated_area,22.443,91.857,36.9,0.486,Dat do bazan,4,low,0,
2022-05-23,2022-05-29,Kon Tum,Kon Tum,Robusta / ca phe nhan xo noi dia,41912,,0,interpolated_area,23.814,88.857,40.8,0.485,Dat do vang / dat bazan cuc bo,3,low,0,
2022-05-23,2022-05-29,Lam Dong,Bao Loc,Robusta / ca phe nhan xo noi dia,41438,,0,interpolated_area,22.014,92.143,56.7,0.49,Dat do vang tren bazan,4,low,0,
2022-05-23,2022-05-29,Lam Dong,Di Linh,Robusta / ca phe nhan xo noi dia,41438,,0,interpolated_area,21.457,92.714,47.3,0.493,Dat do vang tren bazan,4,medium,0,
2022-05-23,2022-05-29,Lam Dong,Lam Ha,Robusta / ca phe nhan xo noi dia,41438,,0,interpolated_area,22.114,88.0,32.5,0.471,Dat do vang tren bazan,4,low,0,
2022-05-30,2022-06-05,Dak Lak,Buon Ho,Robusta / ca phe nhan xo noi dia,42550,42550.0,2,observed,24.157,84.0,35.9,0.437,Dat do bazan,5,medium,2,Nong Nghiep Moi Truong
2022-05-30,2022-06-05,Dak Lak,Cu M'gar,Robusta / ca phe nhan xo noi dia,42550,,0,province_proxy,25.3,82.857,49.3,0.456,Dat do bazan,5,high,0,
2022-05-30,2022-06-05,Dak Lak,Ea H'leo,Robusta / ca phe nhan xo noi dia,42550,42550.0,2,observed,24.6,83.857,32.7,0.459,Dat do bazan,5,medium,2,Nong Nghiep Moi Truong
2022-05-30,2022-06-05,Dak Nong,Dak R'lap,Robusta / ca phe nhan xo noi dia,41890,,0,interpolated_area,23.529,89.0,53.7,0.488,Dat do bazan,4,low,0,
2022-05-30,2022-06-05,Dak Nong,Gia Nghia,Robusta / ca phe nhan xo noi dia,41890,,0,interpolated_area,23.643,86.857,48.7,0.487,Dat do bazan,4,low,0,
2022-05-30,2022-06-05,Gia Lai,Chu Prong,Robusta / ca phe nhan xo noi dia,42450,,0,province_proxy,24.971,86.286,40.6,0.48,Dat do bazan,4,low,0,
2022-05-30,2022-06-05,Gia Lai,Ia Grai,Robusta / ca phe nhan xo noi dia,42450,42450.0,2,observed,25.657,86.429,67.4,0.487,Dat do bazan,4,low,2,Nong Nghiep Moi Truong
2022-05-30,2022-06-05,Gia Lai,Pleiku,Robusta / ca phe nhan xo noi dia,42450,42450.0,2,observed,23.271,88.286,39.4,0.469,Dat do bazan,4,low,2,Nong Nghiep Moi Truong
2022-05-30,2022-06-05,Kon Tum,Kon Tum,Robusta / ca phe nhan xo noi dia,42550,42550.0,2,observed,24.429,87.0,31.6,0.476,Dat do vang / dat bazan cuc bo,3,low,2,Nong Nghiep Moi Truong
2022-05-30,2022-06-05,Lam Dong,Bao Loc,Robusta / ca phe nhan xo noi dia,42050,42050.0,2,observed,22.286,89.286,40.2,0.463,Dat do vang tren bazan,4,low,2,Nong Nghiep Moi Truong
2022-05-30,2022-06-05,Lam Dong,Di Linh,Robusta / ca phe nhan xo noi dia,42050,42050.0,2,observed,21.829,89.286,59.1,0.489,Dat do vang tren bazan,4,medium,2,Nong Nghiep Moi Truong
2022-05-30,2022-06-05,Lam Dong,Lam Ha,Robusta / ca phe nhan xo noi dia,42050,42050.0,2,observed,22.371,85.429,46.5,0.463,Dat do vang tren bazan,4,low,2,Nong Nghiep Moi Truong
2022-06-06,2022-06-12,Dak Lak,Buon Ho,Robusta / ca phe nhan xo noi dia,42100,42100.0,3,observed,24.571,81.571,21.9,0.362,Dat do bazan,5,medium,3,Nong Nghiep Moi Truong
2022-06-06,2022-06-12,Dak Lak,Cu M'gar,Robusta / ca phe nhan xo noi dia,42150,,0,province_proxy,25.586,80.857,26.4,0.399,Dat do bazan,5,high,0,
2022-06-06,2022-06-12,Dak Lak,Ea H'leo,Robusta / ca phe nhan xo noi dia,42200,42200.0,3,observed,25.129,80.857,28.1,0.428,Dat do bazan,5,medium,3,Nong Nghiep Moi Truong
2022-06-06,2022-06-12,Dak Nong,Dak R'lap,Robusta / ca phe nhan xo noi dia,42000,42000.0,3,observed,23.714,88.857,81.0,0.484,Dat do bazan,4,low,3,Nong Nghiep Moi Truong
2022-06-06,2022-06-12,Dak Nong,Gia Nghia,Robusta / ca phe nhan xo noi dia,42000,,0,province_proxy,23.343,89.143,87.8,0.487,Dat do bazan,4,low,0,
2022-06-06,2022-06-12,Gia Lai,Chu Prong,Robusta / ca phe nhan xo noi dia,42000,,0,province_proxy,25.557,83.714,27.4,0.461,Dat do bazan,4,low,0,
2022-06-06,2022-06-12,Gia Lai,Ia Grai,Robusta / ca phe nhan xo noi dia,42000,42000.0,3,observed,26.414,83.429,30.2,0.451,Dat do bazan,4,low,3,Nong Nghiep Moi Truong
2022-06-06,2022-06-12,Gia Lai,Pleiku,Robusta / ca phe nhan xo noi dia,42000,42000.0,3,observed,24.029,84.571,12.8,0.411,Dat do bazan,4,low,3,Nong Nghiep Moi Truong
2022-06-06,2022-06-12,Kon Tum,Kon Tum,Robusta / ca phe nhan xo noi dia,42300,42300.0,1,observed,24.429,87.714,29.8,0.474,Dat do vang / dat bazan cuc bo,3,low,1,Nong Nghiep Moi Truong
2022-06-06,2022-06-12,Lam Dong,Bao Loc,Robusta / ca phe nhan xo noi dia,41600,41600.0,3,observed,22.314,89.714,49.5,0.454,Dat do vang tren bazan,4,low,3,Nong Nghiep Moi Truong
2022-06-06,2022-06-12,Lam Dong,Di Linh,Robusta / ca phe nhan xo noi dia,41600,,0,province_proxy,22.2,86.714,52.2,0.472,Dat do vang tren bazan,4,medium,0,
2022-06-06,2022-06-12,Lam Dong,Lam Ha,Robusta / ca phe nhan xo noi dia,41600,41600.0,3,observed,22.386,84.143,32.8,0.445,Dat do vang tren bazan,4,low,3,Nong Nghiep Moi Truong
2022-06-13,2022-06-19,Dak Lak,Buon Ho,Robusta / ca phe nhan xo noi dia,42167,42166.666666666664,6,observed,24.786,80.286,18.5,0.326,Dat do bazan,5,medium,6,Nong Nghiep Moi Truong
2022-06-13,2022-06-19,Dak Lak,Cu M'gar,Robusta / ca phe nhan xo noi dia,42167,,0,province_proxy,25.814,80.0,27.3,0.402,Dat do bazan,5,high,0,
2022-06-13,2022-06-19,Dak Lak,Ea H'leo,Robusta / ca phe nhan xo noi dia,42167,42166.666666666664,6,observed,25.171,80.857,23.7,0.411,Dat do bazan,5,medium,6,Nong Nghiep Moi Truong
2022-06-13,2022-06-19,Dak Nong,Dak R'lap,Robusta / ca phe nhan xo noi dia,41980,41980.0,5,observed,23.843,87.857,40.5,0.486,Dat do bazan,4,low,5,Nong Nghiep Moi Truong
2022-06-13,2022-06-19,Dak Nong,Gia Nghia,Robusta / ca phe nhan xo noi dia,41980,,0,province_proxy,23.686,87.0,30.0,0.461,Dat do bazan,4,low,0,
2022-06-13,2022-06-19,Gia Lai,Chu Prong,Robusta / ca phe nhan xo noi dia,42067,,0,province_proxy,25.714,83.429,38.3,0.455,Dat do bazan,4,low,0,
2022-06-13,2022-06-19,Gia Lai,Ia Grai,Robusta / ca phe nhan xo noi dia,42067,42066.666666666664,6,observed,26.329,83.714,34.3,0.432,Dat do bazan,4,low,6,Nong Nghiep Moi Truong
2022-06-13,2022-06-19,Gia Lai,Pleiku,Robusta / ca phe nhan xo noi dia,42067,42066.666666666664,6,observed,24.157,83.429,13.9,0.339,Dat do bazan,4,low,6,Nong Nghiep Moi Truong
2022-06-13,2022-06-19,Kon Tum,Kon Tum,Robusta / ca phe nhan xo noi dia,42600,42600.0,1,observed,24.686,85.857,20.8,0.444,Dat do vang / dat bazan cuc bo,3,low,1,Nong Nghiep Moi Truong
2022-06-13,2022-06-19,Lam Dong,Bao Loc,Robusta / ca phe nhan xo noi dia,41733,41733.333333333336,6,observed,22.414,88.714,31.6,0.457,Dat do vang tren bazan,4,low,6,Nong Nghiep Moi Truong
2022-06-13,2022-06-19,Lam Dong,Di Linh,Robusta / ca phe nhan xo noi dia,42200,42200.0,1,observed,22.014,87.429,38.6,0.487,Dat do vang tren bazan,4,medium,1,Nong Nghiep Moi Truong
2022-06-13,2022-06-19,Lam Dong,Lam Ha,Robusta / ca phe nhan xo noi dia,41733,41733.333333333336,6,observed,22.386,84.429,25.8,0.409,Dat do vang tren bazan,4,low,6,Nong Nghiep Moi Truong
2022-06-20,2022-06-26,Dak Lak,Buon Ho,Robusta / ca phe nhan xo noi dia,42408,,0,interpolated_area,24.214,82.143,63.0,0.383,Dat do bazan,5,medium,0,
2022-06-20,2022-06-26,Dak Lak,Cu M'gar,Robusta / ca phe nhan xo noi dia,42408,,0,interpolated_area,25.514,80.143,57.4,0.378,Dat do bazan,5,high,0,
2022-06-20,2022-06-26,Dak Lak,Ea H'leo,Robusta / ca phe nhan xo noi dia,42408,,0,interpolated_area,24.614,81.857,61.9,0.432,Dat do bazan,5,medium,0,
2022-06-20,2022-06-26,Dak Nong,Dak R'lap,Robusta / ca phe nhan xo noi dia,42265,,0,interpolated_area,23.171,88.571,67.1,0.488,Dat do bazan,4,low,0,
2022-06-20,2022-06-26,Dak Nong,Gia Nghia,Robusta / ca phe nhan xo noi dia,42265,,0,interpolated_area,23.057,87.571,75.8,0.46,Dat do bazan,4,low,0,
2022-06-20,2022-06-26,Gia Lai,Chu Prong,Robusta / ca phe nhan xo noi dia,42308,,0,interpolated_area,25.314,83.143,47.4,0.46,Dat do bazan,4,low,0,
2022-06-20,2022-06-26,Gia Lai,Ia Grai,Robusta / ca phe nhan xo noi dia,42308,,0,interpolated_area,25.929,83.571,60.1,0.449,Dat do bazan,4,low,0,
2022-06-20,2022-06-26,Gia Lai,Pleiku,Robusta / ca phe nhan xo noi dia,42308,,0,interpolated_area,23.629,84.0,60.9,0.397,Dat do bazan,4,low,0,
2022-06-20,2022-06-26,Kon Tum,Kon Tum,Robusta / ca phe nhan xo noi dia,42340,,0,interpolated_area,24.614,85.286,40.4,0.458,Dat do vang / dat bazan cuc bo,3,low,0,
2022-06-20,2022-06-26,Lam Dong,Bao Loc,Robusta / ca phe nhan xo noi dia,41992,,0,interpolated_area,21.871,89.429,47.2,0.462,Dat do vang tren bazan,4,low,0,
2022-06-20,2022-06-26,Lam Dong,Di Linh,Robusta / ca phe nhan xo noi dia,42225,,0,interpolated_area,21.614,88.143,59.3,0.493,Dat do vang tren bazan,4,medium,0,
2022-06-20,2022-06-26,Lam Dong,Lam Ha,Robusta / ca phe nhan xo noi dia,41992,,0,interpolated_area,21.786,86.143,37.0,0.441,Dat do vang tren bazan,4,low,0,
2022-06-27,2022-07-03,Dak Lak,Buon Ho,Robusta / ca phe nhan xo noi dia,42650,42650.0,2,observed,23.814,86.857,23.7,0.424,Dat do bazan,5,medium,2,Nong Nghiep Moi Truong
2022-06-27,2022-07-03,Dak Lak,Cu M'gar,Robusta / ca phe nhan xo noi dia,42650,,0,province_proxy,25.057,85.286,52.3,0.452,Dat do bazan,5,high,0,
2022-06-27,2022-07-03,Dak Lak,Ea H'leo,Robusta / ca phe nhan xo noi dia,42650,42650.0,2,observed,24.157,86.286,29.2,0.454,Dat do bazan,5,medium,2,Nong Nghiep Moi Truong
2022-06-27,2022-07-03,Dak Nong,Dak R'lap,Robusta / ca phe nhan xo noi dia,42550,42550.0,2,observed,23.286,92.143,81.5,0.499,Dat do bazan,4,low,2,Nong Nghiep Moi Truong
2022-06-27,2022-07-03,Dak Nong,Gia Nghia,Robusta / ca phe nhan xo noi dia,42550,,0,province_proxy,23.229,90.571,60.2,0.496,Dat do bazan,4,low,0,
2022-06-27,2022-07-03,Gia Lai,Chu Prong,Robusta / ca phe nhan xo noi dia,42550,,0,province_proxy,24.386,90.429,91.0,0.482,Dat do bazan,4,low,0,
2022-06-27,2022-07-03,Gia Lai,Ia Grai,Robusta / ca phe nhan xo noi dia,42550,42550.0,2,observed,25.057,90.0,110.7,0.48,Dat do bazan,4,low,2,Nong Nghiep Moi Truong
2022-06-27,2022-07-03,Gia Lai,Pleiku,Robusta / ca phe nhan xo noi dia,42550,42550.0,2,observed,22.9,90.714,65.8,0.464,Dat do bazan,4,low,2,Nong Nghiep Moi Truong
2022-06-27,2022-07-03,Kon Tum,Kon Tum,Robusta / ca phe nhan xo noi dia,42080,,0,interpolated_area,24.143,88.571,76.6,0.483,Dat do vang / dat bazan cuc bo,3,low,0,
2022-06-27,2022-07-03,Lam Dong,Bao Loc,Robusta / ca phe nhan xo noi dia,42250,42250.0,2,observed,22.386,90.714,30.9,0.467,Dat do vang tren bazan,4,low,2,Nong Nghiep Moi Truong
2022-06-27,2022-07-03,Lam Dong,Di Linh,Robusta / ca phe nhan xo noi dia,42250,,0,province_proxy,21.857,91.143,23.0,0.483,Dat do vang tren bazan,4,medium,0,
2022-06-27,2022-07-03,Lam Dong,Lam Ha,Robusta / ca phe nhan xo noi dia,42250,42250.0,2,observed,22.743,85.0,12.0,0.423,Dat do vang tren bazan,4,low,2,Nong Nghiep Moi Truong
2022-07-04,2022-07-10,Dak Lak,Buon Ho,Robusta / ca phe nhan xo noi dia,41600,41600.0,1,observed,23.543,87.857,66.6,0.447,Dat do bazan,5,medium,1,Nong Nghiep Moi Truong
2022-07-04,2022-07-10,Dak Lak,Cu M'gar,Robusta / ca phe nhan xo noi dia,41600,,0,province_proxy,24.686,86.857,113.5,0.475,Dat do bazan,5,high,0,
2022-07-04,2022-07-10,Dak Lak,Ea H'leo,Robusta / ca phe nhan xo noi dia,41600,41600.0,1,observed,23.943,87.143,52.8,0.461,Dat do bazan,5,medium,1,Nong Nghiep Moi Truong
2022-07-04,2022-07-10,Dak Nong,Dak R'lap,Robusta / ca phe nhan xo noi dia,41500,41500.0,1,observed,23.043,92.0,105.6,0.502,Dat do bazan,4,low,1,Nong Nghiep Moi Truong
2022-07-04,2022-07-10,Dak Nong,Gia Nghia,Robusta / ca phe nhan xo noi dia,41500,,0,province_proxy,23.057,90.857,83.2,0.497,Dat do bazan,4,low,0,
2022-07-04,2022-07-10,Gia Lai,Chu Prong,Robusta / ca phe nhan xo noi dia,41500,,0,province_proxy,24.457,89.857,106.5,0.5,Dat do bazan,4,low,0,
2022-07-04,2022-07-10,Gia Lai,Ia Grai,Robusta / ca phe nhan xo noi dia,41500,41500.0,1,observed,25.071,90.143,118.0,0.501,Dat do bazan,4,low,1,Nong Nghiep Moi Truong
2022-07-04,2022-07-10,Gia Lai,Pleiku,Robusta / ca phe nhan xo noi dia,41500,41500.0,1,observed,22.814,91.143,91.1,0.497,Dat do bazan,4,low,1,Nong Nghiep Moi Truong
2022-07-04,2022-07-10,Kon Tum,Kon Tum,Robusta / ca phe nhan xo noi dia,41820,,0,interpolated_area,24.329,88.429,61.0,0.488,Dat do vang / dat bazan cuc bo,3,low,0,
2022-07-04,2022-07-10,Lam Dong,Bao Loc,Robusta / ca phe nhan xo noi dia,41200,41200.0,1,observed,22.114,91.429,70.6,0.476,Dat do vang tren bazan,4,low,1,Nong Nghiep Moi Truong
2022-07-04,2022-07-10,Lam Dong,Di Linh,Robusta / ca phe nhan xo noi dia,41200,,0,province_proxy,21.443,92.286,51.6,0.486,Dat do vang tren bazan,4,medium,0,
2022-07-04,2022-07-10,Lam Dong,Lam Ha,Robusta / ca phe nhan xo noi dia,41200,41200.0,1,observed,22.414,86.429,51.5,0.454,Dat do vang tren bazan,4,low,1,Nong Nghiep Moi Truong
2022-07-11,2022-07-17,Dak Lak,Buon Ho,Robusta / ca phe nhan xo noi dia,41671,41671.42857142857,7,observed,23.214,89.143,57.2,0.489,Dat do bazan,5,medium,7,Nong Nghiep Moi Truong
2022-07-11,2022-07-17,Dak Lak,Cu M'gar,Robusta / ca phe nhan xo noi dia,41671,,0,province_proxy,24.314,88.429,92.7,0.494,Dat do bazan,5,high,0,
2022-07-11,2022-07-17,Dak Lak,Ea H'leo,Robusta / ca phe nhan xo noi dia,41671,41671.42857142857,7,observed,23.729,88.0,60.4,0.493,Dat do bazan,5,medium,7,Nong Nghiep Moi Truong
2022-07-11,2022-07-17,Dak Nong,Dak R'lap,Robusta / ca phe nhan xo noi dia,41571,41571.42857142857,7,observed,22.857,92.571,92.0,0.501,Dat do bazan,4,low,7,Nong Nghiep Moi Truong
2022-07-11,2022-07-17,Dak Nong,Gia Nghia,Robusta / ca phe nhan xo noi dia,41571,,0,province_proxy,22.971,90.714,68.1,0.496,Dat do bazan,4,low,0,
2022-07-11,2022-07-17,Gia Lai,Chu Prong,Robusta / ca phe nhan xo noi dia,41571,,0,province_proxy,24.143,90.714,141.3,0.5,Dat do bazan,4,low,0,
2022-07-11,2022-07-17,Gia Lai,Ia Grai,Robusta / ca phe nhan xo noi dia,41571,41571.42857142857,7,observed,24.986,90.0,107.7,0.502,Dat do bazan,4,low,7,Nong Nghiep Moi Truong
2022-07-11,2022-07-17,Gia Lai,Pleiku,Robusta / ca phe nhan xo noi dia,41571,41571.42857142857,7,observed,22.657,92.0,100.6,0.5,Dat do bazan,4,low,7,Nong Nghiep Moi Truong
2022-07-11,2022-07-17,Kon Tum,Kon Tum,Robusta / ca phe nhan xo noi dia,41560,,0,interpolated_area,24.086,89.714,78.0,0.497,Dat do vang / dat bazan cuc bo,3,low,0,
2022-07-11,2022-07-17,Lam Dong,Bao Loc,Robusta / ca phe nhan xo noi dia,41271,41271.42857142857,7,observed,21.914,91.857,31.5,0.491,Dat do vang tren bazan,4,low,7,Nong Nghiep Moi Truong
2022-07-11,2022-07-17,Lam Dong,Di Linh,Robusta / ca phe nhan xo noi dia,41271,,0,province_proxy,21.271,92.714,52.1,0.497,Dat do vang tren bazan,4,medium,0,
2022-07-11,2022-07-17,Lam Dong,Lam Ha,Robusta / ca phe nhan xo noi dia,41271,41271.42857142857,7,observed,22.3,87.0,33.8,0.477,Dat do vang tren bazan,4,low,7,Nong Nghiep Moi Truong
2022-07-18,2022-07-24,Dak Lak,Buon Ho,Robusta / ca phe nhan xo noi dia,41900,41900.0,2,observed,23.643,85.857,46.1,0.481,Dat do bazan,5,medium,2,Nong Nghiep Moi Truong
2022-07-18,2022-07-24,Dak Lak,Cu M'gar,Robusta / ca phe nhan xo noi dia,41900,,0,province_proxy,24.829,84.571,84.4,0.485,Dat do bazan,5,high,0,
2022-07-18,2022-07-24,Dak Lak,Ea H'leo,Robusta / ca phe nhan xo noi dia,41900,41900.0,2,observed,24.157,83.429,61.1,0.474,Dat do bazan,5,medium,2,Nong Nghiep Moi Truong
2022-07-18,2022-07-24,Dak Nong,Dak R'lap,Robusta / ca phe nhan xo noi dia,42300,42300.0,1,observed,23.229,90.0,84.4,0.495,Dat do bazan,4,low,1,Nong Nghiep Moi Truong
2022-07-18,2022-07-24,Dak Nong,Gia Nghia,Robusta / ca phe nhan xo noi dia,42300,,0,province_proxy,23.129,88.857,67.4,0.493,Dat do bazan,4,low,0,
2022-07-18,2022-07-24,Gia Lai,Chu Prong,Robusta / ca phe nhan xo noi dia,41800,,0,province_proxy,24.8,85.143,73.7,0.486,Dat do bazan,4,low,0,
2022-07-18,2022-07-24,Gia Lai,Ia Grai,Robusta / ca phe nhan xo noi dia,41800,41800.0,2,observed,25.343,86.286,74.8,0.489,Dat do bazan,4,low,2,Nong Nghiep Moi Truong
2022-07-18,2022-07-24,Gia Lai,Pleiku,Robusta / ca phe nhan xo noi dia,41800,41800.0,2,observed,22.957,87.571,62.4,0.492,Dat do bazan,4,low,2,Nong Nghiep Moi Truong
2022-07-18,2022-07-24,Kon Tum,Kon Tum,Robusta / ca phe nhan xo noi dia,41300,41300.0,1,observed,23.7,87.857,69.3,0.483,Dat do vang / dat bazan cuc bo,3,low,1,Nong Nghiep Moi Truong
2022-07-18,2022-07-24,Lam Dong,Bao Loc,Robusta / ca phe nhan xo noi dia,41500,41500.0,2,observed,22.043,89.286,43.2,0.483,Dat do vang tren bazan,4,low,2,Nong Nghiep Moi Truong
2022-07-18,2022-07-24,Lam Dong,Di Linh,Robusta / ca phe nhan xo noi dia,41000,41000.0,1,observed,21.757,88.0,50.9,0.492,Dat do vang tren bazan,4,medium,1,Nong Nghiep Moi Truong
2022-07-18,2022-07-24,Lam Dong,Lam Ha,Robusta / ca phe nhan xo noi dia,41500,41500.0,2,observed,22.1,86.571,53.5,0.479,Dat do vang tren bazan,4,low,2,Nong Nghiep Moi Truong
2022-07-25,2022-07-31,Dak Lak,Buon Ho,Robusta / ca phe nhan xo noi dia,43125,,0,interpolated_area,24.1,85.286,35.7,0.43,Dat do bazan,5,medium,0,
2022-07-25,2022-07-31,Dak Lak,Cu M'gar,Robusta / ca phe nhan xo noi dia,43200,,0,interpolated_area,25.257,84.286,48.2,0.462,Dat do bazan,5,high,0,
2022-07-25,2022-07-31,Dak Lak,Ea H'leo,Robusta / ca phe nhan xo noi dia,43125,,0,interpolated_area,24.629,84.143,37.2,0.433,Dat do bazan,5,medium,0,
2022-07-25,2022-07-31,Dak Nong,Dak R'lap,Robusta / ca phe nhan xo noi dia,43275,,0,interpolated_area,23.486,89.571,77.4,0.49,Dat do bazan,4,low,0,
2022-07-25,2022-07-31,Dak Nong,Gia Nghia,Robusta / ca phe nhan xo noi dia,43350,,0,interpolated_area,23.343,88.857,62.4,0.482,Dat do bazan,4,low,0,
2022-07-25,2022-07-31,Gia Lai,Chu Prong,Robusta / ca phe nhan xo noi dia,43100,,0,interpolated_area,25.486,83.143,50.6,0.444,Dat do bazan,4,low,0,
2022-07-25,2022-07-31,Gia Lai,Ia Grai,Robusta / ca phe nhan xo noi dia,43025,,0,interpolated_area,26.071,83.857,49.7,0.436,Dat do bazan,4,low,0,
2022-07-25,2022-07-31,Gia Lai,Pleiku,Robusta / ca phe nhan xo noi dia,43025,,0,interpolated_area,23.529,86.143,44.8,0.459,Dat do bazan,4,low,0,
2022-07-25,2022-07-31,Kon Tum,Kon Tum,Robusta / ca phe nhan xo noi dia,42850,,0,interpolated_area,24.371,86.429,23.5,0.425,Dat do vang / dat bazan cuc bo,3,low,0,
2022-07-25,2022-07-31,Lam Dong,Bao Loc,Robusta / ca phe nhan xo noi dia,42725,,0,interpolated_area,22.329,89.143,35.5,0.475,Dat do vang tren bazan,4,low,0,
2022-07-25,2022-07-31,Lam Dong,Di Linh,Robusta / ca phe nhan xo noi dia,42500,,0,interpolated_area,21.843,89.429,51.6,0.486,Dat do vang tren bazan,4,medium,0,
2022-07-25,2022-07-31,Lam Dong,Lam Ha,Robusta / ca phe nhan xo noi dia,42725,,0,interpolated_area,22.214,87.0,54.1,0.445,Dat do vang tren bazan,4,low,0,
2022-08-01,2022-08-07,Dak Lak,Buon Ho,Robusta / ca phe nhan xo noi dia,44350,44350.0,2,observed,23.086,88.714,24.7,0.459,Dat do bazan,5,medium,2,Nong Nghiep Moi Truong
2022-08-01,2022-08-07,Dak Lak,Cu M'gar,Robusta / ca phe nhan xo noi dia,44500,44500.0,1,observed,23.957,88.429,64.8,0.496,Dat do bazan,5,high,1,Nong Nghiep Moi Truong
2022-08-01,2022-08-07,Dak Lak,Ea H'leo,Robusta / ca phe nhan xo noi dia,44350,44350.0,2,observed,23.543,88.0,19.1,0.485,Dat do bazan,5,medium,2,Nong Nghiep Moi Truong
2022-08-01,2022-08-07,Dak Nong,Dak R'lap,Robusta / ca phe nhan xo noi dia,44250,44250.0,2,observed,22.929,91.571,77.4,0.499,Dat do bazan,4,low,2,Nong Nghiep Moi Truong
2022-08-01,2022-08-07,Dak Nong,Gia Nghia,Robusta / ca phe nhan xo noi dia,44400,44400.0,1,observed,22.857,91.0,68.6,0.496,Dat do bazan,4,low,1,Nong Nghiep Moi Truong
2022-08-01,2022-08-07,Gia Lai,Chu Prong,Robusta / ca phe nhan xo noi dia,44400,44400.0,1,observed,23.886,91.429,78.0,0.499,Dat do bazan,4,low,1,Nong Nghiep Moi Truong
2022-08-01,2022-08-07,Gia Lai,Ia Grai,Robusta / ca phe nhan xo noi dia,44250,44250.0,2,observed,24.586,91.143,94.6,0.501,Dat do bazan,4,low,2,Nong Nghiep Moi Truong
2022-08-01,2022-08-07,Gia Lai,Pleiku,Robusta / ca phe nhan xo noi dia,44250,44250.0,2,observed,22.429,91.429,38.0,0.492,Dat do bazan,4,low,2,Nong Nghiep Moi Truong
2022-08-01,2022-08-07,Kon Tum,Kon Tum,Robusta / ca phe nhan xo noi dia,44400,44400.0,1,observed,23.643,90.143,52.8,0.494,Dat do vang / dat bazan cuc bo,3,low,1,Nong Nghiep Moi Truong
2022-08-01,2022-08-07,Lam Dong,Bao Loc,Robusta / ca phe nhan xo noi dia,43950,43950.0,2,observed,22.1,90.857,45.7,0.483,Dat do vang tren bazan,4,low,2,Nong Nghiep Moi Truong
2022-08-01,2022-08-07,Lam Dong,Di Linh,Robusta / ca phe nhan xo noi dia,44000,44000.0,1,observed,21.371,92.286,62.5,0.498,Dat do vang tren bazan,4,medium,1,Nong Nghiep Moi Truong
2022-08-01,2022-08-07,Lam Dong,Lam Ha,Robusta / ca phe nhan xo noi dia,43950,43950.0,2,observed,22.043,87.143,60.3,0.482,Dat do vang tren bazan,4,low,2,Nong Nghiep Moi Truong
2022-08-08,2022-08-14,Dak Lak,Buon Ho,Robusta / ca phe nhan xo noi dia,48100,48100.0,4,observed,22.714,89.0,70.2,0.486,Dat do bazan,5,medium,4,Nong Nghiep Moi Truong
2022-08-08,2022-08-14,Dak Lak,Cu M'gar,Robusta / ca phe nhan xo noi dia,48200,48200.0,4,observed,23.9,87.714,103.4,0.493,Dat do bazan,5,high,4,Nong Nghiep Moi Truong
2022-08-08,2022-08-14,Dak Lak,Ea H'leo,Robusta / ca phe nhan xo noi dia,48100,48100.0,4,observed,23.043,88.571,89.5,0.495,Dat do bazan,5,medium,4,Nong Nghiep Moi Truong
2022-08-08,2022-08-14,Dak Nong,Dak R'lap,Robusta / ca phe nhan xo noi dia,48000,48000.0,4,observed,22.343,93.0,107.3,0.499,Dat do bazan,4,low,4,Nong Nghiep Moi Truong
2022-08-08,2022-08-14,Dak Nong,Gia Nghia,Robusta / ca phe nhan xo noi dia,48100,48100.0,4,observed,22.357,91.571,70.2,0.491,Dat do bazan,4,low,4,Nong Nghiep Moi Truong
2022-08-08,2022-08-14,Gia Lai,Chu Prong,Robusta / ca phe nhan xo noi dia,48100,48100.0,4,observed,23.429,91.571,120.6,0.497,Dat do bazan,4,low,4,Nong Nghiep Moi Truong
2022-08-08,2022-08-14,Gia Lai,Ia Grai,Robusta / ca phe nhan xo noi dia,48000,48000.0,4,observed,24.129,92.0,127.3,0.502,Dat do bazan,4,low,4,Nong Nghiep Moi Truong
2022-08-08,2022-08-14,Gia Lai,Pleiku,Robusta / ca phe nhan xo noi dia,48000,48000.0,4,observed,21.814,93.0,113.2,0.502,Dat do bazan,4,low,4,Nong Nghiep Moi Truong
2022-08-08,2022-08-14,Kon Tum,Kon Tum,Robusta / ca phe nhan xo noi dia,48100,48100.0,4,observed,23.229,90.0,88.6,0.499,Dat do vang / dat bazan cuc bo,3,low,4,Nong Nghiep Moi Truong
2022-08-08,2022-08-14,Lam Dong,Bao Loc,Robusta / ca phe nhan xo noi dia,47700,47700.0,4,observed,21.329,91.286,65.8,0.494,Dat do vang tren bazan,4,low,4,Nong Nghiep Moi Truong
2022-08-08,2022-08-14,Lam Dong,Di Linh,Robusta / ca phe nhan xo noi dia,47700,47700.0,4,observed,20.7,92.143,94.6,0.497,Dat do vang tren bazan,4,medium,4,Nong Nghiep Moi Truong
2022-08-08,2022-08-14,Lam Dong,Lam Ha,Robusta / ca phe nhan xo noi dia,47700,47700.0,4,observed,21.586,86.857,35.6,0.481,Dat do vang tren bazan,4,low,4,Nong Nghiep Moi Truong
2022-08-15,2022-08-21,Dak Lak,Buon Ho,Robusta / ca phe nhan xo noi dia,48600,48600.0,5,observed,23.314,87.857,51.8,0.482,Dat do bazan,5,medium,5,Nong Nghiep Moi Truong
2022-08-15,2022-08-21,Dak Lak,Cu M'gar,Robusta / ca phe nhan xo noi dia,48700,48700.0,5,observed,24.414,87.429,100.6,0.493,Dat do bazan,5,high,5,Nong Nghiep Moi Truong
2022-08-15,2022-08-21,Dak Lak,Ea H'leo,Robusta / ca phe nhan xo noi dia,48600,48600.0,5,observed,23.686,87.143,44.2,0.486,Dat do bazan,5,medium,5,Nong Nghiep Moi Truong
2022-08-15,2022-08-21,Dak Nong,Dak R'lap,Robusta / ca phe nhan xo noi dia,48500,48500.0,5,observed,23.043,91.286,79.3,0.499,Dat do bazan,4,low,5,Nong Nghiep Moi Truong
2022-08-15,2022-08-21,Dak Nong,Gia Nghia,Robusta / ca phe nhan xo noi dia,48600,48600.0,5,observed,23.2,89.286,70.3,0.492,Dat do bazan,4,low,5,Nong Nghiep Moi Truong
2022-08-15,2022-08-21,Gia Lai,Chu Prong,Robusta / ca phe nhan xo noi dia,48600,48600.0,5,observed,24.0,90.143,90.7,0.498,Dat do bazan,4,low,5,Nong Nghiep Moi Truong
2022-08-15,2022-08-21,Gia Lai,Ia Grai,Robusta / ca phe nhan xo noi dia,48500,48500.0,5,observed,24.671,89.857,121.4,0.502,Dat do bazan,4,low,5,Nong Nghiep Moi Truong
2022-08-15,2022-08-21,Gia Lai,Pleiku,Robusta / ca phe nhan xo noi dia,48500,48500.0,5,observed,22.343,91.571,74.1,0.497,Dat do bazan,4,low,5,Nong Nghiep Moi Truong
2022-08-15,2022-08-21,Kon Tum,Kon Tum,Robusta / ca phe nhan xo noi dia,48600,48600.0,5,observed,23.686,88.857,78.3,0.497,Dat do vang / dat bazan cuc bo,3,low,5,Nong Nghiep Moi Truong
2022-08-15,2022-08-21,Lam Dong,Bao Loc,Robusta / ca phe nhan xo noi dia,48200,48200.0,5,observed,22.1,90.0,28.5,0.475,Dat do vang tren bazan,4,low,5,Nong Nghiep Moi Truong
2022-08-15,2022-08-21,Lam Dong,Di Linh,Robusta / ca phe nhan xo noi dia,48200,48200.0,5,observed,21.586,90.857,47.2,0.488,Dat do vang tren bazan,4,medium,5,Nong Nghiep Moi Truong
2022-08-15,2022-08-21,Lam Dong,Lam Ha,Robusta / ca phe nhan xo noi dia,48200,48200.0,5,observed,22.2,86.286,34.9,0.462,Dat do vang tren bazan,4,low,5,Nong Nghiep Moi Truong
2022-08-22,2022-08-28,Dak Lak,Buon Ho,Robusta / ca phe nhan xo noi dia,48350,,0,interpolated_area,23.471,86.143,43.4,0.483,Dat do bazan,5,medium,0,
2022-08-22,2022-08-28,Dak Lak,Cu M'gar,Robusta / ca phe nhan xo noi dia,48450,,0,interpolated_area,24.643,85.0,59.0,0.49,Dat do bazan,5,high,0,
2022-08-22,2022-08-28,Dak Lak,Ea H'leo,Robusta / ca phe nhan xo noi dia,48350,,0,interpolated_area,23.971,84.429,51.4,0.483,Dat do bazan,5,medium,0,
2022-08-22,2022-08-28,Dak Nong,Dak R'lap,Robusta / ca phe nhan xo noi dia,48250,,0,interpolated_area,23.2,89.714,88.5,0.498,Dat do bazan,4,low,0,
2022-08-22,2022-08-28,Dak Nong,Gia Nghia,Robusta / ca phe nhan xo noi dia,48350,,0,interpolated_area,23.257,87.857,58.1,0.492,Dat do bazan,4,low,0,
2022-08-22,2022-08-28,Gia Lai,Chu Prong,Robusta / ca phe nhan xo noi dia,48350,,0,interpolated_area,24.514,86.571,88.5,0.492,Dat do bazan,4,low,0,
2022-08-22,2022-08-28,Gia Lai,Ia Grai,Robusta / ca phe nhan xo noi dia,48250,,0,interpolated_area,25.143,87.143,94.5,0.497,Dat do bazan,4,low,0,
2022-08-22,2022-08-28,Gia Lai,Pleiku,Robusta / ca phe nhan xo noi dia,48250,,0,interpolated_area,22.743,88.857,71.4,0.494,Dat do bazan,4,low,0,
2022-08-22,2022-08-28,Kon Tum,Kon Tum,Robusta / ca phe nhan xo noi dia,48350,,0,interpolated_area,23.971,87.0,58.4,0.494,Dat do vang / dat bazan cuc bo,3,low,0,
2022-08-22,2022-08-28,Lam Dong,Bao Loc,Robusta / ca phe nhan xo noi dia,47900,,0,interpolated_area,22.129,89.0,36.4,0.475,Dat do vang tren bazan,4,low,0,
2022-08-22,2022-08-28,Lam Dong,Di Linh,Robusta / ca phe nhan xo noi dia,47900,,0,interpolated_area,21.557,89.143,51.3,0.494,Dat do vang tren bazan,4,medium,0,
2022-08-22,2022-08-28,Lam Dong,Lam Ha,Robusta / ca phe nhan xo noi dia,47900,,0,interpolated_area,22.014,86.571,50.0,0.483,Dat do vang tren bazan,4,low,0,
2022-08-29,2022-09-04,Dak Lak,Buon Ho,Robusta / ca phe nhan xo noi dia,48100,48100.0,2,observed,23.771,86.286,23.2,0.449,Dat do bazan,5,medium,2,Nong Nghiep Moi Truong
2022-08-29,2022-09-04,Dak Lak,Cu M'gar,Robusta / ca phe nhan xo noi dia,48200,48200.0,2,observed,25.029,84.714,44.4,0.468,Dat do bazan,5,high,2,Nong Nghiep Moi Truong
2022-08-29,2022-09-04,Dak Lak,Ea H'leo,Robusta / ca phe nhan xo noi dia,48100,48100.0,2,observed,24.329,85.0,39.4,0.482,Dat do bazan,5,medium,2,Nong Nghiep Moi Truong
2022-08-29,2022-09-04,Dak Nong,Dak R'lap,Robusta / ca phe nhan xo noi dia,48000,48000.0,2,observed,23.357,89.714,62.9,0.494,Dat do bazan,4,low,2,Nong Nghiep Moi Truong
2022-08-29,2022-09-04,Dak Nong,Gia Nghia,Robusta / ca phe nhan xo noi dia,48100,48100.0,2,observed,23.371,88.857,84.7,0.487,Dat do bazan,4,low,2,Nong Nghiep Moi Truong
2022-08-29,2022-09-04,Gia Lai,Chu Prong,Robusta / ca phe nhan xo noi dia,48100,48100.0,2,observed,25.157,84.714,94.7,0.483,Dat do bazan,4,low,2,Nong Nghiep Moi Truong
2022-08-29,2022-09-04,Gia Lai,Ia Grai,Robusta / ca phe nhan xo noi dia,48000,48000.0,2,observed,25.814,84.714,65.7,0.479,Dat do bazan,4,low,2,Nong Nghiep Moi Truong
2022-08-29,2022-09-04,Gia Lai,Pleiku,Robusta / ca phe nhan xo noi dia,48000,48000.0,2,observed,23.186,86.714,84.0,0.486,Dat do bazan,4,low,2,Nong Nghiep Moi Truong
2022-08-29,2022-09-04,Kon Tum,Kon Tum,Robusta / ca phe nhan xo noi dia,48100,48100.0,2,observed,24.043,87.429,68.3,0.471,Dat do vang / dat bazan cuc bo,3,low,2,Nong Nghiep Moi Truong
2022-08-29,2022-09-04,Lam Dong,Bao Loc,Robusta / ca phe nhan xo noi dia,47600,47600.0,2,observed,22.3,89.571,46.9,0.483,Dat do vang tren bazan,4,low,2,Nong Nghiep Moi Truong
2022-08-29,2022-09-04,Lam Dong,Di Linh,Robusta / ca phe nhan xo noi dia,47600,47600.0,2,observed,21.729,89.143,70.9,0.49,Dat do vang tren bazan,4,medium,2,Nong Nghiep Moi Truong
2022-08-29,2022-09-04,Lam Dong,Lam Ha,Robusta / ca phe nhan xo noi dia,47600,47600.0,2,observed,22.014,87.0,32.3,0.485,Dat do vang tren bazan,4,low,2,Nong Nghiep Moi Truong
2022-09-05,2022-09-11,Dak Lak,Buon Ho,Robusta / ca phe nhan xo noi dia,48300,48300.0,2,observed,23.014,89.143,56.5,0.478,Dat do bazan,5,medium,2,Nong Nghiep Moi Truong
2022-09-05,2022-09-11,Dak Lak,Cu M'gar,Robusta / ca phe nhan xo noi dia,48400,48400.0,2,observed,24.429,86.0,74.3,0.484,Dat do bazan,5,high,2,Nong Nghiep Moi Truong
2022-09-05,2022-09-11,Dak Lak,Ea H'leo,Robusta / ca phe nhan xo noi dia,48300,48300.0,2,observed,23.543,87.571,51.8,0.487,Dat do bazan,5,medium,2,Nong Nghiep Moi Truong
2022-09-05,2022-09-11,Dak Nong,Dak R'lap,Robusta / ca phe nhan xo noi dia,48200,48200.0,2,observed,22.843,91.429,69.7,0.499,Dat do bazan,4,low,2,Nong Nghiep Moi Truong
2022-09-05,2022-09-11,Dak Nong,Gia Nghia,Robusta / ca phe nhan xo noi dia,48300,48300.0,2,observed,22.771,90.143,60.9,0.492,Dat do bazan,4,low,2,Nong Nghiep Moi Truong
2022-09-05,2022-09-11,Gia Lai,Chu Prong,Robusta / ca phe nhan xo noi dia,48300,48300.0,2,observed,24.343,87.286,74.0,0.481,Dat do bazan,4,low,2,Nong Nghiep Moi Truong
2022-09-05,2022-09-11,Gia Lai,Ia Grai,Robusta / ca phe nhan xo noi dia,48200,48200.0,2,observed,25.0,87.143,93.8,0.487,Dat do bazan,4,low,2,Nong Nghiep Moi Truong
2022-09-05,2022-09-11,Gia Lai,Pleiku,Robusta / ca phe nhan xo noi dia,48200,48200.0,2,observed,22.557,88.857,69.7,0.485,Dat do bazan,4,low,2,Nong Nghiep Moi Truong
2022-09-05,2022-09-11,Kon Tum,Kon Tum,Robusta / ca phe nhan xo noi dia,48300,48300.0,2,observed,23.457,88.714,64.0,0.485,Dat do vang / dat bazan cuc bo,3,low,2,Nong Nghiep Moi Truong
2022-09-05,2022-09-11,Lam Dong,Bao Loc,Robusta / ca phe nhan xo noi dia,47800,47800.0,2,observed,21.786,90.714,53.2,0.492,Dat do vang tren bazan,4,low,2,Nong Nghiep Moi Truong
2022-09-05,2022-09-11,Lam Dong,Di Linh,Robusta / ca phe nhan xo noi dia,47800,47800.0,2,observed,21.3,91.0,66.8,0.496,Dat do vang tren bazan,4,medium,2,Nong Nghiep Moi Truong
2022-09-05,2022-09-11,Lam Dong,Lam Ha,Robusta / ca phe nhan xo noi dia,47800,47800.0,2,observed,21.557,88.714,63.0,0.49,Dat do vang tren bazan,4,low,2,Nong Nghiep Moi Truong
2022-09-12,2022-09-18,Dak Lak,Buon Ho,Robusta / ca phe nhan xo noi dia,47714,47714.28571428572,7,observed,23.029,88.286,46.8,0.449,Dat do bazan,5,medium,7,Nong Nghiep Moi Truong
2022-09-12,2022-09-18,Dak Lak,Cu M'gar,Robusta / ca phe nhan xo noi dia,47814,47814.28571428572,7,observed,24.071,87.714,79.4,0.474,Dat do bazan,5,high,7,Nong Nghiep Moi Truong
2022-09-12,2022-09-18,Dak Lak,Ea H'leo,Robusta / ca phe nhan xo noi dia,47714,47714.28571428572,7,observed,23.414,88.286,51.9,0.485,Dat do bazan,5,medium,7,Nong Nghiep Moi Truong
2022-09-12,2022-09-18,Dak Nong,Dak R'lap,Robusta / ca phe nhan xo noi dia,47614,47614.28571428572,7,observed,22.757,91.429,114.5,0.501,Dat do bazan,4,low,7,Nong Nghiep Moi Truong
2022-09-12,2022-09-18,Dak Nong,Gia Nghia,Robusta / ca phe nhan xo noi dia,47714,47714.28571428572,7,observed,22.771,90.0,110.8,0.497,Dat do bazan,4,low,7,Nong Nghiep Moi Truong
2022-09-12,2022-09-18,Gia Lai,Chu Prong,Robusta / ca phe nhan xo noi dia,47714,47714.28571428572,7,observed,24.029,89.0,106.0,0.488,Dat do bazan,4,low,7,Nong Nghiep Moi Truong
2022-09-12,2022-09-18,Gia Lai,Ia Grai,Robusta / ca phe nhan xo noi dia,47614,47614.28571428572,7,observed,24.686,88.429,112.3,0.493,Dat do bazan,4,low,7,Nong Nghiep Moi Truong
2022-09-12,2022-09-18,Gia Lai,Pleiku,Robusta / ca phe nhan xo noi dia,47614,47614.28571428572,7,observed,22.329,89.714,80.0,0.496,Dat do bazan,4,low,7,Nong Nghiep Moi Truong
2022-09-12,2022-09-18,Kon Tum,Kon Tum,Robusta / ca phe nhan xo noi dia,47714,47714.28571428572,7,observed,23.3,89.571,63.7,0.488,Dat do vang / dat bazan cuc bo,3,low,7,Nong Nghiep Moi Truong
2022-09-12,2022-09-18,Lam Dong,Bao Loc,Robusta / ca phe nhan xo noi dia,47214,47214.28571428572,7,observed,21.786,90.714,40.7,0.489,Dat do vang tren bazan,4,low,7,Nong Nghiep Moi Truong
2022-09-12,2022-09-18,Lam Dong,Di Linh,Robusta / ca phe nhan xo noi dia,47214,47214.28571428572,7,observed,21.214,91.0,39.5,0.493,Dat do vang tren bazan,4,medium,7,Nong Nghiep Moi Truong
2022-09-12,2022-09-18,Lam Dong,Lam Ha,Robusta / ca phe nhan xo noi dia,47214,47214.28571428572,7,observed,21.8,87.0,39.9,0.489,Dat do vang tren bazan,4,low,7,Nong Nghiep Moi Truong
2022-09-19,2022-09-25,Dak Lak,Buon Ho,Robusta / ca phe nhan xo noi dia,47057,,0,interpolated_area,22.671,90.143,67.2,0.483,Dat do bazan,5,medium,0,
2022-09-19,2022-09-25,Dak Lak,Cu M'gar,Robusta / ca phe nhan xo noi dia,47157,,0,interpolated_area,23.771,89.143,114.6,0.499,Dat do bazan,5,high,0,
2022-09-19,2022-09-25,Dak Lak,Ea H'leo,Robusta / ca phe nhan xo noi dia,47057,,0,interpolated_area,22.971,89.857,73.0,0.5,Dat do bazan,5,medium,0,
2022-09-19,2022-09-25,Dak Nong,Dak R'lap,Robusta / ca phe nhan xo noi dia,46957,,0,interpolated_area,22.571,93.0,87.5,0.503,Dat do bazan,4,low,0,
2022-09-19,2022-09-25,Dak Nong,Gia Nghia,Robusta / ca phe nhan xo noi dia,47057,,0,interpolated_area,22.657,91.0,71.9,0.496,Dat do bazan,4,low,0,
2022-09-19,2022-09-25,Gia Lai,Chu Prong,Robusta / ca phe nhan xo noi dia,47057,,0,interpolated_area,23.471,91.429,82.2,0.499,Dat do bazan,4,low,0,
2022-09-19,2022-09-25,Gia Lai,Ia Grai,Robusta / ca phe nhan xo noi dia,46957,,0,interpolated_area,24.186,91.286,117.4,0.503,Dat do bazan,4,low,0,
2022-09-19,2022-09-25,Gia Lai,Pleiku,Robusta / ca phe nhan xo noi dia,46957,,0,interpolated_area,21.929,92.429,106.0,0.5,Dat do bazan,4,low,0,
2022-09-19,2022-09-25,Kon Tum,Kon Tum,Robusta / ca phe nhan xo noi dia,47057,,0,interpolated_area,22.929,91.857,82.8,0.501,Dat do vang / dat bazan cuc bo,3,low,0,
2022-09-19,2022-09-25,Lam Dong,Bao Loc,Robusta / ca phe nhan xo noi dia,46657,,0,interpolated_area,21.786,90.286,38.5,0.484,Dat do vang tren bazan,4,low,0,
2022-09-19,2022-09-25,Lam Dong,Di Linh,Robusta / ca phe nhan xo noi dia,46657,,0,interpolated_area,21.186,91.571,55.5,0.493,Dat do vang tren bazan,4,medium,0,
2022-09-19,2022-09-25,Lam Dong,Lam Ha,Robusta / ca phe nhan xo noi dia,46657,,0,interpolated_area,21.714,88.571,55.4,0.487,Dat do vang tren bazan,4,low,0,
2022-09-26,2022-10-02,Dak Lak,Buon Ho,Robusta / ca phe nhan xo noi dia,46400,46400.0,2,observed,22.343,90.571,61.8,0.499,Dat do bazan,5,medium,2,Nong Nghiep Moi Truong
2022-09-26,2022-10-02,Dak Lak,Cu M'gar,Robusta / ca phe nhan xo noi dia,46500,46500.0,2,observed,23.729,88.143,64.9,0.499,Dat do bazan,5,high,2,Nong Nghiep Moi Truong
2022-09-26,2022-10-02,Dak Lak,Ea H'leo,Robusta / ca phe nhan xo noi dia,46400,46400.0,2,observed,22.8,89.429,65.0,0.499,Dat do bazan,5,medium,2,Nong Nghiep Moi Truong
2022-09-26,2022-10-02,Dak Nong,Dak R'lap,Robusta / ca phe nhan xo noi dia,46300,46300.0,2,observed,22.086,94.714,97.4,0.499,Dat do bazan,4,low,2,Nong Nghiep Moi Truong
2022-09-26,2022-10-02,Dak Nong,Gia Nghia,Robusta / ca phe nhan xo noi dia,46400,46400.0,2,observed,22.157,93.0,79.0,0.499,Dat do bazan,4,low,2,Nong Nghiep Moi Truong
2022-09-26,2022-10-02,Gia Lai,Chu Prong,Robusta / ca phe nhan xo noi dia,46400,46400.0,2,observed,23.5,90.571,96.9,0.5,Dat do bazan,4,low,2,Nong Nghiep Moi Truong
2022-09-26,2022-10-02,Gia Lai,Ia Grai,Robusta / ca phe nhan xo noi dia,46300,46300.0,2,observed,24.114,91.286,154.4,0.501,Dat do bazan,4,low,2,Nong Nghiep Moi Truong
2022-09-26,2022-10-02,Gia Lai,Pleiku,Robusta / ca phe nhan xo noi dia,46300,46300.0,2,observed,21.771,92.714,114.2,0.503,Dat do bazan,4,low,2,Nong Nghiep Moi Truong
2022-09-26,2022-10-02,Kon Tum,Kon Tum,Robusta / ca phe nhan xo noi dia,46400,46400.0,2,observed,23.014,90.143,162.4,0.499,Dat do vang / dat bazan cuc bo,3,low,2,Nong Nghiep Moi Truong
2022-09-26,2022-10-02,Lam Dong,Bao Loc,Robusta / ca phe nhan xo noi dia,46100,46100.0,2,observed,21.4,92.714,75.3,0.504,Dat do vang tren bazan,4,low,2,Nong Nghiep Moi Truong
2022-09-26,2022-10-02,Lam Dong,Di Linh,Robusta / ca phe nhan xo noi dia,46100,46100.0,2,observed,20.771,93.286,90.7,0.505,Dat do vang tren bazan,4,medium,2,Nong Nghiep Moi Truong
2022-09-26,2022-10-02,Lam Dong,Lam Ha,Robusta / ca phe nhan xo noi dia,46100,46100.0,2,observed,21.543,89.286,42.7,0.499,Dat do vang tren bazan,4,low,2,Nong Nghiep Moi Truong
2022-10-03,2022-10-09,Dak Lak,Buon Ho,Robusta / ca phe nhan xo noi dia,46193,,0,interpolated_area,22.586,91.0,14.9,0.452,Dat do bazan,5,medium,0,
2022-10-03,2022-10-09,Dak Lak,Cu M'gar,Robusta / ca phe nhan xo noi dia,46336,,0,interpolated_area,24.557,84.0,17.4,0.454,Dat do bazan,5,high,0,
2022-10-03,2022-10-09,Dak Lak,Ea H'leo,Robusta / ca phe nhan xo noi dia,46193,,0,interpolated_area,23.471,86.286,12.9,0.47,Dat do bazan,5,medium,0,
2022-10-03,2022-10-09,Dak Nong,Dak R'lap,Robusta / ca phe nhan xo noi dia,46093,,0,interpolated_area,22.786,91.0,73.1,0.494,Dat do bazan,4,low,0,
2022-10-03,2022-10-09,Dak Nong,Gia Nghia,Robusta / ca phe nhan xo noi dia,46193,,0,interpolated_area,22.557,90.429,88.8,0.495,Dat do bazan,4,low,0,
2022-10-03,2022-10-09,Gia Lai,Chu Prong,Robusta / ca phe nhan xo noi dia,46193,,0,interpolated_area,24.686,82.0,35.0,0.471,Dat do bazan,4,low,0,
2022-10-03,2022-10-09,Gia Lai,Ia Grai,Robusta / ca phe nhan xo noi dia,46093,,0,interpolated_area,25.086,84.429,41.5,0.48,Dat do bazan,4,low,0,
2022-10-03,2022-10-09,Gia Lai,Pleiku,Robusta / ca phe nhan xo noi dia,46093,,0,interpolated_area,22.729,85.143,30.2,0.48,Dat do bazan,4,low,0,
2022-10-03,2022-10-09,Kon Tum,Kon Tum,Robusta / ca phe nhan xo noi dia,46193,,0,interpolated_area,23.4,85.143,16.2,0.475,Dat do vang / dat bazan cuc bo,3,low,0,
2022-10-03,2022-10-09,Lam Dong,Bao Loc,Robusta / ca phe nhan xo noi dia,45893,,0,interpolated_area,21.657,89.286,80.7,0.493,Dat do vang tren bazan,4,low,0,
2022-10-03,2022-10-09,Lam Dong,Di Linh,Robusta / ca phe nhan xo noi dia,45893,,0,interpolated_area,21.486,87.143,50.0,0.494,Dat do vang tren bazan,4,medium,0,
2022-10-03,2022-10-09,Lam Dong,Lam Ha,Robusta / ca phe nhan xo noi dia,45893,,0,interpolated_area,21.271,88.143,67.3,0.491,Dat do vang tren bazan,4,low,0,
2022-10-10,2022-10-16,Dak Lak,Buon Ho,Robusta / ca phe nhan xo noi dia,45986,45985.71428571428,7,observed,21.6,88.857,80.0,0.481,Dat do bazan,5,medium,7,Nong Nghiep Moi Truong
2022-10-10,2022-10-16,Dak Lak,Cu M'gar,Robusta / ca phe nhan xo noi dia,46171,46171.42857142857,7,observed,22.886,86.0,66.9,0.48,Dat do bazan,5,high,7,Nong Nghiep Moi Truong
2022-10-10,2022-10-16,Dak Lak,Ea H'leo,Robusta / ca phe nhan xo noi dia,45986,45985.71428571428,7,observed,21.857,88.571,104.1,0.477,Dat do bazan,5,medium,7,Nong Nghiep Moi Truong
2022-10-10,2022-10-16,Dak Nong,Dak R'lap,Robusta / ca phe nhan xo noi dia,45886,45885.71428571428,7,observed,22.2,86.429,34.9,0.477,Dat do bazan,4,low,7,Nong Nghiep Moi Truong
2022-10-10,2022-10-16,Dak Nong,Gia Nghia,Robusta / ca phe nhan xo noi dia,45986,45985.71428571428,7,observed,22.086,85.857,11.6,0.475,Dat do bazan,4,low,7,Nong Nghiep Moi Truong
2022-10-10,2022-10-16,Gia Lai,Chu Prong,Robusta / ca phe nhan xo noi dia,45986,45985.71428571428,7,observed,22.943,86.571,129.6,0.492,Dat do bazan,4,low,7,Nong Nghiep Moi Truong
2022-10-10,2022-10-16,Gia Lai,Ia Grai,Robusta / ca phe nhan xo noi dia,45886,45885.71428571428,7,observed,23.543,86.857,136.4,0.492,Dat do bazan,4,low,7,Nong Nghiep Moi Truong
2022-10-10,2022-10-16,Gia Lai,Pleiku,Robusta / ca phe nhan xo noi dia,45886,45885.71428571428,7,observed,21.286,86.714,120.3,0.489,Dat do bazan,4,low,7,Nong Nghiep Moi Truong
2022-10-10,2022-10-16,Kon Tum,Kon Tum,Robusta / ca phe nhan xo noi dia,45986,45985.71428571428,7,observed,22.029,87.857,96.5,0.478,Dat do vang / dat bazan cuc bo,3,low,7,Nong Nghiep Moi Truong
2022-10-10,2022-10-16,Lam Dong,Bao Loc,Robusta / ca phe nhan xo noi dia,45686,45685.71428571428,7,observed,20.686,89.143,21.5,0.473,Dat do vang tren bazan,4,low,7,Nong Nghiep Moi Truong
2022-10-10,2022-10-16,Lam Dong,Di Linh,Robusta / ca phe nhan xo noi dia,45686,45685.71428571428,7,observed,20.286,89.857,41.2,0.478,Dat do vang tren bazan,4,medium,7,Nong Nghiep Moi Truong
2022-10-10,2022-10-16,Lam Dong,Lam Ha,Robusta / ca phe nhan xo noi dia,45686,45685.71428571428,7,observed,20.643,87.571,42.6,0.485,Dat do vang tren bazan,4,low,7,Nong Nghiep Moi Truong
2022-10-17,2022-10-23,Dak Lak,Buon Ho,Robusta / ca phe nhan xo noi dia,44767,44766.666666666664,3,observed,22.614,83.857,17.8,0.432,Dat do bazan,5,medium,3,Nong Nghiep Moi Truong
2022-10-17,2022-10-23,Dak Lak,Cu M'gar,Robusta / ca phe nhan xo noi dia,44967,44966.666666666664,3,observed,24.329,79.571,16.4,0.432,Dat do bazan,5,high,3,Nong Nghiep Moi Truong
2022-10-17,2022-10-23,Dak Lak,Ea H'leo,Robusta / ca phe nhan xo noi dia,44767,44766.666666666664,3,observed,23.3,79.0,3.5,0.429,Dat do bazan,5,medium,3,Nong Nghiep Moi Truong
2022-10-17,2022-10-23,Dak Nong,Dak R'lap,Robusta / ca phe nhan xo noi dia,44667,44666.666666666664,3,observed,22.6,89.143,53.6,0.486,Dat do bazan,4,low,3,Nong Nghiep Moi Truong
2022-10-17,2022-10-23,Dak Nong,Gia Nghia,Robusta / ca phe nhan xo noi dia,44767,44766.666666666664,3,observed,22.614,87.143,58.4,0.474,Dat do bazan,4,low,3,Nong Nghiep Moi Truong
2022-10-17,2022-10-23,Gia Lai,Chu Prong,Robusta / ca phe nhan xo noi dia,44733,44733.333333333336,3,observed,24.214,78.857,7.0,0.425,Dat do bazan,4,low,3,Nong Nghiep Moi Truong
2022-10-17,2022-10-23,Gia Lai,Ia Grai,Robusta / ca phe nhan xo noi dia,44633,44633.333333333336,3,observed,24.7,80.429,6.5,0.44,Dat do bazan,4,low,3,Nong Nghiep Moi Truong
2022-10-17,2022-10-23,Gia Lai,Pleiku,Robusta / ca phe nhan xo noi dia,44633,44633.333333333336,3,observed,22.129,82.143,3.9,0.439,Dat do bazan,4,low,3,Nong Nghiep Moi Truong
2022-10-17,2022-10-23,Kon Tum,Kon Tum,Robusta / ca phe nhan xo noi dia,44767,44766.666666666664,3,observed,22.514,82.0,2.3,0.434,Dat do vang / dat bazan cuc bo,3,low,3,Nong Nghiep Moi Truong
2022-10-17,2022-10-23,Lam Dong,Bao Loc,Robusta / ca phe nhan xo noi dia,44433,44433.333333333336,3,observed,21.4,89.143,44.9,0.479,Dat do vang tren bazan,4,low,3,Nong Nghiep Moi Truong
2022-10-17,2022-10-23,Lam Dong,Di Linh,Robusta / ca phe nhan xo noi dia,44400,44400.0,3,observed,21.271,87.857,45.7,0.476,Dat do vang tren bazan,4,medium,3,Nong Nghiep Moi Truong
2022-10-17,2022-10-23,Lam Dong,Lam Ha,Robusta / ca phe nhan xo noi dia,44400,44400.0,3,observed,21.514,87.0,51.7,0.478,Dat do vang tren bazan,4,low,3,Nong Nghiep Moi Truong
2022-10-24,2022-10-30,Dak Lak,Buon Ho,Robusta / ca phe nhan xo noi dia,43328,,0,interpolated_area,22.071,88.429,13.1,0.418,Dat do bazan,5,medium,0,
2022-10-24,2022-10-30,Dak Lak,Cu M'gar,Robusta / ca phe nhan xo noi dia,43494,,0,interpolated_area,23.943,81.714,20.3,0.44,Dat do bazan,5,high,0,
2022-10-24,2022-10-30,Dak Lak,Ea H'leo,Robusta / ca phe nhan xo noi dia,43328,,0,interpolated_area,22.771,83.857,14.6,0.412,Dat do bazan,5,medium,0,
2022-10-24,2022-10-30,Dak Nong,Dak R'lap,Robusta / ca phe nhan xo noi dia,43261,,0,interpolated_area,23.171,83.429,25.4,0.472,Dat do bazan,4,low,0,
2022-10-24,2022-10-30,Dak Nong,Gia Nghia,Robusta / ca phe nhan xo noi dia,43361,,0,interpolated_area,22.886,83.286,27.0,0.466,Dat do bazan,4,low,0,
2022-10-24,2022-10-30,Gia Lai,Chu Prong,Robusta / ca phe nhan xo noi dia,43339,,0,interpolated_area,24.557,75.0,12.2,0.355,Dat do bazan,4,low,0,
2022-10-24,2022-10-30,Gia Lai,Ia Grai,Robusta / ca phe nhan xo noi dia,43239,,0,interpolated_area,25.029,76.0,8.5,0.406,Dat do bazan,4,low,0,
2022-10-24,2022-10-30,Gia Lai,Pleiku,Robusta / ca phe nhan xo noi dia,43239,,0,interpolated_area,22.429,78.857,3.2,0.376,Dat do bazan,4,low,0,
2022-10-24,2022-10-30,Kon Tum,Kon Tum,Robusta / ca phe nhan xo noi dia,43361,,0,interpolated_area,23.1,79.714,18.2,0.4,Dat do vang / dat bazan cuc bo,3,low,0,
2022-10-24,2022-10-30,Lam Dong,Bao Loc,Robusta / ca phe nhan xo noi dia,42939,,0,interpolated_area,21.5,87.857,17.2,0.475,Dat do vang tren bazan,4,low,0,
2022-10-24,2022-10-30,Lam Dong,Di Linh,Robusta / ca phe nhan xo noi dia,42917,,0,interpolated_area,21.314,86.857,39.0,0.482,Dat do vang tren bazan,4,medium,0,
2022-10-24,2022-10-30,Lam Dong,Lam Ha,Robusta / ca phe nhan xo noi dia,42917,,0,interpolated_area,21.443,86.0,36.9,0.482,Dat do vang tren bazan,4,low,0,
2022-10-31,2022-11-06,Dak Lak,Buon Ho,Robusta / ca phe nhan xo noi dia,41889,,0,interpolated_area,21.471,82.714,1.6,0.349,Dat do bazan,5,medium,0,
2022-10-31,2022-11-06,Dak Lak,Cu M'gar,Robusta / ca phe nhan xo noi dia,42022,,0,interpolated_area,23.557,75.857,1.2,0.346,Dat do bazan,5,high,0,
2022-10-31,2022-11-06,Dak Lak,Ea H'leo,Robusta / ca phe nhan xo noi dia,41889,,0,interpolated_area,22.329,77.571,1.8,0.366,Dat do bazan,5,medium,0,
2022-10-31,2022-11-06,Dak Nong,Dak R'lap,Robusta / ca phe nhan xo noi dia,41856,,0,interpolated_area,22.271,86.143,31.4,0.434,Dat do bazan,4,low,0,
2022-10-31,2022-11-06,Dak Nong,Gia Nghia,Robusta / ca phe nhan xo noi dia,41956,,0,interpolated_area,22.071,85.0,32.2,0.422,Dat do bazan,4,low,0,
2022-10-31,2022-11-06,Gia Lai,Chu Prong,Robusta / ca phe nhan xo noi dia,41944,,0,interpolated_area,23.8,69.571,0.5,0.264,Dat do bazan,4,low,0,
2022-10-31,2022-11-06,Gia Lai,Ia Grai,Robusta / ca phe nhan xo noi dia,41844,,0,interpolated_area,23.929,72.857,4.2,0.336,Dat do bazan,4,low,0,
2022-10-31,2022-11-06,Gia Lai,Pleiku,Robusta / ca phe nhan xo noi dia,41844,,0,interpolated_area,21.1,77.0,5.2,0.314,Dat do bazan,4,low,0,
2022-10-31,2022-11-06,Kon Tum,Kon Tum,Robusta / ca phe nhan xo noi dia,41956,,0,interpolated_area,21.443,77.714,0.9,0.316,Dat do vang / dat bazan cuc bo,3,low,0,
2022-10-31,2022-11-06,Lam Dong,Bao Loc,Robusta / ca phe nhan xo noi dia,41444,,0,interpolated_area,20.814,87.857,38.0,0.459,Dat do vang tren bazan,4,low,0,
2022-10-31,2022-11-06,Lam Dong,Di Linh,Robusta / ca phe nhan xo noi dia,41433,,0,interpolated_area,20.429,87.143,42.1,0.46,Dat do vang tren bazan,4,medium,0,
2022-10-31,2022-11-06,Lam Dong,Lam Ha,Robusta / ca phe nhan xo noi dia,41433,,0,interpolated_area,20.443,85.857,49.6,0.451,Dat do vang tren bazan,4,low,0,
2022-11-07,2022-11-13,Dak Lak,Buon Ho,Robusta / ca phe nhan xo noi dia,40450,40450.0,4,observed,22.086,86.857,5.2,0.3,Dat do bazan,5,medium,4,Nong Nghiep Moi Truong
2022-11-07,2022-11-13,Dak Lak,Cu M'gar,Robusta / ca phe nhan xo noi dia,40550,40550.0,4,observed,24.129,79.286,2.4,0.295,Dat do bazan,5,high,4,Nong Nghiep Moi Truong
2022-11-07,2022-11-13,Dak Lak,Ea H'leo,Robusta / ca phe nhan xo noi dia,40450,40450.0,4,observed,23.043,80.714,9.1,0.321,Dat do bazan,5,medium,4,Nong Nghiep Moi Truong
2022-11-07,2022-11-13,Dak Nong,Dak R'lap,Robusta / ca phe nhan xo noi dia,40450,40450.0,4,observed,23.286,81.714,7.2,0.405,Dat do bazan,4,low,4,Nong Nghiep Moi Truong
2022-11-07,2022-11-13,Dak Nong,Gia Nghia,Robusta / ca phe nhan xo noi dia,40550,40550.0,4,observed,23.1,80.286,11.5,0.392,Dat do bazan,4,low,4,Nong Nghiep Moi Truong
2022-11-07,2022-11-13,Gia Lai,Chu Prong,Robusta / ca phe nhan xo noi dia,40550,40550.0,4,observed,25.314,68.286,1.7,0.217,Dat do bazan,4,low,4,Nong Nghiep Moi Truong
2022-11-07,2022-11-13,Gia Lai,Ia Grai,Robusta / ca phe nhan xo noi dia,40450,40450.0,4,observed,25.886,69.429,2.4,0.346,Dat do bazan,4,low,4,Nong Nghiep Moi Truong
2022-11-07,2022-11-13,Gia Lai,Pleiku,Robusta / ca phe nhan xo noi dia,40450,40450.0,4,observed,22.757,74.571,1.0,0.294,Dat do bazan,4,low,4,Nong Nghiep Moi Truong
2022-11-07,2022-11-13,Kon Tum,Kon Tum,Robusta / ca phe nhan xo noi dia,40550,40550.0,4,observed,23.271,76.0,0.5,0.272,Dat do vang / dat bazan cuc bo,3,low,4,Nong Nghiep Moi Truong
2022-11-07,2022-11-13,Lam Dong,Bao Loc,Robusta / ca phe nhan xo noi dia,39950,39950.0,4,observed,21.443,86.0,21.6,0.45,Dat do vang tren bazan,4,low,4,Nong Nghiep Moi Truong
2022-11-07,2022-11-13,Lam Dong,Di Linh,Robusta / ca phe nhan xo noi dia,39950,39950.0,4,observed,21.486,82.143,30.1,0.438,Dat do vang tren bazan,4,medium,4,Nong Nghiep Moi Truong
2022-11-07,2022-11-13,Lam Dong,Lam Ha,Robusta / ca phe nhan xo noi dia,39950,39950.0,4,observed,21.129,83.571,21.5,0.455,Dat do vang tren bazan,4,low,4,Nong Nghiep Moi Truong
2022-11-14,2022-11-20,Dak Lak,Buon Ho,Robusta / ca phe nhan xo noi dia,39686,39685.71428571428,7,observed,22.143,90.429,76.5,0.342,Dat do bazan,5,medium,7,Nong Nghiep Moi Truong
2022-11-14,2022-11-20,Dak Lak,Cu M'gar,Robusta / ca phe nhan xo noi dia,39786,39785.71428571428,7,observed,24.214,82.429,63.3,0.313,Dat do bazan,5,high,7,Nong Nghiep Moi Truong
2022-11-14,2022-11-20,Dak Lak,Ea H'leo,Robusta / ca phe nhan xo noi dia,39686,39685.71428571428,7,observed,22.986,86.143,56.5,0.352,Dat do bazan,5,medium,7,Nong Nghiep Moi Truong
2022-11-14,2022-11-20,Dak Nong,Dak R'lap,Robusta / ca phe nhan xo noi dia,39686,39685.71428571428,7,observed,22.529,89.571,62.8,0.456,Dat do bazan,4,low,7,Nong Nghiep Moi Truong
2022-11-14,2022-11-20,Dak Nong,Gia Nghia,Robusta / ca phe nhan xo noi dia,39786,39785.71428571428,7,observed,22.5,88.143,73.8,0.435,Dat do bazan,4,low,7,Nong Nghiep Moi Truong
2022-11-14,2022-11-20,Gia Lai,Chu Prong,Robusta / ca phe nhan xo noi dia,39786,39785.71428571428,7,observed,25.371,72.571,25.5,0.241,Dat do bazan,4,low,7,Nong Nghiep Moi Truong
2022-11-14,2022-11-20,Gia Lai,Ia Grai,Robusta / ca phe nhan xo noi dia,39686,39685.71428571428,7,observed,26.143,71.714,23.0,0.314,Dat do bazan,4,low,7,Nong Nghiep Moi Truong
2022-11-14,2022-11-20,Gia Lai,Pleiku,Robusta / ca phe nhan xo noi dia,39686,39685.71428571428,7,observed,22.886,78.571,33.2,0.313,Dat do bazan,4,low,7,Nong Nghiep Moi Truong
2022-11-14,2022-11-20,Kon Tum,Kon Tum,Robusta / ca phe nhan xo noi dia,39786,39785.71428571428,7,observed,23.771,77.714,23.7,0.298,Dat do vang / dat bazan cuc bo,3,low,7,Nong Nghiep Moi Truong
2022-11-14,2022-11-20,Lam Dong,Bao Loc,Robusta / ca phe nhan xo noi dia,39271,39271.42857142857,7,observed,21.271,89.0,82.3,0.459,Dat do vang tren bazan,4,low,7,Nong Nghiep Moi Truong
2022-11-14,2022-11-20,Lam Dong,Di Linh,Robusta / ca phe nhan xo noi dia,39271,39271.42857142857,7,observed,21.243,84.429,75.1,0.462,Dat do vang tren bazan,4,medium,7,Nong Nghiep Moi Truong
2022-11-14,2022-11-20,Lam Dong,Lam Ha,Robusta / ca phe nhan xo noi dia,39271,39271.42857142857,7,observed,21.086,85.571,71.5,0.464,Dat do vang tren bazan,4,low,7,Nong Nghiep Moi Truong
2022-11-21,2022-11-27,Dak Lak,Buon Ho,Robusta / ca phe nhan xo noi dia,40318,,0,interpolated_area,22.214,92.0,16.1,0.471,Dat do bazan,5,medium,0,
2022-11-21,2022-11-27,Dak Lak,Cu M'gar,Robusta / ca phe nhan xo noi dia,40418,,0,interpolated_area,24.143,86.0,55.4,0.478,Dat do bazan,5,high,0,
2022-11-21,2022-11-27,Dak Lak,Ea H'leo,Robusta / ca phe nhan xo noi dia,40318,,0,interpolated_area,23.071,88.286,24.5,0.475,Dat do bazan,5,medium,0,
2022-11-21,2022-11-27,Dak Nong,Dak R'lap,Robusta / ca phe nhan xo noi dia,40343,,0,interpolated_area,22.171,93.286,76.5,0.496,Dat do bazan,4,low,0,
2022-11-21,2022-11-27,Dak Nong,Gia Nghia,Robusta / ca phe nhan xo noi dia,40443,,0,interpolated_area,22.057,91.857,80.7,0.497,Dat do bazan,4,low,0,
2022-11-21,2022-11-27,Gia Lai,Chu Prong,Robusta / ca phe nhan xo noi dia,40418,,0,interpolated_area,24.571,81.429,20.4,0.396,Dat do bazan,4,low,0,
2022-11-21,2022-11-27,Gia Lai,Ia Grai,Robusta / ca phe nhan xo noi dia,40318,,0,interpolated_area,25.014,83.429,54.5,0.44,Dat do bazan,4,low,0,
2022-11-21,2022-11-27,Gia Lai,Pleiku,Robusta / ca phe nhan xo noi dia,40318,,0,interpolated_area,22.157,88.571,31.0,0.449,Dat do bazan,4,low,0,
2022-11-21,2022-11-27,Kon Tum,Kon Tum,Robusta / ca phe nhan xo noi dia,40418,,0,interpolated_area,23.129,87.571,40.1,0.435,Dat do vang / dat bazan cuc bo,3,low,0,
2022-11-21,2022-11-27,Lam Dong,Bao Loc,Robusta / ca phe nhan xo noi dia,39911,,0,interpolated_area,21.229,91.0,46.4,0.489,Dat do vang tren bazan,4,low,0,
2022-11-21,2022-11-27,Lam Dong,Di Linh,Robusta / ca phe nhan xo noi dia,39911,,0,interpolated_area,20.943,91.143,37.0,0.49,Dat do vang tren bazan,4,medium,0,
2022-11-21,2022-11-27,Lam Dong,Lam Ha,Robusta / ca phe nhan xo noi dia,39911,,0,interpolated_area,20.843,90.286,41.2,0.488,Dat do vang tren bazan,4,low,0,
2022-11-28,2022-12-04,Dak Lak,Buon Ho,Robusta / ca phe nhan xo noi dia,40950,40950.0,2,observed,21.814,90.857,6.5,0.413,Dat do bazan,5,medium,2,Nong Nghiep Moi Truong
2022-11-28,2022-12-04,Dak Lak,Cu M'gar,Robusta / ca phe nhan xo noi dia,41050,41050.0,2,observed,23.886,83.286,9.7,0.404,Dat do bazan,5,high,2,Nong Nghiep Moi Truong
2022-11-28,2022-12-04,Dak Lak,Ea H'leo,Robusta / ca phe nhan xo noi dia,40950,40950.0,2,observed,22.771,85.714,7.6,0.425,Dat do bazan,5,medium,2,Nong Nghiep Moi Truong
2022-11-28,2022-12-04,Dak Nong,Dak R'lap,Robusta / ca phe nhan xo noi dia,41000,41000.0,2,observed,22.843,85.571,12.0,0.455,Dat do bazan,4,low,2,Nong Nghiep Moi Truong
2022-11-28,2022-12-04,Dak Nong,Gia Nghia,Robusta / ca phe nhan xo noi dia,41100,41100.0,2,observed,22.657,84.571,12.0,0.445,Dat do bazan,4,low,2,Nong Nghiep Moi Truong
2022-11-28,2022-12-04,Gia Lai,Chu Prong,Robusta / ca phe nhan xo noi dia,41050,41050.0,2,observed,25.329,71.286,2.2,0.29,Dat do bazan,4,low,2,Nong Nghiep Moi Truong
2022-11-28,2022-12-04,Gia Lai,Ia Grai,Robusta / ca phe nhan xo noi dia,40950,40950.0,2,observed,25.871,72.0,1.5,0.376,Dat do bazan,4,low,2,Nong Nghiep Moi Truong
2022-11-28,2022-12-04,Gia Lai,Pleiku,Robusta / ca phe nhan xo noi dia,40950,40950.0,2,observed,22.5,80.0,0.8,0.381,Dat do bazan,4,low,2,Nong Nghiep Moi Truong
2022-11-28,2022-12-04,Kon Tum,Kon Tum,Robusta / ca phe nhan xo noi dia,41050,41050.0,2,observed,23.429,78.571,3.5,0.358,Dat do vang / dat bazan cuc bo,3,low,2,Nong Nghiep Moi Truong
2022-11-28,2022-12-04,Lam Dong,Bao Loc,Robusta / ca phe nhan xo noi dia,40550,40550.0,2,observed,21.371,85.571,22.2,0.444,Dat do vang tren bazan,4,low,2,Nong Nghiep Moi Truong
2022-11-28,2022-12-04,Lam Dong,Di Linh,Robusta / ca phe nhan xo noi dia,40550,40550.0,2,observed,21.086,83.286,14.8,0.447,Dat do vang tren bazan,4,medium,2,Nong Nghiep Moi Truong
2022-11-28,2022-12-04,Lam Dong,Lam Ha,Robusta / ca phe nhan xo noi dia,40550,40550.0,2,observed,20.9,83.143,16.8,0.429,Dat do vang tren bazan,4,low,2,Nong Nghiep Moi Truong
2022-12-05,2022-12-11,Dak Lak,Buon Ho,Robusta / ca phe nhan xo noi dia,40400,40400.0,1,observed,20.971,88.143,6.0,0.426,Dat do bazan,5,medium,1,Nong Nghiep Moi Truong
2022-12-05,2022-12-11,Dak Lak,Cu M'gar,Robusta / ca phe nhan xo noi dia,40500,40500.0,1,observed,23.114,79.714,1.6,0.364,Dat do bazan,5,high,1,Nong Nghiep Moi Truong
2022-12-05,2022-12-11,Dak Lak,Ea H'leo,Robusta / ca phe nhan xo noi dia,40400,40400.0,1,observed,21.457,86.143,16.8,0.447,Dat do bazan,5,medium,1,Nong Nghiep Moi Truong
2022-12-05,2022-12-11,Dak Nong,Dak R'lap,Robusta / ca phe nhan xo noi dia,40400,40400.0,1,observed,22.714,79.571,4.6,0.441,Dat do bazan,4,low,1,Nong Nghiep Moi Truong
2022-12-05,2022-12-11,Dak Nong,Gia Nghia,Robusta / ca phe nhan xo noi dia,40500,40500.0,1,observed,22.3,80.857,2.6,0.414,Dat do bazan,4,low,1,Nong Nghiep Moi Truong
2022-12-05,2022-12-11,Gia Lai,Chu Prong,Robusta / ca phe nhan xo noi dia,40500,40500.0,1,observed,24.643,67.857,0.2,0.233,Dat do bazan,4,low,1,Nong Nghiep Moi Truong
2022-12-05,2022-12-11,Gia Lai,Ia Grai,Robusta / ca phe nhan xo noi dia,40400,40400.0,1,observed,25.457,66.429,1.0,0.311,Dat do bazan,4,low,1,Nong Nghiep Moi Truong
2022-12-05,2022-12-11,Gia Lai,Pleiku,Robusta / ca phe nhan xo noi dia,40400,40400.0,1,observed,21.786,76.143,0.3,0.316,Dat do bazan,4,low,1,Nong Nghiep Moi Truong
2022-12-05,2022-12-11,Kon Tum,Kon Tum,Robusta / ca phe nhan xo noi dia,40400,40400.0,1,observed,23.257,71.286,0.2,0.295,Dat do vang / dat bazan cuc bo,3,low,1,Nong Nghiep Moi Truong
2022-12-05,2022-12-11,Lam Dong,Bao Loc,Robusta / ca phe nhan xo noi dia,39800,39800.0,1,observed,20.729,88.143,22.9,0.458,Dat do vang tren bazan,4,low,1,Nong Nghiep Moi Truong
2022-12-05,2022-12-11,Lam Dong,Di Linh,Robusta / ca phe nhan xo noi dia,39800,39800.0,1,observed,20.629,83.857,17.9,0.456,Dat do vang tren bazan,4,medium,1,Nong Nghiep Moi Truong
2022-12-05,2022-12-11,Lam Dong,Lam Ha,Robusta / ca phe nhan xo noi dia,39800,39800.0,1,observed,20.771,84.0,8.6,0.443,Dat do vang tren bazan,4,low,1,Nong Nghiep Moi Truong
2022-12-12,2022-12-18,Dak Lak,Buon Ho,Robusta / ca phe nhan xo noi dia,40843,40842.857142857145,7,observed,19.029,84.0,2.8,0.348,Dat do bazan,5,medium,7,Nong Nghiep Moi Truong
2022-12-12,2022-12-18,Dak Lak,Cu M'gar,Robusta / ca phe nhan xo noi dia,40943,40942.857142857145,7,observed,21.271,75.143,0.6,0.293,Dat do bazan,5,high,7,Nong Nghiep Moi Truong
2022-12-12,2022-12-18,Dak Lak,Ea H'leo,Robusta / ca phe nhan xo noi dia,40843,40842.857142857145,7,observed,19.6,79.571,4.4,0.382,Dat do bazan,5,medium,7,Nong Nghiep Moi Truong
2022-12-12,2022-12-18,Dak Nong,Dak R'lap,Robusta / ca phe nhan xo noi dia,40886,40885.71428571428,7,observed,21.143,75.0,0.0,0.375,Dat do bazan,4,low,7,Nong Nghiep Moi Truong
2022-12-12,2022-12-18,Dak Nong,Gia Nghia,Robusta / ca phe nhan xo noi dia,40986,40985.71428571428,7,observed,20.6,76.857,0.2,0.333,Dat do bazan,4,low,7,Nong Nghiep Moi Truong
2022-12-12,2022-12-18,Gia Lai,Chu Prong,Robusta / ca phe nhan xo noi dia,40943,40942.857142857145,7,observed,22.729,61.571,0.3,0.204,Dat do bazan,4,low,7,Nong Nghiep Moi Truong
2022-12-12,2022-12-18,Gia Lai,Ia Grai,Robusta / ca phe nhan xo noi dia,40843,40842.857142857145,7,observed,23.171,61.714,0.9,0.282,Dat do bazan,4,low,7,Nong Nghiep Moi Truong
2022-12-12,2022-12-18,Gia Lai,Pleiku,Robusta / ca phe nhan xo noi dia,40843,40842.857142857145,7,observed,19.786,69.571,1.0,0.287,Dat do bazan,4,low,7,Nong Nghiep Moi Truong
2022-12-12,2022-12-18,Kon Tum,Kon Tum,Robusta / ca phe nhan xo noi dia,40943,40942.857142857145,7,observed,20.171,70.857,0.6,0.271,Dat do vang / dat bazan cuc bo,3,low,7,Nong Nghiep Moi Truong
2022-12-12,2022-12-18,Lam Dong,Bao Loc,Robusta / ca phe nhan xo noi dia,40243,40242.857142857145,7,observed,19.214,84.143,0.4,0.386,Dat do vang tren bazan,4,low,7,Nong Nghiep Moi Truong
2022-12-12,2022-12-18,Lam Dong,Di Linh,Robusta / ca phe nhan xo noi dia,40243,40242.857142857145,7,observed,19.457,80.571,3.4,0.396,Dat do vang tren bazan,4,medium,7,Nong Nghiep Moi Truong
2022-12-12,2022-12-18,Lam Dong,Lam Ha,Robusta / ca phe nhan xo noi dia,40243,40242.857142857145,7,observed,19.3,80.0,0.8,0.375,Dat do vang tren bazan,4,low,7,Nong Nghiep Moi Truong
2022-12-19,2022-12-25,Dak Lak,Buon Ho,Robusta / ca phe nhan xo noi dia,40600,40600.0,2,observed,18.257,81.571,0.9,0.298,Dat do bazan,5,medium,2,Nong Nghiep Moi Truong
2022-12-19,2022-12-25,Dak Lak,Cu M'gar,Robusta / ca phe nhan xo noi dia,40700,40700.0,2,observed,20.429,73.143,0.0,0.252,Dat do bazan,5,high,2,Nong Nghiep Moi Truong
2022-12-19,2022-12-25,Dak Lak,Ea H'leo,Robusta / ca phe nhan xo noi dia,40600,40600.0,2,observed,18.757,78.571,0.6,0.35,Dat do bazan,5,medium,2,Nong Nghiep Moi Truong
2022-12-19,2022-12-25,Dak Nong,Dak R'lap,Robusta / ca phe nhan xo noi dia,40600,40600.0,2,observed,20.143,72.429,0.0,0.334,Dat do bazan,4,low,2,Nong Nghiep Moi Truong
2022-12-19,2022-12-25,Dak Nong,Gia Nghia,Robusta / ca phe nhan xo noi dia,40700,40700.0,2,observed,19.7,74.286,0.0,0.29,Dat do bazan,4,low,2,Nong Nghiep Moi Truong
2022-12-19,2022-12-25,Gia Lai,Chu Prong,Robusta / ca phe nhan xo noi dia,40700,40700.0,2,observed,21.814,61.0,0.0,0.201,Dat do bazan,4,low,2,Nong Nghiep Moi Truong
2022-12-19,2022-12-25,Gia Lai,Ia Grai,Robusta / ca phe nhan xo noi dia,40600,40600.0,2,observed,22.543,60.143,0.0,0.273,Dat do bazan,4,low,2,Nong Nghiep Moi Truong
2022-12-19,2022-12-25,Gia Lai,Pleiku,Robusta / ca phe nhan xo noi dia,40600,40600.0,2,observed,18.886,69.286,0.0,0.273,Dat do bazan,4,low,2,Nong Nghiep Moi Truong
2022-12-19,2022-12-25,Kon Tum,Kon Tum,Robusta / ca phe nhan xo noi dia,40800,40800.0,2,observed,19.643,68.714,0.0,0.253,Dat do vang / dat bazan cuc bo,3,low,2,Nong Nghiep Moi Truong
2022-12-19,2022-12-25,Lam Dong,Bao Loc,Robusta / ca phe nhan xo noi dia,40000,40000.0,2,observed,18.186,81.714,0.2,0.324,Dat do vang tren bazan,4,low,2,Nong Nghiep Moi Truong
2022-12-19,2022-12-25,Lam Dong,Di Linh,Robusta / ca phe nhan xo noi dia,40000,40000.0,2,observed,18.443,77.429,1.7,0.324,Dat do vang tren bazan,4,medium,2,Nong Nghiep Moi Truong
2022-12-19,2022-12-25,Lam Dong,Lam Ha,Robusta / ca phe nhan xo noi dia,40000,40000.0,2,observed,18.429,77.429,0.4,0.316,Dat do vang tren bazan,4,low,2,Nong Nghiep Moi Truong
2022-12-26,2023-01-01,Dak Lak,Buon Ho,Robusta / ca phe nhan xo noi dia,39850,,0,interpolated_area,18.571,82.571,2.6,0.251,Dat do bazan,5,medium,0,
2022-12-26,2023-01-01,Dak Lak,Cu M'gar,Robusta / ca phe nhan xo noi dia,39950,,0,interpolated_area,20.829,73.714,0.6,0.229,Dat do bazan,5,high,0,
2022-12-26,2023-01-01,Dak Lak,Ea H'leo,Robusta / ca phe nhan xo noi dia,39850,,0,interpolated_area,19.071,79.0,2.3,0.309,Dat do bazan,5,medium,0,
2022-12-26,2023-01-01,Dak Nong,Dak R'lap,Robusta / ca phe nhan xo noi dia,39900,,0,interpolated_area,20.343,71.286,1.4,0.313,Dat do bazan,4,low,0,
2022-12-26,2023-01-01,Dak Nong,Gia Nghia,Robusta / ca phe nhan xo noi dia,40000,,0,interpolated_area,19.914,72.571,0.4,0.261,Dat do bazan,4,low,0,
2022-12-26,2023-01-01,Gia Lai,Chu Prong,Robusta / ca phe nhan xo noi dia,40000,,0,interpolated_area,22.071,60.714,2.5,0.2,Dat do bazan,4,low,0,
2022-12-26,2023-01-01,Gia Lai,Ia Grai,Robusta / ca phe nhan xo noi dia,39900,,0,interpolated_area,22.786,60.143,1.1,0.261,Dat do bazan,4,low,0,
2022-12-26,2023-01-01,Gia Lai,Pleiku,Robusta / ca phe nhan xo noi dia,39900,,0,interpolated_area,19.229,68.714,1.8,0.27,Dat do bazan,4,low,0,
2022-12-26,2023-01-01,Kon Tum,Kon Tum,Robusta / ca phe nhan xo noi dia,40000,,0,interpolated_area,20.043,68.0,0.2,0.242,Dat do vang / dat bazan cuc bo,3,low,0,
2022-12-26,2023-01-01,Lam Dong,Bao Loc,Robusta / ca phe nhan xo noi dia,39300,,0,interpolated_area,18.4,78.857,2.8,0.284,Dat do vang tren bazan,4,low,0,
2022-12-26,2023-01-01,Lam Dong,Di Linh,Robusta / ca phe nhan xo noi dia,39300,,0,interpolated_area,18.457,78.571,4.7,0.283,Dat do vang tren bazan,4,medium,0,
2022-12-26,2023-01-01,Lam Dong,Lam Ha,Robusta / ca phe nhan xo noi dia,39300,,0,interpolated_area,18.371,76.286,3.2,0.286,Dat do vang tren bazan,4,low,0,
2023-01-02,2023-01-08,Dak Lak,Buon Ho,Robusta / ca phe nhan xo noi dia,39100,39100.0,1,observed,19.371,86.429,34.1,0.328,Dat do bazan,5,medium,1,Nong Nghiep Moi Truong
2023-01-02,2023-01-08,Dak Lak,Cu M'gar,Robusta / ca phe nhan xo noi dia,39200,39200.0,1,observed,21.457,78.571,35.5,0.322,Dat do bazan,5,high,1,Nong Nghiep Moi Truong
2023-01-02,2023-01-08,Dak Lak,Ea H'leo,Robusta / ca phe nhan xo noi dia,39100,39100.0,1,observed,19.314,86.286,37.2,0.384,Dat do bazan,5,medium,1,Nong Nghiep Moi Truong
2023-01-02,2023-01-08,Dak Nong,Dak R'lap,Robusta / ca phe nhan xo noi dia,39200,39200.0,1,observed,21.014,79.143,20.5,0.378,Dat do bazan,4,low,1,Nong Nghiep Moi Truong
2023-01-02,2023-01-08,Dak Nong,Gia Nghia,Robusta / ca phe nhan xo noi dia,39300,39300.0,1,observed,20.429,81.286,26.4,0.351,Dat do bazan,4,low,1,Nong Nghiep Moi Truong
2023-01-02,2023-01-08,Gia Lai,Chu Prong,Robusta / ca phe nhan xo noi dia,39300,39300.0,1,observed,22.6,67.429,19.6,0.246,Dat do bazan,4,low,1,Nong Nghiep Moi Truong
2023-01-02,2023-01-08,Gia Lai,Ia Grai,Robusta / ca phe nhan xo noi dia,39200,39200.0,1,observed,23.214,66.143,9.2,0.291,Dat do bazan,4,low,1,Nong Nghiep Moi Truong
2023-01-02,2023-01-08,Gia Lai,Pleiku,Robusta / ca phe nhan xo noi dia,39200,39200.0,1,observed,19.886,74.143,15.8,0.31,Dat do bazan,4,low,1,Nong Nghiep Moi Truong
2023-01-02,2023-01-08,Kon Tum,Kon Tum,Robusta / ca phe nhan xo noi dia,39200,39200.0,1,observed,21.071,71.429,17.4,0.291,Dat do vang / dat bazan cuc bo,3,low,1,Nong Nghiep Moi Truong
2023-01-02,2023-01-08,Lam Dong,Bao Loc,Robusta / ca phe nhan xo noi dia,38600,38600.0,1,observed,18.9,89.0,48.2,0.385,Dat do vang tren bazan,4,low,1,Nong Nghiep Moi Truong
2023-01-02,2023-01-08,Lam Dong,Di Linh,Robusta / ca phe nhan xo noi dia,38600,38600.0,1,observed,19.071,88.714,85.0,0.471,Dat do vang tren bazan,4,medium,1,Nong Nghiep Moi Truong
2023-01-02,2023-01-08,Lam Dong,Lam Ha,Robusta / ca phe nhan xo noi dia,38600,38600.0,1,observed,20.029,82.714,64.4,0.41,Dat do vang tren bazan,4,low,1,Nong Nghiep Moi Truong
2023-01-09,2023-01-15,Dak Lak,Buon Ho,Robusta / ca phe nhan xo noi dia,39950,39950.0,6,observed,21.214,86.143,5.8,0.427,Dat do bazan,5,medium,6,Nong Nghiep Moi Truong
2023-01-09,2023-01-15,Dak Lak,Cu M'gar,Robusta / ca phe nhan xo noi dia,40050,40050.0,6,observed,23.129,80.143,8.0,0.405,Dat do bazan,5,high,6,Nong Nghiep Moi Truong
2023-01-09,2023-01-15,Dak Lak,Ea H'leo,Robusta / ca phe nhan xo noi dia,39950,39950.0,6,observed,22.043,81.571,8.2,0.422,Dat do bazan,5,medium,6,Nong Nghiep Moi Truong
2023-01-09,2023-01-15,Dak Nong,Dak R'lap,Robusta / ca phe nhan xo noi dia,40067,40066.666666666664,6,observed,21.671,87.429,31.1,0.464,Dat do bazan,4,low,6,Nong Nghiep Moi Truong
2023-01-09,2023-01-15,Dak Nong,Gia Nghia,Robusta / ca phe nhan xo noi dia,40167,40166.666666666664,6,observed,21.386,86.571,40.9,0.468,Dat do bazan,4,low,6,Nong Nghiep Moi Truong
2023-01-09,2023-01-15,Gia Lai,Chu Prong,Robusta / ca phe nhan xo noi dia,40167,40166.666666666664,6,observed,23.971,72.0,6.9,0.323,Dat do bazan,4,low,6,Nong Nghiep Moi Truong
2023-01-09,2023-01-15,Gia Lai,Ia Grai,Robusta / ca phe nhan xo noi dia,40067,40066.666666666664,6,observed,24.686,70.857,12.6,0.319,Dat do bazan,4,low,6,Nong Nghiep Moi Truong
2023-01-09,2023-01-15,Gia Lai,Pleiku,Robusta / ca phe nhan xo noi dia,40067,40066.666666666664,6,observed,21.6,77.714,8.3,0.349,Dat do bazan,4,low,6,Nong Nghiep Moi Truong
2023-01-09,2023-01-15,Kon Tum,Kon Tum,Robusta / ca phe nhan xo noi dia,40067,40066.666666666664,6,observed,21.971,78.429,6.9,0.369,Dat do vang / dat bazan cuc bo,3,low,6,Nong Nghiep Moi Truong
2023-01-09,2023-01-15,Lam Dong,Bao Loc,Robusta / ca phe nhan xo noi dia,39517,39516.666666666664,6,observed,20.629,87.0,52.6,0.471,Dat do vang tren bazan,4,low,6,Nong Nghiep Moi Truong
2023-01-09,2023-01-15,Lam Dong,Di Linh,Robusta / ca phe nhan xo noi dia,39517,39516.666666666664,6,observed,20.2,88.143,25.4,0.477,Dat do vang tren bazan,4,medium,6,Nong Nghiep Moi Truong
2023-01-09,2023-01-15,Lam Dong,Lam Ha,Robusta / ca phe nhan xo noi dia,39517,39516.666666666664,6,observed,20.329,85.857,24.0,0.463,Dat do vang tren bazan,4,low,6,Nong Nghiep Moi Truong
2023-01-16,2023-01-22,Dak Lak,Buon Ho,Robusta / ca phe nhan xo noi dia,40920,40920.0,5,observed,19.086,85.571,0.9,0.325,Dat do bazan,5,medium,5,Nong Nghiep Moi Truong
2023-01-16,2023-01-22,Dak Lak,Cu M'gar,Robusta / ca phe nhan xo noi dia,41020,41020.0,5,observed,21.457,75.571,0.0,0.286,Dat do bazan,5,high,5,Nong Nghiep Moi Truong
2023-01-16,2023-01-22,Dak Lak,Ea H'leo,Robusta / ca phe nhan xo noi dia,40920,40920.0,5,observed,19.843,79.286,0.5,0.334,Dat do bazan,5,medium,5,Nong Nghiep Moi Truong
2023-01-16,2023-01-22,Dak Nong,Dak R'lap,Robusta / ca phe nhan xo noi dia,40920,40920.0,5,observed,21.314,74.143,0.3,0.379,Dat do bazan,4,low,5,Nong Nghiep Moi Truong
2023-01-16,2023-01-22,Dak Nong,Gia Nghia,Robusta / ca phe nhan xo noi dia,41020,41020.0,5,observed,20.743,76.286,0.4,0.36,Dat do bazan,4,low,5,Nong Nghiep Moi Truong
2023-01-16,2023-01-22,Gia Lai,Chu Prong,Robusta / ca phe nhan xo noi dia,41020,41020.0,5,observed,23.386,60.286,0.0,0.218,Dat do bazan,4,low,5,Nong Nghiep Moi Truong
2023-01-16,2023-01-22,Gia Lai,Ia Grai,Robusta / ca phe nhan xo noi dia,40920,40920.0,5,observed,24.2,59.143,0.0,0.269,Dat do bazan,4,low,5,Nong Nghiep Moi Truong
2023-01-16,2023-01-22,Gia Lai,Pleiku,Robusta / ca phe nhan xo noi dia,40920,40920.0,5,observed,20.357,69.429,0.0,0.282,Dat do bazan,4,low,5,Nong Nghiep Moi Truong
2023-01-16,2023-01-22,Kon Tum,Kon Tum,Robusta / ca phe nhan xo noi dia,40920,40920.0,5,observed,20.771,70.143,0.0,0.278,Dat do vang / dat bazan cuc bo,3,low,5,Nong Nghiep Moi Truong
2023-01-16,2023-01-22,Lam Dong,Bao Loc,Robusta / ca phe nhan xo noi dia,40420,40420.0,5,observed,19.443,83.143,2.4,0.368,Dat do vang tren bazan,4,low,5,Nong Nghiep Moi Truong
2023-01-16,2023-01-22,Lam Dong,Di Linh,Robusta / ca phe nhan xo noi dia,40420,40420.0,5,observed,19.443,82.714,13.6,0.398,Dat do vang tren bazan,4,medium,5,Nong Nghiep Moi Truong
2023-01-16,2023-01-22,Lam Dong,Lam Ha,Robusta / ca phe nhan xo noi dia,40420,40420.0,5,observed,19.957,78.714,1.2,0.367,Dat do vang tren bazan,4,low,5,Nong Nghiep Moi Truong
2023-01-23,2023-01-29,Dak Lak,Buon Ho,Robusta / ca phe nhan xo noi dia,41960,,0,interpolated_area,18.671,84.286,2.5,0.282,Dat do bazan,5,medium,0,
2023-01-23,2023-01-29,Dak Lak,Cu M'gar,Robusta / ca phe nhan xo noi dia,42060,,0,interpolated_area,21.2,73.571,0.4,0.243,Dat do bazan,5,high,0,
2023-01-23,2023-01-29,Dak Lak,Ea H'leo,Robusta / ca phe nhan xo noi dia,41960,,0,interpolated_area,18.957,82.429,7.4,0.328,Dat do bazan,5,medium,0,
2023-01-23,2023-01-29,Dak Nong,Dak R'lap,Robusta / ca phe nhan xo noi dia,41960,,0,interpolated_area,21.043,73.571,1.2,0.337,Dat do bazan,4,low,0,
2023-01-23,2023-01-29,Dak Nong,Gia Nghia,Robusta / ca phe nhan xo noi dia,42060,,0,interpolated_area,20.471,76.0,0.7,0.301,Dat do bazan,4,low,0,
2023-01-23,2023-01-29,Gia Lai,Chu Prong,Robusta / ca phe nhan xo noi dia,42035,,0,interpolated_area,22.571,59.857,0.1,0.197,Dat do bazan,4,low,0,
2023-01-23,2023-01-29,Gia Lai,Ia Grai,Robusta / ca phe nhan xo noi dia,41935,,0,interpolated_area,23.314,59.143,0.3,0.263,Dat do bazan,4,low,0,
2023-01-23,2023-01-29,Gia Lai,Pleiku,Robusta / ca phe nhan xo noi dia,41935,,0,interpolated_area,19.543,69.0,0.0,0.265,Dat do bazan,4,low,0,
2023-01-23,2023-01-29,Kon Tum,Kon Tum,Robusta / ca phe nhan xo noi dia,41935,,0,interpolated_area,20.614,66.0,0.0,0.251,Dat do vang / dat bazan cuc bo,3,low,0,
2023-01-23,2023-01-29,Lam Dong,Bao Loc,Robusta / ca phe nhan xo noi dia,41410,,0,interpolated_area,19.543,80.143,1.3,0.32,Dat do vang tren bazan,4,low,0,
2023-01-23,2023-01-29,Lam Dong,Di Linh,Robusta / ca phe nhan xo noi dia,41410,,0,interpolated_area,19.457,77.571,3.1,0.333,Dat do vang tren bazan,4,medium,0,
2023-01-23,2023-01-29,Lam Dong,Lam Ha,Robusta / ca phe nhan xo noi dia,41410,,0,interpolated_area,19.871,74.429,2.9,0.313,Dat do vang tren bazan,4,low,0,
2023-01-30,2023-02-05,Dak Lak,Buon Ho,Robusta / ca phe nhan xo noi dia,43000,43000.0,2,observed,19.757,84.571,0.9,0.241,Dat do bazan,5,medium,2,Nong Nghiep Moi Truong
2023-01-30,2023-02-05,Dak Lak,Cu M'gar,Robusta / ca phe nhan xo noi dia,43100,43100.0,2,observed,22.457,73.714,0.1,0.228,Dat do bazan,5,high,2,Nong Nghiep Moi Truong
2023-01-30,2023-02-05,Dak Lak,Ea H'leo,Robusta / ca phe nhan xo noi dia,43000,43000.0,2,observed,20.786,79.286,0.2,0.291,Dat do bazan,5,medium,2,Nong Nghiep Moi Truong
2023-01-30,2023-02-05,Dak Nong,Dak R'lap,Robusta / ca phe nhan xo noi dia,43000,43000.0,2,observed,22.157,77.286,10.9,0.374,Dat do bazan,4,low,2,Nong Nghiep Moi Truong
2023-01-30,2023-02-05,Dak Nong,Gia Nghia,Robusta / ca phe nhan xo noi dia,43100,43100.0,2,observed,21.643,78.857,17.3,0.352,Dat do bazan,4,low,2,Nong Nghiep Moi Truong
2023-01-30,2023-02-05,Gia Lai,Chu Prong,Robusta / ca phe nhan xo noi dia,43050,43050.0,2,observed,24.0,62.714,0.3,0.192,Dat do bazan,4,low,2,Nong Nghiep Moi Truong
2023-01-30,2023-02-05,Gia Lai,Ia Grai,Robusta / ca phe nhan xo noi dia,42950,42950.0,2,observed,25.129,60.571,0.9,0.264,Dat do bazan,4,low,2,Nong Nghiep Moi Truong
2023-01-30,2023-02-05,Gia Lai,Pleiku,Robusta / ca phe nhan xo noi dia,42950,42950.0,2,observed,21.214,71.143,0.6,0.266,Dat do bazan,4,low,2,Nong Nghiep Moi Truong
2023-01-30,2023-02-05,Kon Tum,Kon Tum,Robusta / ca phe nhan xo noi dia,42950,42950.0,2,observed,22.357,67.714,0.6,0.246,Dat do vang / dat bazan cuc bo,3,low,2,Nong Nghiep Moi Truong
2023-01-30,2023-02-05,Lam Dong,Bao Loc,Robusta / ca phe nhan xo noi dia,42400,42400.0,2,observed,20.557,81.143,11.9,0.362,Dat do vang tren bazan,4,low,2,Nong Nghiep Moi Truong
2023-01-30,2023-02-05,Lam Dong,Di Linh,Robusta / ca phe nhan xo noi dia,42400,42400.0,2,observed,20.514,78.857,10.1,0.336,Dat do vang tren bazan,4,medium,2,Nong Nghiep Moi Truong
2023-01-30,2023-02-05,Lam Dong,Lam Ha,Robusta / ca phe nhan xo noi dia,42400,42400.0,2,observed,20.729,76.0,12.0,0.339,Dat do vang tren bazan,4,low,2,Nong Nghiep Moi Truong
2023-02-06,2023-02-12,Dak Lak,Buon Ho,Robusta / ca phe nhan xo noi dia,43867,43866.666666666664,3,observed,22.029,82.143,1.4,0.203,Dat do bazan,5,medium,3,Nong Nghiep Moi Truong
2023-02-06,2023-02-12,Dak Lak,Cu M'gar,Robusta / ca phe nhan xo noi dia,43967,43966.666666666664,3,observed,24.757,71.571,0.4,0.221,Dat do bazan,5,high,3,Nong Nghiep Moi Truong
2023-02-06,2023-02-12,Dak Lak,Ea H'leo,Robusta / ca phe nhan xo noi dia,43867,43866.666666666664,3,observed,23.157,76.143,1.1,0.247,Dat do bazan,5,medium,3,Nong Nghiep Moi Truong
2023-02-06,2023-02-12,Dak Nong,Dak R'lap,Robusta / ca phe nhan xo noi dia,43867,43866.666666666664,3,observed,23.671,73.714,0.9,0.344,Dat do bazan,4,low,3,Nong Nghiep Moi Truong
2023-02-06,2023-02-12,Dak Nong,Gia Nghia,Robusta / ca phe nhan xo noi dia,43967,43966.666666666664,3,observed,23.286,75.143,1.7,0.309,Dat do bazan,4,low,3,Nong Nghiep Moi Truong
2023-02-06,2023-02-12,Gia Lai,Chu Prong,Robusta / ca phe nhan xo noi dia,43967,43966.666666666664,3,observed,26.071,60.857,0.0,0.18,Dat do bazan,4,low,3,Nong Nghiep Moi Truong
2023-02-06,2023-02-12,Gia Lai,Ia Grai,Robusta / ca phe nhan xo noi dia,43867,43866.666666666664,3,observed,27.086,58.0,0.0,0.246,Dat do bazan,4,low,3,Nong Nghiep Moi Truong
2023-02-06,2023-02-12,Gia Lai,Pleiku,Robusta / ca phe nhan xo noi dia,43867,43866.666666666664,3,observed,23.371,67.857,0.0,0.252,Dat do bazan,4,low,3,Nong Nghiep Moi Truong
2023-02-06,2023-02-12,Kon Tum,Kon Tum,Robusta / ca phe nhan xo noi dia,43967,43966.666666666664,3,observed,24.157,67.0,0.4,0.225,Dat do vang / dat bazan cuc bo,3,low,3,Nong Nghiep Moi Truong
2023-02-06,2023-02-12,Lam Dong,Bao Loc,Robusta / ca phe nhan xo noi dia,43467,43466.666666666664,3,observed,21.0,78.714,1.5,0.317,Dat do vang tren bazan,4,low,3,Nong Nghiep Moi Truong
2023-02-06,2023-02-12,Lam Dong,Di Linh,Robusta / ca phe nhan xo noi dia,43467,43466.666666666664,3,observed,21.186,73.571,2.5,0.288,Dat do vang tren bazan,4,medium,3,Nong Nghiep Moi Truong
2023-02-06,2023-02-12,Lam Dong,Lam Ha,Robusta / ca phe nhan xo noi dia,43467,43466.666666666664,3,observed,21.371,72.0,3.5,0.295,Dat do vang tren bazan,4,low,3,Nong Nghiep Moi Truong
2023-02-13,2023-02-19,Dak Lak,Buon Ho,Robusta / ca phe nhan xo noi dia,44833,44833.333333333336,6,observed,21.386,79.429,4.4,0.197,Dat do bazan,5,medium,6,Nong Nghiep Moi Truong
2023-02-13,2023-02-19,Dak Lak,Cu M'gar,Robusta / ca phe nhan xo noi dia,44933,44933.333333333336,6,observed,23.886,69.429,2.1,0.221,Dat do bazan,5,high,6,Nong Nghiep Moi Truong
2023-02-13,2023-02-19,Dak Lak,Ea H'leo,Robusta / ca phe nhan xo noi dia,44833,44833.333333333336,6,observed,22.1,75.429,5.3,0.26,Dat do bazan,5,medium,6,Nong Nghiep Moi Truong
2023-02-13,2023-02-19,Dak Nong,Dak R'lap,Robusta / ca phe nhan xo noi dia,44750,44750.0,6,observed,22.971,71.857,5.0,0.339,Dat do bazan,4,low,6,Nong Nghiep Moi Truong
2023-02-13,2023-02-19,Dak Nong,Gia Nghia,Robusta / ca phe nhan xo noi dia,44850,44850.0,6,observed,22.757,71.143,8.9,0.271,Dat do bazan,4,low,6,Nong Nghiep Moi Truong
2023-02-13,2023-02-19,Gia Lai,Chu Prong,Robusta / ca phe nhan xo noi dia,44850,44850.0,6,observed,25.114,59.857,2.6,0.182,Dat do bazan,4,low,6,Nong Nghiep Moi Truong
2023-02-13,2023-02-19,Gia Lai,Ia Grai,Robusta / ca phe nhan xo noi dia,44750,44750.0,6,observed,25.943,58.714,3.3,0.259,Dat do bazan,4,low,6,Nong Nghiep Moi Truong
2023-02-13,2023-02-19,Gia Lai,Pleiku,Robusta / ca phe nhan xo noi dia,44750,44750.0,6,observed,22.357,67.286,2.2,0.256,Dat do bazan,4,low,6,Nong Nghiep Moi Truong
2023-02-13,2023-02-19,Kon Tum,Kon Tum,Robusta / ca phe nhan xo noi dia,44800,44800.0,6,observed,23.557,64.571,1.2,0.243,Dat do vang / dat bazan cuc bo,3,low,6,Nong Nghiep Moi Truong
2023-02-13,2023-02-19,Lam Dong,Bao Loc,Robusta / ca phe nhan xo noi dia,44233,44233.333333333336,6,observed,20.943,77.429,13.5,0.293,Dat do vang tren bazan,4,low,6,Nong Nghiep Moi Truong
2023-02-13,2023-02-19,Lam Dong,Di Linh,Robusta / ca phe nhan xo noi dia,44233,44233.333333333336,6,observed,20.614,75.286,18.9,0.28,Dat do vang tren bazan,4,medium,6,Nong Nghiep Moi Truong
2023-02-13,2023-02-19,Lam Dong,Lam Ha,Robusta / ca phe nhan xo noi dia,44233,44233.333333333336,6,observed,21.071,73.429,12.6,0.314,Dat do vang tren bazan,4,low,6,Nong Nghiep Moi Truong
2023-02-20,2023-02-26,Dak Lak,Buon Ho,Robusta / ca phe nhan xo noi dia,45600,45600.0,1,observed,19.614,77.429,0.3,0.193,Dat do bazan,5,medium,1,Nong Nghiep Moi Truong
2023-02-20,2023-02-26,Dak Lak,Cu M'gar,Robusta / ca phe nhan xo noi dia,45700,45700.0,1,observed,22.057,68.0,0.0,0.221,Dat do bazan,5,high,1,Nong Nghiep Moi Truong
2023-02-20,2023-02-26,Dak Lak,Ea H'leo,Robusta / ca phe nhan xo noi dia,45600,45600.0,1,observed,20.171,74.429,0.8,0.259,Dat do bazan,5,medium,1,Nong Nghiep Moi Truong
2023-02-20,2023-02-26,Dak Nong,Dak R'lap,Robusta / ca phe nhan xo noi dia,45500,45500.0,1,observed,21.871,65.0,0.0,0.338,Dat do bazan,4,low,1,Nong Nghiep Moi Truong
2023-02-20,2023-02-26,Dak Nong,Gia Nghia,Robusta / ca phe nhan xo noi dia,45600,45600.0,1,observed,21.386,66.714,0.0,0.25,Dat do bazan,4,low,1,Nong Nghiep Moi Truong
2023-02-20,2023-02-26,Gia Lai,Chu Prong,Robusta / ca phe nhan xo noi dia,45600,45600.0,1,observed,23.343,56.857,0.0,0.2,Dat do bazan,4,low,1,Nong Nghiep Moi Truong
2023-02-20,2023-02-26,Gia Lai,Ia Grai,Robusta / ca phe nhan xo noi dia,45500,45500.0,1,observed,24.457,54.429,0.0,0.257,Dat do bazan,4,low,1,Nong Nghiep Moi Truong
2023-02-20,2023-02-26,Gia Lai,Pleiku,Robusta / ca phe nhan xo noi dia,45500,45500.0,1,observed,20.443,64.429,0.0,0.257,Dat do bazan,4,low,1,Nong Nghiep Moi Truong
2023-02-20,2023-02-26,Kon Tum,Kon Tum,Robusta / ca phe nhan xo noi dia,45600,45600.0,1,observed,21.4,63.143,0.0,0.247,Dat do vang / dat bazan cuc bo,3,low,1,Nong Nghiep Moi Truong
2023-02-20,2023-02-26,Lam Dong,Bao Loc,Robusta / ca phe nhan xo noi dia,44900,44900.0,1,observed,19.971,72.429,0.1,0.298,Dat do vang tren bazan,4,low,1,Nong Nghiep Moi Truong
2023-02-20,2023-02-26,Lam Dong,Di Linh,Robusta / ca phe nhan xo noi dia,44900,44900.0,1,observed,19.643,71.857,0.6,0.321,Dat do vang tren bazan,4,medium,1,Nong Nghiep Moi Truong
2023-02-20,2023-02-26,Lam Dong,Lam Ha,Robusta / ca phe nhan xo noi dia,44900,44900.0,1,observed,19.657,72.714,5.2,0.363,Dat do vang tren bazan,4,low,1,Nong Nghiep Moi Truong
2023-02-27,2023-03-05,Dak Lak,Buon Ho,Robusta / ca phe nhan xo noi dia,47500,47500.0,2,observed,19.614,79.429,1.2,0.189,Dat do bazan,5,medium,2,Nong Nghiep Moi Truong
2023-02-27,2023-03-05,Dak Lak,Cu M'gar,Robusta / ca phe nhan xo noi dia,47600,47600.0,2,observed,22.014,69.857,0.0,0.222,Dat do bazan,5,high,2,Nong Nghiep Moi Truong
2023-02-27,2023-03-05,Dak Lak,Ea H'leo,Robusta / ca phe nhan xo noi dia,47500,47500.0,2,observed,20.071,77.429,3.0,0.264,Dat do bazan,5,medium,2,Nong Nghiep Moi Truong
2023-02-27,2023-03-05,Dak Nong,Dak R'lap,Robusta / ca phe nhan xo noi dia,47450,47450.0,2,observed,22.114,66.571,0.0,0.306,Dat do bazan,4,low,2,Nong Nghiep Moi Truong
2023-02-27,2023-03-05,Dak Nong,Gia Nghia,Robusta / ca phe nhan xo noi dia,47550,47550.0,2,observed,21.571,68.429,0.2,0.237,Dat do bazan,4,low,2,Nong Nghiep Moi Truong
2023-02-27,2023-03-05,Gia Lai,Chu Prong,Robusta / ca phe nhan xo noi dia,47550,47550.0,2,observed,23.4,58.857,0.0,0.2,Dat do bazan,4,low,2,Nong Nghiep Moi Truong
2023-02-27,2023-03-05,Gia Lai,Ia Grai,Robusta / ca phe nhan xo noi dia,47450,47450.0,2,observed,24.657,55.857,0.2,0.262,Dat do bazan,4,low,2,Nong Nghiep Moi Truong
2023-02-27,2023-03-05,Gia Lai,Pleiku,Robusta / ca phe nhan xo noi dia,47450,47450.0,2,observed,20.614,66.286,0.0,0.257,Dat do bazan,4,low,2,Nong Nghiep Moi Truong
2023-02-27,2023-03-05,Kon Tum,Kon Tum,Robusta / ca phe nhan xo noi dia,47550,47550.0,2,observed,21.657,63.286,0.0,0.244,Dat do vang / dat bazan cuc bo,3,low,2,Nong Nghiep Moi Truong
2023-02-27,2023-03-05,Lam Dong,Bao Loc,Robusta / ca phe nhan xo noi dia,47100,47100.0,2,observed,20.514,72.857,2.2,0.277,Dat do vang tren bazan,4,low,2,Nong Nghiep Moi Truong
2023-02-27,2023-03-05,Lam Dong,Di Linh,Robusta / ca phe nhan xo noi dia,47100,47100.0,2,observed,20.443,69.571,2.4,0.257,Dat do vang tren bazan,4,medium,2,Nong Nghiep Moi Truong
2023-02-27,2023-03-05,Lam Dong,Lam Ha,Robusta / ca phe nhan xo noi dia,47100,47100.0,2,observed,20.729,69.0,0.7,0.289,Dat do vang tren bazan,4,low,2,Nong Nghiep Moi Truong
2023-03-06,2023-03-12,Dak Lak,Buon Ho,Robusta / ca phe nhan xo noi dia,47800,47800.0,4,observed,19.914,76.857,0.0,0.178,Dat do bazan,5,medium,4,Nong Nghiep Moi Truong
2023-03-06,2023-03-12,Dak Lak,Cu M'gar,Robusta / ca phe nhan xo noi dia,47900,47900.0,4,observed,22.314,68.0,0.0,0.218,Dat do bazan,5,high,4,Nong Nghiep Moi Truong
2023-03-06,2023-03-12,Dak Lak,Ea H'leo,Robusta / ca phe nhan xo noi dia,47800,47800.0,4,observed,20.671,72.0,0.0,0.241,Dat do bazan,5,medium,4,Nong Nghiep Moi Truong
2023-03-06,2023-03-12,Dak Nong,Dak R'lap,Robusta / ca phe nhan xo noi dia,47700,47700.0,4,observed,22.114,61.429,0.0,0.289,Dat do bazan,4,low,4,Nong Nghiep Moi Truong
2023-03-06,2023-03-12,Dak Nong,Gia Nghia,Robusta / ca phe nhan xo noi dia,47800,47800.0,4,observed,21.643,63.286,0.0,0.229,Dat do bazan,4,low,4,Nong Nghiep Moi Truong
2023-03-06,2023-03-12,Gia Lai,Chu Prong,Robusta / ca phe nhan xo noi dia,47800,47800.0,4,observed,23.386,60.143,0.0,0.196,Dat do bazan,4,low,4,Nong Nghiep Moi Truong
2023-03-06,2023-03-12,Gia Lai,Ia Grai,Robusta / ca phe nhan xo noi dia,47700,47700.0,4,observed,24.843,54.857,0.0,0.261,Dat do bazan,4,low,4,Nong Nghiep Moi Truong
2023-03-06,2023-03-12,Gia Lai,Pleiku,Robusta / ca phe nhan xo noi dia,47700,47700.0,4,observed,20.786,65.286,0.0,0.257,Dat do bazan,4,low,4,Nong Nghiep Moi Truong
2023-03-06,2023-03-12,Kon Tum,Kon Tum,Robusta / ca phe nhan xo noi dia,47800,47800.0,4,observed,21.457,64.714,0.0,0.243,Dat do vang / dat bazan cuc bo,3,low,4,Nong Nghiep Moi Truong
2023-03-06,2023-03-12,Lam Dong,Bao Loc,Robusta / ca phe nhan xo noi dia,47500,47500.0,4,observed,20.586,66.429,0.0,0.252,Dat do vang tren bazan,4,low,4,Nong Nghiep Moi Truong
2023-03-06,2023-03-12,Lam Dong,Di Linh,Robusta / ca phe nhan xo noi dia,47500,47500.0,4,observed,20.686,61.571,0.0,0.225,Dat do vang tren bazan,4,medium,4,Nong Nghiep Moi Truong
2023-03-06,2023-03-12,Lam Dong,Lam Ha,Robusta / ca phe nhan xo noi dia,47500,47500.0,4,observed,20.071,64.571,0.0,0.264,Dat do vang tren bazan,4,low,4,Nong Nghiep Moi Truong
2023-03-13,2023-03-19,Dak Lak,Buon Ho,Robusta / ca phe nhan xo noi dia,46871,46871.42857142857,7,observed,21.3,78.0,1.0,0.171,Dat do bazan,5,medium,7,Nong Nghiep Moi Truong
2023-03-13,2023-03-19,Dak Lak,Cu M'gar,Robusta / ca phe nhan xo noi dia,46971,46971.42857142857,7,observed,23.829,68.571,0.1,0.219,Dat do bazan,5,high,7,Nong Nghiep Moi Truong
2023-03-13,2023-03-19,Dak Lak,Ea H'leo,Robusta / ca phe nhan xo noi dia,46871,46871.42857142857,7,observed,22.257,72.286,0.6,0.227,Dat do bazan,5,medium,7,Nong Nghiep Moi Truong
2023-03-13,2023-03-19,Dak Nong,Dak R'lap,Robusta / ca phe nhan xo noi dia,46771,46771.42857142857,7,observed,24.214,64.143,0.0,0.284,Dat do bazan,4,low,7,Nong Nghiep Moi Truong
2023-03-13,2023-03-19,Dak Nong,Gia Nghia,Robusta / ca phe nhan xo noi dia,46871,46871.42857142857,7,observed,23.829,64.429,0.0,0.226,Dat do bazan,4,low,7,Nong Nghiep Moi Truong
2023-03-13,2023-03-19,Gia Lai,Chu Prong,Robusta / ca phe nhan xo noi dia,46871,46871.42857142857,7,observed,25.129,59.143,0.0,0.193,Dat do bazan,4,low,7,Nong Nghiep Moi Truong
2023-03-13,2023-03-19,Gia Lai,Ia Grai,Robusta / ca phe nhan xo noi dia,46771,46771.42857142857,7,observed,26.443,55.857,0.0,0.256,Dat do bazan,4,low,7,Nong Nghiep Moi Truong
2023-03-13,2023-03-19,Gia Lai,Pleiku,Robusta / ca phe nhan xo noi dia,46771,46771.42857142857,7,observed,22.443,66.429,0.0,0.255,Dat do bazan,4,low,7,Nong Nghiep Moi Truong
2023-03-13,2023-03-19,Kon Tum,Kon Tum,Robusta / ca phe nhan xo noi dia,46871,46871.42857142857,7,observed,24.071,62.0,0.0,0.235,Dat do vang / dat bazan cuc bo,3,low,7,Nong Nghiep Moi Truong
2023-03-13,2023-03-19,Lam Dong,Bao Loc,Robusta / ca phe nhan xo noi dia,46571,46571.42857142857,7,observed,22.157,67.857,0.5,0.24,Dat do vang tren bazan,4,low,7,Nong Nghiep Moi Truong
2023-03-13,2023-03-19,Lam Dong,Di Linh,Robusta / ca phe nhan xo noi dia,46571,46571.42857142857,7,observed,21.857,66.571,1.3,0.216,Dat do vang tren bazan,4,medium,7,Nong Nghiep Moi Truong
2023-03-13,2023-03-19,Lam Dong,Lam Ha,Robusta / ca phe nhan xo noi dia,46571,46571.42857142857,7,observed,22.243,65.714,0.0,0.254,Dat do vang tren bazan,4,low,7,Nong Nghiep Moi Truong
2023-03-20,2023-03-26,Dak Lak,Buon Ho,Robusta / ca phe nhan xo noi dia,46300,46300.0,1,observed,26.6,63.286,5.2,0.169,Dat do bazan,5,medium,1,Nong Nghiep Moi Truong
2023-03-20,2023-03-26,Dak Lak,Cu M'gar,Robusta / ca phe nhan xo noi dia,46400,46400.0,1,observed,28.471,57.286,0.0,0.218,Dat do bazan,5,high,1,Nong Nghiep Moi Truong
2023-03-20,2023-03-26,Dak Lak,Ea H'leo,Robusta / ca phe nhan xo noi dia,46300,46300.0,1,observed,27.557,58.286,0.1,0.213,Dat do bazan,5,medium,1,Nong Nghiep Moi Truong
2023-03-20,2023-03-26,Dak Nong,Dak R'lap,Robusta / ca phe nhan xo noi dia,46200,46200.0,1,observed,25.486,72.0,2.3,0.306,Dat do bazan,4,low,1,Nong Nghiep Moi Truong
2023-03-20,2023-03-26,Dak Nong,Gia Nghia,Robusta / ca phe nhan xo noi dia,46300,46300.0,1,observed,25.771,69.571,1.2,0.237,Dat do bazan,4,low,1,Nong Nghiep Moi Truong
2023-03-20,2023-03-26,Gia Lai,Chu Prong,Robusta / ca phe nhan xo noi dia,46300,46300.0,1,observed,29.5,51.286,0.0,0.195,Dat do bazan,4,low,1,Nong Nghiep Moi Truong
2023-03-20,2023-03-26,Gia Lai,Ia Grai,Robusta / ca phe nhan xo noi dia,46200,46200.0,1,observed,29.971,51.0,0.2,0.253,Dat do bazan,4,low,1,Nong Nghiep Moi Truong
2023-03-20,2023-03-26,Gia Lai,Pleiku,Robusta / ca phe nhan xo noi dia,46200,46200.0,1,observed,27.057,56.0,0.4,0.251,Dat do bazan,4,low,1,Nong Nghiep Moi Truong
2023-03-20,2023-03-26,Kon Tum,Kon Tum,Robusta / ca phe nhan xo noi dia,46300,46300.0,1,observed,27.357,61.0,0.0,0.243,Dat do vang / dat bazan cuc bo,3,low,1,Nong Nghiep Moi Truong
2023-03-20,2023-03-26,Lam Dong,Bao Loc,Robusta / ca phe nhan xo noi dia,46000,46000.0,1,observed,23.886,72.857,3.0,0.249,Dat do vang tren bazan,4,low,1,Nong Nghiep Moi Truong
2023-03-20,2023-03-26,Lam Dong,Di Linh,Robusta / ca phe nhan xo noi dia,46000,46000.0,1,observed,23.314,71.714,6.7,0.234,Dat do vang tren bazan,4,medium,1,Nong Nghiep Moi Truong
2023-03-20,2023-03-26,Lam Dong,Lam Ha,Robusta / ca phe nhan xo noi dia,46000,46000.0,1,observed,23.914,71.0,1.7,0.261,Dat do vang tren bazan,4,low,1,Nong Nghiep Moi Truong
2023-03-27,2023-04-02,Dak Lak,Buon Ho,Robusta / ca phe nhan xo noi dia,48600,48600.0,2,observed,24.729,72.714,0.0,0.177,Dat do bazan,5,medium,2,Nong Nghiep Moi Truong
2023-03-27,2023-04-02,Dak Lak,Cu M'gar,Robusta / ca phe nhan xo noi dia,48700,48700.0,2,observed,27.386,62.286,0.6,0.213,Dat do bazan,5,high,2,Nong Nghiep Moi Truong
2023-03-27,2023-04-02,Dak Lak,Ea H'leo,Robusta / ca phe nhan xo noi dia,48600,48600.0,2,observed,25.929,66.429,0.5,0.216,Dat do bazan,5,medium,2,Nong Nghiep Moi Truong
2023-03-27,2023-04-02,Dak Nong,Dak R'lap,Robusta / ca phe nhan xo noi dia,48500,48500.0,2,observed,24.771,74.857,3.1,0.341,Dat do bazan,4,low,2,Nong Nghiep Moi Truong
2023-03-27,2023-04-02,Dak Nong,Gia Nghia,Robusta / ca phe nhan xo noi dia,48600,48600.0,2,observed,25.043,70.714,2.2,0.246,Dat do bazan,4,low,2,Nong Nghiep Moi Truong
2023-03-27,2023-04-02,Gia Lai,Chu Prong,Robusta / ca phe nhan xo noi dia,48600,48600.0,2,observed,27.629,62.571,4.1,0.23,Dat do bazan,4,low,2,Nong Nghiep Moi Truong
2023-03-27,2023-04-02,Gia Lai,Ia Grai,Robusta / ca phe nhan xo noi dia,48500,48500.0,2,observed,28.186,63.571,9.6,0.266,Dat do bazan,4,low,2,Nong Nghiep Moi Truong
2023-03-27,2023-04-02,Gia Lai,Pleiku,Robusta / ca phe nhan xo noi dia,48500,48500.0,2,observed,24.7,72.143,14.3,0.293,Dat do bazan,4,low,2,Nong Nghiep Moi Truong
2023-03-27,2023-04-02,Kon Tum,Kon Tum,Robusta / ca phe nhan xo noi dia,48600,48600.0,2,observed,25.286,75.0,17.7,0.294,Dat do vang / dat bazan cuc bo,3,low,2,Nong Nghiep Moi Truong
2023-03-27,2023-04-02,Lam Dong,Bao Loc,Robusta / ca phe nhan xo noi dia,48300,48300.0,2,observed,23.7,72.143,2.0,0.262,Dat do vang tren bazan,4,low,2,Nong Nghiep Moi Truong
2023-03-27,2023-04-02,Lam Dong,Di Linh,Robusta / ca phe nhan xo noi dia,48300,48300.0,2,observed,23.029,71.286,6.1,0.25,Dat do vang tren bazan,4,medium,2,Nong Nghiep Moi Truong
2023-03-27,2023-04-02,Lam Dong,Lam Ha,Robusta / ca phe nhan xo noi dia,48300,48300.0,2,observed,23.6,70.286,1.1,0.273,Dat do vang tren bazan,4,low,2,Nong Nghiep Moi Truong
2023-04-03,2023-04-09,Dak Lak,Buon Ho,Robusta / ca phe nhan xo noi dia,49407,,0,interpolated_area,25.586,71.0,7.1,0.19,Dat do bazan,5,medium,0,
2023-04-03,2023-04-09,Dak Lak,Cu M'gar,Robusta / ca phe nhan xo noi dia,49500,,0,interpolated_area,27.643,64.0,7.8,0.224,Dat do bazan,5,high,0,
2023-04-03,2023-04-09,Dak Lak,Ea H'leo,Robusta / ca phe nhan xo noi dia,49407,,0,interpolated_area,25.986,69.714,14.2,0.25,Dat do bazan,5,medium,0,
2023-04-03,2023-04-09,Dak Nong,Dak R'lap,Robusta / ca phe nhan xo noi dia,49307,,0,interpolated_area,24.657,77.286,6.6,0.381,Dat do bazan,4,low,0,
2023-04-03,2023-04-09,Dak Nong,Gia Nghia,Robusta / ca phe nhan xo noi dia,49400,,0,interpolated_area,24.557,76.714,13.8,0.34,Dat do bazan,4,low,0,
2023-04-03,2023-04-09,Gia Lai,Chu Prong,Robusta / ca phe nhan xo noi dia,49400,,0,interpolated_area,28.314,59.143,2.6,0.212,Dat do bazan,4,low,0,
2023-04-03,2023-04-09,Gia Lai,Ia Grai,Robusta / ca phe nhan xo noi dia,49307,,0,interpolated_area,28.5,62.286,6.9,0.289,Dat do bazan,4,low,0,
2023-04-03,2023-04-09,Gia Lai,Pleiku,Robusta / ca phe nhan xo noi dia,49307,,0,interpolated_area,25.3,68.0,10.8,0.309,Dat do bazan,4,low,0,
2023-04-03,2023-04-09,Kon Tum,Kon Tum,Robusta / ca phe nhan xo noi dia,49400,,0,interpolated_area,26.1,69.571,10.7,0.284,Dat do vang / dat bazan cuc bo,3,low,0,
2023-04-03,2023-04-09,Lam Dong,Bao Loc,Robusta / ca phe nhan xo noi dia,49093,,0,interpolated_area,23.657,76.0,11.7,0.309,Dat do vang tren bazan,4,low,0,
2023-04-03,2023-04-09,Lam Dong,Di Linh,Robusta / ca phe nhan xo noi dia,49092,,0,interpolated_area,22.886,77.0,12.9,0.288,Dat do vang tren bazan,4,medium,0,
2023-04-03,2023-04-09,Lam Dong,Lam Ha,Robusta / ca phe nhan xo noi dia,49093,,0,interpolated_area,23.543,74.143,5.6,0.316,Dat do vang tren bazan,4,low,0,
2023-04-10,2023-04-16,Dak Lak,Buon Ho,Robusta / ca phe nhan xo noi dia,50214,50214.28571428572,7,observed,25.729,76.714,10.1,0.192,Dat do bazan,5,medium,7,Nong Nghiep Moi Truong
2023-04-10,2023-04-16,Dak Lak,Cu M'gar,Robusta / ca phe nhan xo noi dia,50300,50300.0,6,observed,27.943,68.857,8.9,0.239,Dat do bazan,5,high,6,Nong Nghiep Moi Truong
2023-04-10,2023-04-16,Dak Lak,Ea H'leo,Robusta / ca phe nhan xo noi dia,50214,50214.28571428572,7,observed,26.386,73.714,5.7,0.24,Dat do bazan,5,medium,7,Nong Nghiep Moi Truong
2023-04-10,2023-04-16,Dak Nong,Dak R'lap,Robusta / ca phe nhan xo noi dia,50114,50114.28571428572,7,observed,24.5,84.0,27.7,0.4,Dat do bazan,4,low,7,Nong Nghiep Moi Truong
2023-04-10,2023-04-16,Dak Nong,Gia Nghia,Robusta / ca phe nhan xo noi dia,50200,50200.0,6,observed,24.457,82.286,27.7,0.312,Dat do bazan,4,low,6,Nong Nghiep Moi Truong
2023-04-10,2023-04-16,Gia Lai,Chu Prong,Robusta / ca phe nhan xo noi dia,50200,50200.0,6,observed,27.786,71.0,14.2,0.277,Dat do bazan,4,low,6,Nong Nghiep Moi Truong
2023-04-10,2023-04-16,Gia Lai,Ia Grai,Robusta / ca phe nhan xo noi dia,50114,50114.28571428572,7,observed,28.471,70.571,15.6,0.315,Dat do bazan,4,low,7,Nong Nghiep Moi Truong
2023-04-10,2023-04-16,Gia Lai,Pleiku,Robusta / ca phe nhan xo noi dia,50114,50114.28571428572,7,observed,25.357,76.714,13.9,0.321,Dat do bazan,4,low,7,Nong Nghiep Moi Truong
2023-04-10,2023-04-16,Kon Tum,Kon Tum,Robusta / ca phe nhan xo noi dia,50200,50200.0,6,observed,26.6,73.286,15.4,0.273,Dat do vang / dat bazan cuc bo,3,low,6,Nong Nghiep Moi Truong
2023-04-10,2023-04-16,Lam Dong,Bao Loc,Robusta / ca phe nhan xo noi dia,49886,49885.71428571428,7,observed,23.657,82.143,29.3,0.324,Dat do vang tren bazan,4,low,7,Nong Nghiep Moi Truong
2023-04-10,2023-04-16,Lam Dong,Di Linh,Robusta / ca phe nhan xo noi dia,49883,49883.333333333336,6,observed,23.171,82.714,25.3,0.318,Dat do vang tren bazan,4,medium,6,Nong Nghiep Moi Truong
2023-04-10,2023-04-16,Lam Dong,Lam Ha,Robusta / ca phe nhan xo noi dia,49886,49885.71428571428,7,observed,24.029,77.429,16.1,0.296,Dat do vang tren bazan,4,low,7,Nong Nghiep Moi Truong
2023-04-17,2023-04-23,Dak Lak,Buon Ho,Robusta / ca phe nhan xo noi dia,50725,50725.0,4,observed,26.657,73.0,4.3,0.254,Dat do bazan,5,medium,4,Nong Nghiep Moi Truong
2023-04-17,2023-04-23,Dak Lak,Cu M'gar,Robusta / ca phe nhan xo noi dia,51050,51050.0,2,observed,28.414,67.429,6.5,0.305,Dat do bazan,5,high,2,Nong Nghiep Moi Truong
2023-04-17,2023-04-23,Dak Lak,Ea H'leo,Robusta / ca phe nhan xo noi dia,50725,50725.0,4,observed,27.386,70.286,9.6,0.29,Dat do bazan,5,medium,4,Nong Nghiep Moi Truong
2023-04-17,2023-04-23,Dak Nong,Dak R'lap,Robusta / ca phe nhan xo noi dia,50633,50633.333333333336,3,observed,25.243,81.714,14.7,0.419,Dat do bazan,4,low,3,Nong Nghiep Moi Truong
2023-04-17,2023-04-23,Dak Nong,Gia Nghia,Robusta / ca phe nhan xo noi dia,50950,50950.0,2,observed,25.386,79.143,14.1,0.356,Dat do bazan,4,low,2,Nong Nghiep Moi Truong
2023-04-17,2023-04-23,Gia Lai,Chu Prong,Robusta / ca phe nhan xo noi dia,50950,50950.0,2,observed,28.229,70.0,39.2,0.315,Dat do bazan,4,low,2,Nong Nghiep Moi Truong
2023-04-17,2023-04-23,Gia Lai,Ia Grai,Robusta / ca phe nhan xo noi dia,50625,50625.0,4,observed,28.429,72.714,50.4,0.375,Dat do bazan,4,low,4,Nong Nghiep Moi Truong
2023-04-17,2023-04-23,Gia Lai,Pleiku,Robusta / ca phe nhan xo noi dia,50625,50625.0,4,observed,26.129,74.0,17.7,0.321,Dat do bazan,4,low,4,Nong Nghiep Moi Truong
2023-04-17,2023-04-23,Kon Tum,Kon Tum,Robusta / ca phe nhan xo noi dia,50867,50866.666666666664,3,observed,26.757,76.571,16.7,0.346,Dat do vang / dat bazan cuc bo,3,low,3,Nong Nghiep Moi Truong
2023-04-17,2023-04-23,Lam Dong,Bao Loc,Robusta / ca phe nhan xo noi dia,50325,50325.0,4,observed,24.471,77.714,11.7,0.311,Dat do vang tren bazan,4,low,4,Nong Nghiep Moi Truong
2023-04-17,2023-04-23,Lam Dong,Di Linh,Robusta / ca phe nhan xo noi dia,50467,50466.666666666664,3,observed,23.571,78.571,7.5,0.322,Dat do vang tren bazan,4,medium,3,Nong Nghiep Moi Truong
2023-04-17,2023-04-23,Lam Dong,Lam Ha,Robusta / ca phe nhan xo noi dia,50325,50325.0,4,observed,24.4,75.857,3.5,0.338,Dat do vang tren bazan,4,low,4,Nong Nghiep Moi Truong
2023-04-24,2023-04-30,Dak Lak,Buon Ho,Robusta / ca phe nhan xo noi dia,51062,,0,interpolated_area,25.2,74.143,3.6,0.185,Dat do bazan,5,medium,0,
2023-04-24,2023-04-30,Dak Lak,Cu M'gar,Robusta / ca phe nhan xo noi dia,51275,,0,interpolated_area,27.743,64.714,1.7,0.235,Dat do bazan,5,high,0,
2023-04-24,2023-04-30,Dak Lak,Ea H'leo,Robusta / ca phe nhan xo noi dia,51062,,0,interpolated_area,26.271,68.143,3.1,0.234,Dat do bazan,5,medium,0,
2023-04-24,2023-04-30,Dak Nong,Dak R'lap,Robusta / ca phe nhan xo noi dia,50967,,0,interpolated_area,25.786,72.0,6.6,0.365,Dat do bazan,4,low,0,
2023-04-24,2023-04-30,Dak Nong,Gia Nghia,Robusta / ca phe nhan xo noi dia,51175,,0,interpolated_area,25.643,71.429,7.2,0.335,Dat do bazan,4,low,0,
2023-04-24,2023-04-30,Gia Lai,Chu Prong,Robusta / ca phe nhan xo noi dia,51175,,0,interpolated_area,28.5,59.571,1.8,0.22,Dat do bazan,4,low,0,
2023-04-24,2023-04-30,Gia Lai,Ia Grai,Robusta / ca phe nhan xo noi dia,50962,,0,interpolated_area,28.871,60.429,2.3,0.327,Dat do bazan,4,low,0,
2023-04-24,2023-04-30,Gia Lai,Pleiku,Robusta / ca phe nhan xo noi dia,50962,,0,interpolated_area,25.4,68.0,2.6,0.333,Dat do bazan,4,low,0,
2023-04-24,2023-04-30,Kon Tum,Kon Tum,Robusta / ca phe nhan xo noi dia,51133,,0,interpolated_area,26.2,68.571,4.3,0.334,Dat do vang / dat bazan cuc bo,3,low,0,
2023-04-24,2023-04-30,Lam Dong,Bao Loc,Robusta / ca phe nhan xo noi dia,50612,,0,interpolated_area,24.586,71.286,6.5,0.314,Dat do vang tren bazan,4,low,0,
2023-04-24,2023-04-30,Lam Dong,Di Linh,Robusta / ca phe nhan xo noi dia,50683,,0,interpolated_area,24.1,68.571,20.9,0.284,Dat do vang tren bazan,4,medium,0,
2023-04-24,2023-04-30,Lam Dong,Lam Ha,Robusta / ca phe nhan xo noi dia,50612,,0,interpolated_area,24.029,69.857,12.7,0.307,Dat do vang tren bazan,4,low,0,
2023-05-01,2023-05-07,Dak Lak,Buon Ho,Robusta / ca phe nhan xo noi dia,51400,51400.0,2,observed,26.629,70.143,6.2,0.18,Dat do bazan,5,medium,2,Nong Nghiep Moi Truong
2023-05-01,2023-05-07,Dak Lak,Cu M'gar,Robusta / ca phe nhan xo noi dia,51500,51500.0,2,observed,28.8,62.714,9.5,0.237,Dat do bazan,5,high,2,Nong Nghiep Moi Truong
2023-05-01,2023-05-07,Dak Lak,Ea H'leo,Robusta / ca phe nhan xo noi dia,51400,51400.0,2,observed,27.586,65.286,11.8,0.228,Dat do bazan,5,medium,2,Nong Nghiep Moi Truong
2023-05-01,2023-05-07,Dak Nong,Dak R'lap,Robusta / ca phe nhan xo noi dia,51300,51300.0,2,observed,26.429,73.714,5.9,0.351,Dat do bazan,4,low,2,Nong Nghiep Moi Truong
2023-05-01,2023-05-07,Dak Nong,Gia Nghia,Robusta / ca phe nhan xo noi dia,51400,51400.0,2,observed,26.3,73.143,7.8,0.317,Dat do bazan,4,low,2,Nong Nghiep Moi Truong
2023-05-01,2023-05-07,Gia Lai,Chu Prong,Robusta / ca phe nhan xo noi dia,51400,51400.0,2,observed,29.429,58.857,17.4,0.208,Dat do bazan,4,low,2,Nong Nghiep Moi Truong
2023-05-01,2023-05-07,Gia Lai,Ia Grai,Robusta / ca phe nhan xo noi dia,51300,51300.0,2,observed,30.043,59.429,14.4,0.276,Dat do bazan,4,low,2,Nong Nghiep Moi Truong
2023-05-01,2023-05-07,Gia Lai,Pleiku,Robusta / ca phe nhan xo noi dia,51300,51300.0,2,observed,27.043,63.571,9.6,0.275,Dat do bazan,4,low,2,Nong Nghiep Moi Truong
2023-05-01,2023-05-07,Kon Tum,Kon Tum,Robusta / ca phe nhan xo noi dia,51400,51400.0,2,observed,27.943,64.429,8.6,0.272,Dat do vang / dat bazan cuc bo,3,low,2,Nong Nghiep Moi Truong
2023-05-01,2023-05-07,Lam Dong,Bao Loc,Robusta / ca phe nhan xo noi dia,50900,50900.0,2,observed,24.757,75.714,11.4,0.316,Dat do vang tren bazan,4,low,2,Nong Nghiep Moi Truong
2023-05-01,2023-05-07,Lam Dong,Di Linh,Robusta / ca phe nhan xo noi dia,50900,50900.0,2,observed,24.129,75.857,13.0,0.315,Dat do vang tren bazan,4,medium,2,Nong Nghiep Moi Truong
2023-05-01,2023-05-07,Lam Dong,Lam Ha,Robusta / ca phe nhan xo noi dia,50900,50900.0,2,observed,24.6,74.0,17.0,0.307,Dat do vang tren bazan,4,low,2,Nong Nghiep Moi Truong
2023-05-08,2023-05-14,Dak Lak,Buon Ho,Robusta / ca phe nhan xo noi dia,54100,54100.0,5,observed,24.414,85.857,74.9,0.426,Dat do bazan,5,medium,5,Nong Nghiep Moi Truong
2023-05-08,2023-05-14,Dak Lak,Cu M'gar,Robusta / ca phe nhan xo noi dia,54200,54200.0,5,observed,25.914,82.857,86.8,0.419,Dat do bazan,5,high,5,Nong Nghiep Moi Truong
2023-05-08,2023-05-14,Dak Lak,Ea H'leo,Robusta / ca phe nhan xo noi dia,54100,54100.0,5,observed,24.771,85.571,72.2,0.466,Dat do bazan,5,medium,5,Nong Nghiep Moi Truong
2023-05-08,2023-05-14,Dak Nong,Dak R'lap,Robusta / ca phe nhan xo noi dia,54100,54100.0,5,observed,24.257,88.0,78.4,0.455,Dat do bazan,4,low,5,Nong Nghiep Moi Truong
2023-05-08,2023-05-14,Dak Nong,Gia Nghia,Robusta / ca phe nhan xo noi dia,54200,54200.0,5,observed,24.171,87.0,66.9,0.436,Dat do bazan,4,low,5,Nong Nghiep Moi Truong
2023-05-08,2023-05-14,Gia Lai,Chu Prong,Robusta / ca phe nhan xo noi dia,54120,54120.0,5,observed,25.6,85.143,99.6,0.473,Dat do bazan,4,low,5,Nong Nghiep Moi Truong
2023-05-08,2023-05-14,Gia Lai,Ia Grai,Robusta / ca phe nhan xo noi dia,54020,54020.0,5,observed,26.386,85.286,110.7,0.435,Dat do bazan,4,low,5,Nong Nghiep Moi Truong
2023-05-08,2023-05-14,Gia Lai,Pleiku,Robusta / ca phe nhan xo noi dia,54020,54020.0,5,observed,23.971,85.571,70.3,0.442,Dat do bazan,4,low,5,Nong Nghiep Moi Truong
2023-05-08,2023-05-14,Kon Tum,Kon Tum,Robusta / ca phe nhan xo noi dia,54120,54120.0,5,observed,24.671,87.429,84.0,0.447,Dat do vang / dat bazan cuc bo,3,low,5,Nong Nghiep Moi Truong
2023-05-08,2023-05-14,Lam Dong,Bao Loc,Robusta / ca phe nhan xo noi dia,53700,53700.0,5,observed,23.357,85.857,33.6,0.375,Dat do vang tren bazan,4,low,5,Nong Nghiep Moi Truong
2023-05-08,2023-05-14,Lam Dong,Di Linh,Robusta / ca phe nhan xo noi dia,53700,53700.0,5,observed,22.529,87.857,54.3,0.427,Dat do vang tren bazan,4,medium,5,Nong Nghiep Moi Truong
2023-05-08,2023-05-14,Lam Dong,Lam Ha,Robusta / ca phe nhan xo noi dia,53700,53700.0,5,observed,22.914,86.714,57.9,0.429,Dat do vang tren bazan,4,low,5,Nong Nghiep Moi Truong
2023-05-15,2023-05-21,Dak Lak,Buon Ho,Robusta / ca phe nhan xo noi dia,57120,57120.0,5,observed,25.743,79.0,26.9,0.36,Dat do bazan,5,medium,5,Nong Nghiep Moi Truong
2023-05-15,2023-05-21,Dak Lak,Cu M'gar,Robusta / ca phe nhan xo noi dia,57220,57220.0,5,observed,27.243,75.286,23.1,0.324,Dat do bazan,5,high,5,Nong Nghiep Moi Truong
2023-05-15,2023-05-21,Dak Lak,Ea H'leo,Robusta / ca phe nhan xo noi dia,57120,57120.0,5,observed,26.357,77.143,16.7,0.422,Dat do bazan,5,medium,5,Nong Nghiep Moi Truong
2023-05-15,2023-05-21,Dak Nong,Dak R'lap,Robusta / ca phe nhan xo noi dia,57160,57160.0,5,observed,24.6,87.571,43.3,0.448,Dat do bazan,4,low,5,Nong Nghiep Moi Truong
2023-05-15,2023-05-21,Dak Nong,Gia Nghia,Robusta / ca phe nhan xo noi dia,57260,57260.0,5,observed,24.543,86.857,39.0,0.422,Dat do bazan,4,low,5,Nong Nghiep Moi Truong
2023-05-15,2023-05-21,Gia Lai,Chu Prong,Robusta / ca phe nhan xo noi dia,57140,57140.0,5,observed,27.0,79.429,38.5,0.416,Dat do bazan,4,low,5,Nong Nghiep Moi Truong
2023-05-15,2023-05-21,Gia Lai,Ia Grai,Robusta / ca phe nhan xo noi dia,57040,57040.0,5,observed,27.429,81.286,25.8,0.438,Dat do bazan,4,low,5,Nong Nghiep Moi Truong
2023-05-15,2023-05-21,Gia Lai,Pleiku,Robusta / ca phe nhan xo noi dia,57040,57040.0,5,observed,25.029,81.857,19.6,0.408,Dat do bazan,4,low,5,Nong Nghiep Moi Truong
2023-05-15,2023-05-21,Kon Tum,Kon Tum,Robusta / ca phe nhan xo noi dia,57140,57140.0,5,observed,25.614,83.857,22.4,0.434,Dat do vang / dat bazan cuc bo,3,low,5,Nong Nghiep Moi Truong
2023-05-15,2023-05-21,Lam Dong,Bao Loc,Robusta / ca phe nhan xo noi dia,56820,56820.0,5,observed,23.614,85.857,22.3,0.376,Dat do vang tren bazan,4,low,5,Nong Nghiep Moi Truong
2023-05-15,2023-05-21,Lam Dong,Di Linh,Robusta / ca phe nhan xo noi dia,56820,56820.0,5,observed,22.8,87.0,51.4,0.436,Dat do vang tren bazan,4,medium,5,Nong Nghiep Moi Truong
2023-05-15,2023-05-21,Lam Dong,Lam Ha,Robusta / ca phe nhan xo noi dia,56820,56820.0,5,observed,23.214,84.571,41.5,0.42,Dat do vang tren bazan,4,low,5,Nong Nghiep Moi Truong
2023-05-22,2023-05-28,Dak Lak,Buon Ho,Robusta / ca phe nhan xo noi dia,59035,,0,interpolated_area,24.814,80.857,63.0,0.297,Dat do bazan,5,medium,0,
2023-05-22,2023-05-28,Dak Lak,Cu M'gar,Robusta / ca phe nhan xo noi dia,59135,,0,interpolated_area,26.243,78.286,79.0,0.346,Dat do bazan,5,high,0,
2023-05-22,2023-05-28,Dak Lak,Ea H'leo,Robusta / ca phe nhan xo noi dia,59035,,0,interpolated_area,25.186,81.143,75.4,0.404,Dat do bazan,5,medium,0,
2023-05-22,2023-05-28,Dak Nong,Dak R'lap,Robusta / ca phe nhan xo noi dia,59055,,0,interpolated_area,23.829,88.429,53.2,0.483,Dat do bazan,4,low,0,
2023-05-22,2023-05-28,Dak Nong,Gia Nghia,Robusta / ca phe nhan xo noi dia,59155,,0,interpolated_area,23.9,87.0,57.4,0.453,Dat do bazan,4,low,0,
2023-05-22,2023-05-28,Gia Lai,Chu Prong,Robusta / ca phe nhan xo noi dia,58995,,0,interpolated_area,25.843,82.571,50.2,0.435,Dat do bazan,4,low,0,
2023-05-22,2023-05-28,Gia Lai,Ia Grai,Robusta / ca phe nhan xo noi dia,58895,,0,interpolated_area,26.357,84.286,49.5,0.47,Dat do bazan,4,low,0,
2023-05-22,2023-05-28,Gia Lai,Pleiku,Robusta / ca phe nhan xo noi dia,58895,,0,interpolated_area,24.029,83.857,24.5,0.418,Dat do bazan,4,low,0,
2023-05-22,2023-05-28,Kon Tum,Kon Tum,Robusta / ca phe nhan xo noi dia,58995,,0,interpolated_area,25.0,84.571,37.6,0.421,Dat do vang / dat bazan cuc bo,3,low,0,
2023-05-22,2023-05-28,Lam Dong,Bao Loc,Robusta / ca phe nhan xo noi dia,58635,,0,interpolated_area,22.886,87.286,39.7,0.416,Dat do vang tren bazan,4,low,0,
2023-05-22,2023-05-28,Lam Dong,Di Linh,Robusta / ca phe nhan xo noi dia,58635,,0,interpolated_area,22.157,88.429,73.1,0.461,Dat do vang tren bazan,4,medium,0,
2023-05-22,2023-05-28,Lam Dong,Lam Ha,Robusta / ca phe nhan xo noi dia,58635,,0,interpolated_area,22.743,84.429,57.9,0.438,Dat do vang tren bazan,4,low,0,
2023-05-29,2023-06-04,Dak Lak,Buon Ho,Robusta / ca phe nhan xo noi dia,60950,60950.0,2,observed,24.2,86.714,29.2,0.42,Dat do bazan,5,medium,2,Nong Nghiep Moi Truong
2023-05-29,2023-06-04,Dak Lak,Cu M'gar,Robusta / ca phe nhan xo noi dia,61050,61050.0,2,observed,25.257,85.857,54.6,0.456,Dat do bazan,5,high,2,Nong Nghiep Moi Truong
2023-05-29,2023-06-04,Dak Lak,Ea H'leo,Robusta / ca phe nhan xo noi dia,60950,60950.0,2,observed,24.614,85.857,37.1,0.481,Dat do bazan,5,medium,2,Nong Nghiep Moi Truong
2023-05-29,2023-06-04,Dak Nong,Dak R'lap,Robusta / ca phe nhan xo noi dia,60950,60950.0,2,observed,23.6,92.143,85.7,0.5,Dat do bazan,4,low,2,Nong Nghiep Moi Truong
2023-05-29,2023-06-04,Dak Nong,Gia Nghia,Robusta / ca phe nhan xo noi dia,61050,61050.0,2,observed,23.643,90.0,71.3,0.486,Dat do bazan,4,low,2,Nong Nghiep Moi Truong
2023-05-29,2023-06-04,Gia Lai,Chu Prong,Robusta / ca phe nhan xo noi dia,60850,60850.0,2,observed,25.243,86.714,45.7,0.463,Dat do bazan,4,low,2,Nong Nghiep Moi Truong
2023-05-29,2023-06-04,Gia Lai,Ia Grai,Robusta / ca phe nhan xo noi dia,60750,60750.0,2,observed,25.829,87.429,58.9,0.483,Dat do bazan,4,low,2,Nong Nghiep Moi Truong
2023-05-29,2023-06-04,Gia Lai,Pleiku,Robusta / ca phe nhan xo noi dia,60750,60750.0,2,observed,23.529,88.857,55.3,0.443,Dat do bazan,4,low,2,Nong Nghiep Moi Truong
2023-05-29,2023-06-04,Kon Tum,Kon Tum,Robusta / ca phe nhan xo noi dia,60850,60850.0,2,observed,24.543,87.571,56.7,0.441,Dat do vang / dat bazan cuc bo,3,low,2,Nong Nghiep Moi Truong
2023-05-29,2023-06-04,Lam Dong,Bao Loc,Robusta / ca phe nhan xo noi dia,60450,60450.0,2,observed,23.029,89.714,30.4,0.421,Dat do vang tren bazan,4,low,2,Nong Nghiep Moi Truong
2023-05-29,2023-06-04,Lam Dong,Di Linh,Robusta / ca phe nhan xo noi dia,60450,60450.0,2,observed,22.371,91.286,31.2,0.467,Dat do vang tren bazan,4,medium,2,Nong Nghiep Moi Truong
2023-05-29,2023-06-04,Lam Dong,Lam Ha,Robusta / ca phe nhan xo noi dia,60450,60450.0,2,observed,23.2,85.429,33.5,0.448,Dat do vang tren bazan,4,low,2,Nong Nghiep Moi Truong
2023-06-05,2023-06-11,Dak Lak,Buon Ho,Robusta / ca phe nhan xo noi dia,64000,64000.0,1,observed,23.5,87.714,44.1,0.434,Dat do bazan,5,medium,1,Nong Nghiep Moi Truong
2023-06-05,2023-06-11,Dak Lak,Cu M'gar,Robusta / ca phe nhan xo noi dia,64100,64100.0,1,observed,24.786,86.286,72.7,0.481,Dat do bazan,5,high,1,Nong Nghiep Moi Truong
2023-06-05,2023-06-11,Dak Lak,Ea H'leo,Robusta / ca phe nhan xo noi dia,64000,64000.0,1,observed,23.729,88.571,44.1,0.491,Dat do bazan,5,medium,1,Nong Nghiep Moi Truong
2023-06-05,2023-06-11,Dak Nong,Dak R'lap,Robusta / ca phe nhan xo noi dia,64100,64100.0,1,observed,23.3,91.429,96.4,0.502,Dat do bazan,4,low,1,Nong Nghiep Moi Truong
2023-06-05,2023-06-11,Dak Nong,Gia Nghia,Robusta / ca phe nhan xo noi dia,64200,64200.0,1,observed,23.429,88.857,70.3,0.491,Dat do bazan,4,low,1,Nong Nghiep Moi Truong
2023-06-05,2023-06-11,Gia Lai,Chu Prong,Robusta / ca phe nhan xo noi dia,63800,63800.0,1,observed,24.071,90.429,128.4,0.499,Dat do bazan,4,low,1,Nong Nghiep Moi Truong
2023-06-05,2023-06-11,Gia Lai,Ia Grai,Robusta / ca phe nhan xo noi dia,63700,63700.0,1,observed,24.714,90.429,147.8,0.505,Dat do bazan,4,low,1,Nong Nghiep Moi Truong
2023-06-05,2023-06-11,Gia Lai,Pleiku,Robusta / ca phe nhan xo noi dia,63700,63700.0,1,observed,22.414,91.714,96.5,0.495,Dat do bazan,4,low,1,Nong Nghiep Moi Truong
2023-06-05,2023-06-11,Kon Tum,Kon Tum,Robusta / ca phe nhan xo noi dia,63900,63900.0,1,observed,24.243,86.857,76.8,0.486,Dat do vang / dat bazan cuc bo,3,low,1,Nong Nghiep Moi Truong
2023-06-05,2023-06-11,Lam Dong,Bao Loc,Robusta / ca phe nhan xo noi dia,63500,63500.0,1,observed,22.314,90.714,47.8,0.451,Dat do vang tren bazan,4,low,1,Nong Nghiep Moi Truong
2023-06-05,2023-06-11,Lam Dong,Di Linh,Robusta / ca phe nhan xo noi dia,63500,63500.0,1,observed,21.643,91.857,41.9,0.471,Dat do vang tren bazan,4,medium,1,Nong Nghiep Moi Truong
2023-06-05,2023-06-11,Lam Dong,Lam Ha,Robusta / ca phe nhan xo noi dia,63500,63500.0,1,observed,22.929,83.571,22.7,0.432,Dat do vang tren bazan,4,low,1,Nong Nghiep Moi Truong
2023-06-12,2023-06-18,Dak Lak,Buon Ho,Robusta / ca phe nhan xo noi dia,65471,65471.42857142857,7,observed,24.071,85.429,27.6,0.406,Dat do bazan,5,medium,7,Nong Nghiep Moi Truong
2023-06-12,2023-06-18,Dak Lak,Cu M'gar,Robusta / ca phe nhan xo noi dia,65571,65571.42857142857,7,observed,25.214,84.429,59.2,0.468,Dat do bazan,5,high,7,Nong Nghiep Moi Truong
2023-06-12,2023-06-18,Dak Lak,Ea H'leo,Robusta / ca phe nhan xo noi dia,65471,65471.42857142857,7,observed,24.357,85.714,23.1,0.461,Dat do bazan,5,medium,7,Nong Nghiep Moi Truong
2023-06-12,2023-06-18,Dak Nong,Dak R'lap,Robusta / ca phe nhan xo noi dia,65600,65600.0,7,observed,23.471,90.429,94.6,0.491,Dat do bazan,4,low,7,Nong Nghiep Moi Truong
2023-06-12,2023-06-18,Dak Nong,Gia Nghia,Robusta / ca phe nhan xo noi dia,65700,65700.0,7,observed,23.443,89.0,77.0,0.476,Dat do bazan,4,low,7,Nong Nghiep Moi Truong
2023-06-12,2023-06-18,Gia Lai,Chu Prong,Robusta / ca phe nhan xo noi dia,65200,65200.0,7,observed,24.643,89.143,95.9,0.495,Dat do bazan,4,low,7,Nong Nghiep Moi Truong
2023-06-12,2023-06-18,Gia Lai,Ia Grai,Robusta / ca phe nhan xo noi dia,65186,65185.71428571428,7,observed,25.343,88.714,118.8,0.501,Dat do bazan,4,low,7,Nong Nghiep Moi Truong
2023-06-12,2023-06-18,Gia Lai,Pleiku,Robusta / ca phe nhan xo noi dia,65186,65185.71428571428,7,observed,22.957,90.714,62.4,0.486,Dat do bazan,4,low,7,Nong Nghiep Moi Truong
2023-06-12,2023-06-18,Kon Tum,Kon Tum,Robusta / ca phe nhan xo noi dia,65271,65271.42857142857,7,observed,24.629,86.286,37.4,0.475,Dat do vang / dat bazan cuc bo,3,low,7,Nong Nghiep Moi Truong
2023-06-12,2023-06-18,Lam Dong,Bao Loc,Robusta / ca phe nhan xo noi dia,65000,65000.0,7,observed,22.6,88.571,27.4,0.434,Dat do vang tren bazan,4,low,7,Nong Nghiep Moi Truong
2023-06-12,2023-06-18,Lam Dong,Di Linh,Robusta / ca phe nhan xo noi dia,65000,65000.0,7,observed,21.843,90.429,44.4,0.466,Dat do vang tren bazan,4,medium,7,Nong Nghiep Moi Truong
2023-06-12,2023-06-18,Lam Dong,Lam Ha,Robusta / ca phe nhan xo noi dia,65000,65000.0,7,observed,22.857,84.286,53.1,0.402,Dat do vang tren bazan,4,low,7,Nong Nghiep Moi Truong
2023-06-19,2023-06-25,Dak Lak,Buon Ho,Robusta / ca phe nhan xo noi dia,66400,66400.0,1,observed,24.614,83.286,41.3,0.358,Dat do bazan,5,medium,1,Nong Nghiep Moi Truong
2023-06-19,2023-06-25,Dak Lak,Cu M'gar,Robusta / ca phe nhan xo noi dia,66500,66500.0,1,observed,25.529,83.286,55.5,0.436,Dat do bazan,5,high,1,Nong Nghiep Moi Truong
2023-06-19,2023-06-25,Dak Lak,Ea H'leo,Robusta / ca phe nhan xo noi dia,66400,66400.0,1,observed,25.071,83.0,55.7,0.426,Dat do bazan,5,medium,1,Nong Nghiep Moi Truong
2023-06-19,2023-06-25,Dak Nong,Dak R'lap,Robusta / ca phe nhan xo noi dia,66600,66600.0,1,observed,23.886,89.0,62.2,0.49,Dat do bazan,4,low,1,Nong Nghiep Moi Truong
2023-06-19,2023-06-25,Dak Nong,Gia Nghia,Robusta / ca phe nhan xo noi dia,66700,66700.0,1,observed,23.657,89.0,91.4,0.487,Dat do bazan,4,low,1,Nong Nghiep Moi Truong
2023-06-19,2023-06-25,Gia Lai,Chu Prong,Robusta / ca phe nhan xo noi dia,66200,66200.0,1,observed,25.557,85.286,45.6,0.482,Dat do bazan,4,low,1,Nong Nghiep Moi Truong
2023-06-19,2023-06-25,Gia Lai,Ia Grai,Robusta / ca phe nhan xo noi dia,66100,66100.0,1,observed,26.129,85.286,25.5,0.48,Dat do bazan,4,low,1,Nong Nghiep Moi Truong
2023-06-19,2023-06-25,Gia Lai,Pleiku,Robusta / ca phe nhan xo noi dia,66100,66100.0,1,observed,23.871,86.286,22.8,0.44,Dat do bazan,4,low,1,Nong Nghiep Moi Truong
2023-06-19,2023-06-25,Kon Tum,Kon Tum,Robusta / ca phe nhan xo noi dia,66000,66000.0,1,observed,24.814,86.857,31.2,0.463,Dat do vang / dat bazan cuc bo,3,low,1,Nong Nghiep Moi Truong
2023-06-19,2023-06-25,Lam Dong,Bao Loc,Robusta / ca phe nhan xo noi dia,66000,66000.0,1,observed,22.829,88.571,68.5,0.453,Dat do vang tren bazan,4,low,1,Nong Nghiep Moi Truong
2023-06-19,2023-06-25,Lam Dong,Di Linh,Robusta / ca phe nhan xo noi dia,66000,66000.0,1,observed,22.3,88.429,65.3,0.482,Dat do vang tren bazan,4,medium,1,Nong Nghiep Moi Truong
2023-06-19,2023-06-25,Lam Dong,Lam Ha,Robusta / ca phe nhan xo noi dia,66000,66000.0,1,observed,22.857,84.286,37.6,0.433,Dat do vang tren bazan,4,low,1,Nong Nghiep Moi Truong
2023-06-26,2023-07-02,Dak Lak,Buon Ho,Robusta / ca phe nhan xo noi dia,64400,64400.0,2,observed,24.057,86.429,77.5,0.455,Dat do bazan,5,medium,2,Nong Nghiep Moi Truong
2023-06-26,2023-07-02,Dak Lak,Cu M'gar,Robusta / ca phe nhan xo noi dia,64500,64500.0,2,observed,25.214,85.571,113.7,0.483,Dat do bazan,5,high,2,Nong Nghiep Moi Truong
2023-06-26,2023-07-02,Dak Lak,Ea H'leo,Robusta / ca phe nhan xo noi dia,64400,64400.0,2,observed,24.571,84.714,67.9,0.48,Dat do bazan,5,medium,2,Nong Nghiep Moi Truong
2023-06-26,2023-07-02,Dak Nong,Dak R'lap,Robusta / ca phe nhan xo noi dia,64600,64600.0,2,observed,23.486,91.0,105.6,0.501,Dat do bazan,4,low,2,Nong Nghiep Moi Truong
2023-06-26,2023-07-02,Dak Nong,Gia Nghia,Robusta / ca phe nhan xo noi dia,64700,64700.0,2,observed,23.429,89.714,98.2,0.496,Dat do bazan,4,low,2,Nong Nghiep Moi Truong
2023-06-26,2023-07-02,Gia Lai,Chu Prong,Robusta / ca phe nhan xo noi dia,64400,64400.0,2,observed,25.114,86.857,95.2,0.486,Dat do bazan,4,low,2,Nong Nghiep Moi Truong
2023-06-26,2023-07-02,Gia Lai,Ia Grai,Robusta / ca phe nhan xo noi dia,64300,64300.0,2,observed,25.686,87.714,76.5,0.489,Dat do bazan,4,low,2,Nong Nghiep Moi Truong
2023-06-26,2023-07-02,Gia Lai,Pleiku,Robusta / ca phe nhan xo noi dia,64300,64300.0,2,observed,23.343,88.571,59.5,0.456,Dat do bazan,4,low,2,Nong Nghiep Moi Truong
2023-06-26,2023-07-02,Kon Tum,Kon Tum,Robusta / ca phe nhan xo noi dia,64400,64400.0,2,observed,24.571,87.0,62.5,0.477,Dat do vang / dat bazan cuc bo,3,low,2,Nong Nghiep Moi Truong
2023-06-26,2023-07-02,Lam Dong,Bao Loc,Robusta / ca phe nhan xo noi dia,64200,64200.0,2,observed,22.5,89.714,79.2,0.487,Dat do vang tren bazan,4,low,2,Nong Nghiep Moi Truong
2023-06-26,2023-07-02,Lam Dong,Di Linh,Robusta / ca phe nhan xo noi dia,64200,64200.0,2,observed,22.1,88.714,84.1,0.491,Dat do vang tren bazan,4,medium,2,Nong Nghiep Moi Truong
2023-06-26,2023-07-02,Lam Dong,Lam Ha,Robusta / ca phe nhan xo noi dia,64200,64200.0,2,observed,22.671,85.571,65.5,0.47,Dat do vang tren bazan,4,low,2,Nong Nghiep Moi Truong
2023-07-03,2023-07-09,Dak Lak,Buon Ho,Robusta / ca phe nhan xo noi dia,64967,,0,interpolated_area,24.229,84.857,49.4,0.475,Dat do bazan,5,medium,0,
2023-07-03,2023-07-09,Dak Lak,Cu M'gar,Robusta / ca phe nhan xo noi dia,65067,,0,interpolated_area,25.4,83.429,44.1,0.455,Dat do bazan,5,high,0,
2023-07-03,2023-07-09,Dak Lak,Ea H'leo,Robusta / ca phe nhan xo noi dia,64967,,0,interpolated_area,24.829,83.571,48.7,0.468,Dat do bazan,5,medium,0,
2023-07-03,2023-07-09,Dak Nong,Dak R'lap,Robusta / ca phe nhan xo noi dia,65142,,0,interpolated_area,23.657,88.286,65.9,0.489,Dat do bazan,4,low,0,
2023-07-03,2023-07-09,Dak Nong,Gia Nghia,Robusta / ca phe nhan xo noi dia,65242,,0,interpolated_area,23.557,87.429,67.7,0.488,Dat do bazan,4,low,0,
2023-07-03,2023-07-09,Gia Lai,Chu Prong,Robusta / ca phe nhan xo noi dia,64908,,0,interpolated_area,25.557,83.857,54.3,0.476,Dat do bazan,4,low,0,
2023-07-03,2023-07-09,Gia Lai,Ia Grai,Robusta / ca phe nhan xo noi dia,64808,,0,interpolated_area,26.229,84.857,26.2,0.465,Dat do bazan,4,low,0,
2023-07-03,2023-07-09,Gia Lai,Pleiku,Robusta / ca phe nhan xo noi dia,64808,,0,interpolated_area,23.771,85.714,26.9,0.455,Dat do bazan,4,low,0,
2023-07-03,2023-07-09,Kon Tum,Kon Tum,Robusta / ca phe nhan xo noi dia,64900,,0,interpolated_area,24.814,85.0,22.8,0.451,Dat do vang / dat bazan cuc bo,3,low,0,
2023-07-03,2023-07-09,Lam Dong,Bao Loc,Robusta / ca phe nhan xo noi dia,64683,,0,interpolated_area,22.357,88.571,47.4,0.476,Dat do vang tren bazan,4,low,0,
2023-07-03,2023-07-09,Lam Dong,Di Linh,Robusta / ca phe nhan xo noi dia,64683,,0,interpolated_area,22.229,87.0,39.8,0.483,Dat do vang tren bazan,4,medium,0,
2023-07-03,2023-07-09,Lam Dong,Lam Ha,Robusta / ca phe nhan xo noi dia,64683,,0,interpolated_area,22.229,86.0,28.5,0.455,Dat do vang tren bazan,4,low,0,
2023-07-10,2023-07-16,Dak Lak,Buon Ho,Robusta / ca phe nhan xo noi dia,65533,65533.333333333336,6,observed,23.843,87.143,58.6,0.463,Dat do bazan,5,medium,6,Nong Nghiep Moi Truong
2023-07-10,2023-07-16,Dak Lak,Cu M'gar,Robusta / ca phe nhan xo noi dia,65633,65633.33333333333,6,observed,24.857,86.143,114.5,0.458,Dat do bazan,5,high,6,Nong Nghiep Moi Truong
2023-07-10,2023-07-16,Dak Lak,Ea H'leo,Robusta / ca phe nhan xo noi dia,65533,65533.333333333336,6,observed,24.371,85.857,31.1,0.466,Dat do bazan,5,medium,6,Nong Nghiep Moi Truong
2023-07-10,2023-07-16,Dak Nong,Dak R'lap,Robusta / ca phe nhan xo noi dia,65683,65683.33333333333,6,observed,23.529,90.857,119.0,0.494,Dat do bazan,4,low,6,Nong Nghiep Moi Truong
2023-07-10,2023-07-16,Dak Nong,Gia Nghia,Robusta / ca phe nhan xo noi dia,65783,65783.33333333333,6,observed,23.3,90.0,107.5,0.491,Dat do bazan,4,low,6,Nong Nghiep Moi Truong
2023-07-10,2023-07-16,Gia Lai,Chu Prong,Robusta / ca phe nhan xo noi dia,65417,65416.666666666664,6,observed,24.929,86.571,72.0,0.472,Dat do bazan,4,low,6,Nong Nghiep Moi Truong
2023-07-10,2023-07-16,Gia Lai,Ia Grai,Robusta / ca phe nhan xo noi dia,65317,65316.666666666664,6,observed,25.7,87.0,83.1,0.475,Dat do bazan,4,low,6,Nong Nghiep Moi Truong
2023-07-10,2023-07-16,Gia Lai,Pleiku,Robusta / ca phe nhan xo noi dia,65317,65316.666666666664,6,observed,23.4,88.286,64.5,0.459,Dat do bazan,4,low,6,Nong Nghiep Moi Truong
2023-07-10,2023-07-16,Kon Tum,Kon Tum,Robusta / ca phe nhan xo noi dia,65400,65400.0,6,observed,24.871,85.429,51.2,0.457,Dat do vang / dat bazan cuc bo,3,low,6,Nong Nghiep Moi Truong
2023-07-10,2023-07-16,Lam Dong,Bao Loc,Robusta / ca phe nhan xo noi dia,65167,65166.666666666664,6,observed,22.371,90.571,65.6,0.48,Dat do vang tren bazan,4,low,6,Nong Nghiep Moi Truong
2023-07-10,2023-07-16,Lam Dong,Di Linh,Robusta / ca phe nhan xo noi dia,65167,65166.666666666664,6,observed,21.957,90.429,66.9,0.494,Dat do vang tren bazan,4,medium,6,Nong Nghiep Moi Truong
2023-07-10,2023-07-16,Lam Dong,Lam Ha,Robusta / ca phe nhan xo noi dia,65167,65166.666666666664,6,observed,22.371,86.143,37.1,0.466,Dat do vang tren bazan,4,low,6,Nong Nghiep Moi Truong
2023-07-17,2023-07-23,Dak Lak,Buon Ho,Robusta / ca phe nhan xo noi dia,65367,65366.666666666664,3,observed,23.357,88.714,70.4,0.491,Dat do bazan,5,medium,3,Nong Nghiep Moi Truong
2023-07-17,2023-07-23,Dak Lak,Cu M'gar,Robusta / ca phe nhan xo noi dia,65467,65466.666666666664,3,observed,24.571,88.0,93.2,0.499,Dat do bazan,5,high,3,Nong Nghiep Moi Truong
2023-07-17,2023-07-23,Dak Lak,Ea H'leo,Robusta / ca phe nhan xo noi dia,65367,65366.666666666664,3,observed,23.843,88.714,70.6,0.495,Dat do bazan,5,medium,3,Nong Nghiep Moi Truong
2023-07-17,2023-07-23,Dak Nong,Dak R'lap,Robusta / ca phe nhan xo noi dia,65567,65566.66666666667,3,observed,22.957,94.0,123.0,0.504,Dat do bazan,4,low,3,Nong Nghiep Moi Truong
2023-07-17,2023-07-23,Dak Nong,Gia Nghia,Robusta / ca phe nhan xo noi dia,65667,65666.66666666667,3,observed,23.0,92.286,135.5,0.502,Dat do bazan,4,low,3,Nong Nghiep Moi Truong
2023-07-17,2023-07-23,Gia Lai,Chu Prong,Robusta / ca phe nhan xo noi dia,65267,65266.666666666664,3,observed,24.271,90.0,105.1,0.502,Dat do bazan,4,low,3,Nong Nghiep Moi Truong
2023-07-17,2023-07-23,Gia Lai,Ia Grai,Robusta / ca phe nhan xo noi dia,65167,65166.666666666664,3,observed,25.029,90.143,120.4,0.505,Dat do bazan,4,low,3,Nong Nghiep Moi Truong
2023-07-17,2023-07-23,Gia Lai,Pleiku,Robusta / ca phe nhan xo noi dia,65167,65166.666666666664,3,observed,22.8,91.286,81.4,0.501,Dat do bazan,4,low,3,Nong Nghiep Moi Truong
2023-07-17,2023-07-23,Kon Tum,Kon Tum,Robusta / ca phe nhan xo noi dia,65267,65266.666666666664,3,observed,24.286,88.286,88.3,0.494,Dat do vang / dat bazan cuc bo,3,low,3,Nong Nghiep Moi Truong
2023-07-17,2023-07-23,Lam Dong,Bao Loc,Robusta / ca phe nhan xo noi dia,64933,64933.333333333336,3,observed,22.1,92.429,95.2,0.502,Dat do vang tren bazan,4,low,3,Nong Nghiep Moi Truong
2023-07-17,2023-07-23,Lam Dong,Di Linh,Robusta / ca phe nhan xo noi dia,64933,64933.333333333336,3,observed,21.457,93.857,95.7,0.505,Dat do vang tren bazan,4,medium,3,Nong Nghiep Moi Truong
2023-07-17,2023-07-23,Lam Dong,Lam Ha,Robusta / ca phe nhan xo noi dia,64933,64933.333333333336,3,observed,22.386,88.0,88.5,0.483,Dat do vang tren bazan,4,low,3,Nong Nghiep Moi Truong
2023-07-24,2023-07-30,Dak Lak,Buon Ho,Robusta / ca phe nhan xo noi dia,66044,,0,interpolated_area,23.271,89.286,65.2,0.499,Dat do bazan,5,medium,0,
2023-07-24,2023-07-30,Dak Lak,Cu M'gar,Robusta / ca phe nhan xo noi dia,66144,,0,interpolated_area,24.471,88.714,106.9,0.502,Dat do bazan,5,high,0,
2023-07-24,2023-07-30,Dak Lak,Ea H'leo,Robusta / ca phe nhan xo noi dia,66044,,0,interpolated_area,23.686,89.286,63.6,0.497,Dat do bazan,5,medium,0,
2023-07-24,2023-07-30,Dak Nong,Dak R'lap,Robusta / ca phe nhan xo noi dia,66244,,0,interpolated_area,22.657,95.857,170.6,0.509,Dat do bazan,4,low,0,
2023-07-24,2023-07-30,Dak Nong,Gia Nghia,Robusta / ca phe nhan xo noi dia,66344,,0,interpolated_area,22.571,94.0,146.6,0.508,Dat do bazan,4,low,0,
2023-07-24,2023-07-30,Gia Lai,Chu Prong,Robusta / ca phe nhan xo noi dia,65844,,0,interpolated_area,23.714,92.714,197.7,0.507,Dat do bazan,4,low,0,
2023-07-24,2023-07-30,Gia Lai,Ia Grai,Robusta / ca phe nhan xo noi dia,65744,,0,interpolated_area,24.443,93.143,153.3,0.508,Dat do bazan,4,low,0,
2023-07-24,2023-07-30,Gia Lai,Pleiku,Robusta / ca phe nhan xo noi dia,65744,,0,interpolated_area,22.243,93.714,93.9,0.507,Dat do bazan,4,low,0,
2023-07-24,2023-07-30,Kon Tum,Kon Tum,Robusta / ca phe nhan xo noi dia,65844,,0,interpolated_area,24.186,88.714,96.4,0.501,Dat do vang / dat bazan cuc bo,3,low,0,
2023-07-24,2023-07-30,Lam Dong,Bao Loc,Robusta / ca phe nhan xo noi dia,65589,,0,interpolated_area,21.857,93.571,99.2,0.509,Dat do vang tren bazan,4,low,0,
2023-07-24,2023-07-30,Lam Dong,Di Linh,Robusta / ca phe nhan xo noi dia,65589,,0,interpolated_area,21.229,94.714,101.9,0.506,Dat do vang tren bazan,4,medium,0,
2023-07-24,2023-07-30,Lam Dong,Lam Ha,Robusta / ca phe nhan xo noi dia,65589,,0,interpolated_area,22.314,88.571,92.2,0.494,Dat do vang tren bazan,4,low,0,
2023-07-31,2023-08-06,Dak Lak,Buon Ho,Robusta / ca phe nhan xo noi dia,66722,,0,interpolated_area,23.457,88.0,33.7,0.484,Dat do bazan,5,medium,0,
2023-07-31,2023-08-06,Dak Lak,Cu M'gar,Robusta / ca phe nhan xo noi dia,66822,,0,interpolated_area,24.714,86.714,64.8,0.491,Dat do bazan,5,high,0,
2023-07-31,2023-08-06,Dak Lak,Ea H'leo,Robusta / ca phe nhan xo noi dia,66722,,0,interpolated_area,23.743,88.571,43.9,0.493,Dat do bazan,5,medium,0,
2023-07-31,2023-08-06,Dak Nong,Dak R'lap,Robusta / ca phe nhan xo noi dia,66922,,0,interpolated_area,23.029,93.571,77.5,0.501,Dat do bazan,4,low,0,
2023-07-31,2023-08-06,Dak Nong,Gia Nghia,Robusta / ca phe nhan xo noi dia,67022,,0,interpolated_area,23.014,92.143,57.2,0.496,Dat do bazan,4,low,0,
2023-07-31,2023-08-06,Gia Lai,Chu Prong,Robusta / ca phe nhan xo noi dia,66422,,0,interpolated_area,23.8,92.143,120.1,0.502,Dat do bazan,4,low,0,
2023-07-31,2023-08-06,Gia Lai,Ia Grai,Robusta / ca phe nhan xo noi dia,66322,,0,interpolated_area,24.386,92.571,119.0,0.505,Dat do bazan,4,low,0,
2023-07-31,2023-08-06,Gia Lai,Pleiku,Robusta / ca phe nhan xo noi dia,66322,,0,interpolated_area,22.014,94.286,82.5,0.508,Dat do bazan,4,low,0,
2023-07-31,2023-08-06,Kon Tum,Kon Tum,Robusta / ca phe nhan xo noi dia,66422,,0,interpolated_area,24.086,87.571,35.8,0.492,Dat do vang / dat bazan cuc bo,3,low,0,
2023-07-31,2023-08-06,Lam Dong,Bao Loc,Robusta / ca phe nhan xo noi dia,66244,,0,interpolated_area,22.214,92.286,53.4,0.499,Dat do vang tren bazan,4,low,0,
2023-07-31,2023-08-06,Lam Dong,Di Linh,Robusta / ca phe nhan xo noi dia,66244,,0,interpolated_area,21.543,93.429,38.7,0.491,Dat do vang tren bazan,4,medium,0,
2023-07-31,2023-08-06,Lam Dong,Lam Ha,Robusta / ca phe nhan xo noi dia,66244,,0,interpolated_area,22.529,86.714,18.3,0.468,Dat do vang tren bazan,4,low,0,
2023-08-07,2023-08-13,Dak Lak,Buon Ho,Robusta / ca phe nhan xo noi dia,67400,67400.0,1,observed,24.914,80.857,13.8,0.37,Dat do bazan,5,medium,1,Nong Nghiep Moi Truong
2023-08-07,2023-08-13,Dak Lak,Cu M'gar,Robusta / ca phe nhan xo noi dia,67500,67500.0,1,observed,26.086,79.857,18.5,0.424,Dat do bazan,5,high,1,Nong Nghiep Moi Truong
2023-08-07,2023-08-13,Dak Lak,Ea H'leo,Robusta / ca phe nhan xo noi dia,67400,67400.0,1,observed,25.343,80.429,13.7,0.423,Dat do bazan,5,medium,1,Nong Nghiep Moi Truong
2023-08-07,2023-08-13,Dak Nong,Dak R'lap,Robusta / ca phe nhan xo noi dia,67600,67600.0,1,observed,24.114,88.286,42.9,0.488,Dat do bazan,4,low,1,Nong Nghiep Moi Truong
2023-08-07,2023-08-13,Dak Nong,Gia Nghia,Robusta / ca phe nhan xo noi dia,67700,67700.0,1,observed,24.286,85.857,26.4,0.467,Dat do bazan,4,low,1,Nong Nghiep Moi Truong
2023-08-07,2023-08-13,Gia Lai,Chu Prong,Robusta / ca phe nhan xo noi dia,67000,67000.0,1,observed,25.271,85.714,55.1,0.494,Dat do bazan,4,low,1,Nong Nghiep Moi Truong
2023-08-07,2023-08-13,Gia Lai,Ia Grai,Robusta / ca phe nhan xo noi dia,66900,66900.0,1,observed,25.9,86.143,68.9,0.499,Dat do bazan,4,low,1,Nong Nghiep Moi Truong
2023-08-07,2023-08-13,Gia Lai,Pleiku,Robusta / ca phe nhan xo noi dia,66900,66900.0,1,observed,23.414,88.429,39.4,0.49,Dat do bazan,4,low,1,Nong Nghiep Moi Truong
2023-08-07,2023-08-13,Kon Tum,Kon Tum,Robusta / ca phe nhan xo noi dia,67000,67000.0,1,observed,25.257,83.0,19.4,0.445,Dat do vang / dat bazan cuc bo,3,low,1,Nong Nghiep Moi Truong
2023-08-07,2023-08-13,Lam Dong,Bao Loc,Robusta / ca phe nhan xo noi dia,66900,66900.0,1,observed,22.957,89.286,15.7,0.458,Dat do vang tren bazan,4,low,1,Nong Nghiep Moi Truong
2023-08-07,2023-08-13,Lam Dong,Di Linh,Robusta / ca phe nhan xo noi dia,66900,66900.0,1,observed,22.371,90.571,20.4,0.452,Dat do vang tren bazan,4,medium,1,Nong Nghiep Moi Truong
2023-08-07,2023-08-13,Lam Dong,Lam Ha,Robusta / ca phe nhan xo noi dia,66900,66900.0,1,observed,23.571,82.429,6.8,0.369,Dat do vang tren bazan,4,low,1,Nong Nghiep Moi Truong
2023-08-14,2023-08-20,Dak Lak,Buon Ho,Robusta / ca phe nhan xo noi dia,65217,65216.666666666664,6,observed,24.057,86.143,49.9,0.414,Dat do bazan,5,medium,6,Nong Nghiep Moi Truong
2023-08-14,2023-08-20,Dak Lak,Cu M'gar,Robusta / ca phe nhan xo noi dia,65317,65316.666666666664,6,observed,25.029,85.571,69.8,0.475,Dat do bazan,5,high,6,Nong Nghiep Moi Truong
2023-08-14,2023-08-20,Dak Lak,Ea H'leo,Robusta / ca phe nhan xo noi dia,65217,65216.666666666664,6,observed,24.614,85.143,49.9,0.447,Dat do bazan,5,medium,6,Nong Nghiep Moi Truong
2023-08-14,2023-08-20,Dak Nong,Dak R'lap,Robusta / ca phe nhan xo noi dia,65433,65433.333333333336,6,observed,23.471,91.286,107.0,0.497,Dat do bazan,4,low,6,Nong Nghiep Moi Truong
2023-08-14,2023-08-20,Dak Nong,Gia Nghia,Robusta / ca phe nhan xo noi dia,65500,65500.0,6,observed,23.614,89.429,77.5,0.489,Dat do bazan,4,low,6,Nong Nghiep Moi Truong
2023-08-14,2023-08-20,Gia Lai,Chu Prong,Robusta / ca phe nhan xo noi dia,64850,64850.0,6,observed,25.0,87.857,54.3,0.492,Dat do bazan,4,low,6,Nong Nghiep Moi Truong
2023-08-14,2023-08-20,Gia Lai,Ia Grai,Robusta / ca phe nhan xo noi dia,64750,64750.0,6,observed,25.686,88.143,88.5,0.497,Dat do bazan,4,low,6,Nong Nghiep Moi Truong
2023-08-14,2023-08-20,Gia Lai,Pleiku,Robusta / ca phe nhan xo noi dia,64750,64750.0,6,observed,23.371,89.429,47.4,0.485,Dat do bazan,4,low,6,Nong Nghiep Moi Truong
2023-08-14,2023-08-20,Kon Tum,Kon Tum,Robusta / ca phe nhan xo noi dia,64833,64833.333333333336,6,observed,24.843,86.571,39.7,0.466,Dat do vang / dat bazan cuc bo,3,low,6,Nong Nghiep Moi Truong
2023-08-14,2023-08-20,Lam Dong,Bao Loc,Robusta / ca phe nhan xo noi dia,64683,64683.333333333336,6,observed,22.557,90.571,59.8,0.46,Dat do vang tren bazan,4,low,6,Nong Nghiep Moi Truong
2023-08-14,2023-08-20,Lam Dong,Di Linh,Robusta / ca phe nhan xo noi dia,64683,64683.333333333336,6,observed,21.971,91.286,74.3,0.468,Dat do vang tren bazan,4,medium,6,Nong Nghiep Moi Truong
2023-08-14,2023-08-20,Lam Dong,Lam Ha,Robusta / ca phe nhan xo noi dia,64683,64683.333333333336,6,observed,22.743,86.143,52.9,0.437,Dat do vang tren bazan,4,low,6,Nong Nghiep Moi Truong
2023-08-21,2023-08-27,Dak Lak,Buon Ho,Robusta / ca phe nhan xo noi dia,65858,,0,interpolated_area,24.2,85.286,20.1,0.414,Dat do bazan,5,medium,0,
2023-08-21,2023-08-27,Dak Lak,Cu M'gar,Robusta / ca phe nhan xo noi dia,65958,,0,interpolated_area,25.271,84.857,41.8,0.483,Dat do bazan,5,high,0,
2023-08-21,2023-08-27,Dak Lak,Ea H'leo,Robusta / ca phe nhan xo noi dia,65858,,0,interpolated_area,24.571,84.714,27.1,0.459,Dat do bazan,5,medium,0,
2023-08-21,2023-08-27,Dak Nong,Dak R'lap,Robusta / ca phe nhan xo noi dia,66017,,0,interpolated_area,23.857,88.0,74.4,0.498,Dat do bazan,4,low,0,
2023-08-21,2023-08-27,Dak Nong,Gia Nghia,Robusta / ca phe nhan xo noi dia,66100,,0,interpolated_area,24.0,85.286,32.4,0.486,Dat do bazan,4,low,0,
2023-08-21,2023-08-27,Gia Lai,Chu Prong,Robusta / ca phe nhan xo noi dia,65525,,0,interpolated_area,24.786,86.857,95.8,0.499,Dat do bazan,4,low,0,
2023-08-21,2023-08-27,Gia Lai,Ia Grai,Robusta / ca phe nhan xo noi dia,65425,,0,interpolated_area,25.557,86.714,99.3,0.5,Dat do bazan,4,low,0,
2023-08-21,2023-08-27,Gia Lai,Pleiku,Robusta / ca phe nhan xo noi dia,65425,,0,interpolated_area,23.071,89.0,38.5,0.48,Dat do bazan,4,low,0,
2023-08-21,2023-08-27,Kon Tum,Kon Tum,Robusta / ca phe nhan xo noi dia,65467,,0,interpolated_area,24.757,86.143,34.4,0.485,Dat do vang / dat bazan cuc bo,3,low,0,
2023-08-21,2023-08-27,Lam Dong,Bao Loc,Robusta / ca phe nhan xo noi dia,65242,,0,interpolated_area,22.871,88.0,21.5,0.461,Dat do vang tren bazan,4,low,0,
2023-08-21,2023-08-27,Lam Dong,Di Linh,Robusta / ca phe nhan xo noi dia,65242,,0,interpolated_area,22.157,89.857,34.0,0.472,Dat do vang tren bazan,4,medium,0,
2023-08-21,2023-08-27,Lam Dong,Lam Ha,Robusta / ca phe nhan xo noi dia,65242,,0,interpolated_area,23.214,83.0,25.4,0.384,Dat do vang tren bazan,4,low,0,
2023-08-28,2023-09-03,Dak Lak,Buon Ho,Robusta / ca phe nhan xo noi dia,66500,66500.0,1,observed,23.357,88.714,67.6,0.453,Dat do bazan,5,medium,1,Nong Nghiep Moi Truong
2023-08-28,2023-09-03,Dak Lak,Cu M'gar,Robusta / ca phe nhan xo noi dia,66600,66600.0,1,observed,24.543,88.0,92.8,0.5,Dat do bazan,5,high,1,Nong Nghiep Moi Truong
2023-08-28,2023-09-03,Dak Lak,Ea H'leo,Robusta / ca phe nhan xo noi dia,66500,66500.0,1,observed,23.729,88.857,48.3,0.482,Dat do bazan,5,medium,1,Nong Nghiep Moi Truong
2023-08-28,2023-09-03,Dak Nong,Dak R'lap,Robusta / ca phe nhan xo noi dia,66600,66600.0,1,observed,23.086,93.143,141.4,0.506,Dat do bazan,4,low,1,Nong Nghiep Moi Truong
2023-08-28,2023-09-03,Dak Nong,Gia Nghia,Robusta / ca phe nhan xo noi dia,66700,66700.0,1,observed,23.214,90.714,94.0,0.505,Dat do bazan,4,low,1,Nong Nghiep Moi Truong
2023-08-28,2023-09-03,Gia Lai,Chu Prong,Robusta / ca phe nhan xo noi dia,66200,66200.0,1,observed,23.971,92.0,113.3,0.506,Dat do bazan,4,low,1,Nong Nghiep Moi Truong
2023-08-28,2023-09-03,Gia Lai,Ia Grai,Robusta / ca phe nhan xo noi dia,66100,66100.0,1,observed,24.743,91.429,110.6,0.506,Dat do bazan,4,low,1,Nong Nghiep Moi Truong
2023-08-28,2023-09-03,Gia Lai,Pleiku,Robusta / ca phe nhan xo noi dia,66100,66100.0,1,observed,22.529,92.286,58.3,0.498,Dat do bazan,4,low,1,Nong Nghiep Moi Truong
2023-08-28,2023-09-03,Kon Tum,Kon Tum,Robusta / ca phe nhan xo noi dia,66100,66100.0,1,observed,24.2,88.571,61.4,0.498,Dat do vang / dat bazan cuc bo,3,low,1,Nong Nghiep Moi Truong
2023-08-28,2023-09-03,Lam Dong,Bao Loc,Robusta / ca phe nhan xo noi dia,65800,65800.0,1,observed,22.229,91.857,96.5,0.501,Dat do vang tren bazan,4,low,1,Nong Nghiep Moi Truong
2023-08-28,2023-09-03,Lam Dong,Di Linh,Robusta / ca phe nhan xo noi dia,65800,65800.0,1,observed,21.657,93.286,96.0,0.505,Dat do vang tren bazan,4,medium,1,Nong Nghiep Moi Truong
2023-08-28,2023-09-03,Lam Dong,Lam Ha,Robusta / ca phe nhan xo noi dia,65800,65800.0,1,observed,22.786,86.714,56.9,0.462,Dat do vang tren bazan,4,low,1,Nong Nghiep Moi Truong
2023-09-04,2023-09-10,Dak Lak,Buon Ho,Robusta / ca phe nhan xo noi dia,65200,65200.0,1,observed,23.914,87.714,69.0,0.474,Dat do bazan,5,medium,1,Nong Nghiep Moi Truong
2023-09-04,2023-09-10,Dak Lak,Cu M'gar,Robusta / ca phe nhan xo noi dia,65300,65300.0,1,observed,24.943,87.429,73.3,0.487,Dat do bazan,5,high,1,Nong Nghiep Moi Truong
2023-09-04,2023-09-10,Dak Lak,Ea H'leo,Robusta / ca phe nhan xo noi dia,65200,65200.0,1,observed,24.414,87.143,56.4,0.483,Dat do bazan,5,medium,1,Nong Nghiep Moi Truong
2023-09-04,2023-09-10,Dak Nong,Dak R'lap,Robusta / ca phe nhan xo noi dia,65400,65400.0,1,observed,23.343,92.143,69.2,0.494,Dat do bazan,4,low,1,Nong Nghiep Moi Truong
2023-09-04,2023-09-10,Dak Nong,Gia Nghia,Robusta / ca phe nhan xo noi dia,65500,65500.0,1,observed,23.357,90.857,71.1,0.496,Dat do bazan,4,low,1,Nong Nghiep Moi Truong
2023-09-04,2023-09-10,Gia Lai,Chu Prong,Robusta / ca phe nhan xo noi dia,64900,64900.0,1,observed,24.643,89.857,104.2,0.5,Dat do bazan,4,low,1,Nong Nghiep Moi Truong
2023-09-04,2023-09-10,Gia Lai,Ia Grai,Robusta / ca phe nhan xo noi dia,64800,64800.0,1,observed,25.471,89.571,114.7,0.501,Dat do bazan,4,low,1,Nong Nghiep Moi Truong
2023-09-04,2023-09-10,Gia Lai,Pleiku,Robusta / ca phe nhan xo noi dia,64800,64800.0,1,observed,23.1,91.143,73.5,0.492,Dat do bazan,4,low,1,Nong Nghiep Moi Truong
2023-09-04,2023-09-10,Kon Tum,Kon Tum,Robusta / ca phe nhan xo noi dia,64900,64900.0,1,observed,24.414,88.571,55.8,0.488,Dat do vang / dat bazan cuc bo,3,low,1,Nong Nghiep Moi Truong
2023-09-04,2023-09-10,Lam Dong,Bao Loc,Robusta / ca phe nhan xo noi dia,64500,64500.0,1,observed,22.414,91.714,51.4,0.492,Dat do vang tren bazan,4,low,1,Nong Nghiep Moi Truong
2023-09-04,2023-09-10,Lam Dong,Di Linh,Robusta / ca phe nhan xo noi dia,64500,64500.0,1,observed,21.929,91.714,51.3,0.487,Dat do vang tren bazan,4,medium,1,Nong Nghiep Moi Truong
2023-09-04,2023-09-10,Lam Dong,Lam Ha,Robusta / ca phe nhan xo noi dia,64500,64500.0,1,observed,22.586,88.286,51.5,0.492,Dat do vang tren bazan,4,low,1,Nong Nghiep Moi Truong
2023-09-11,2023-09-17,Dak Lak,Buon Ho,Robusta / ca phe nhan xo noi dia,66517,66516.66666666667,6,observed,23.257,88.0,57.3,0.473,Dat do bazan,5,medium,6,Nong Nghiep Moi Truong
2023-09-11,2023-09-17,Dak Lak,Cu M'gar,Robusta / ca phe nhan xo noi dia,66583,66583.33333333333,6,observed,24.357,87.571,80.6,0.49,Dat do bazan,5,high,6,Nong Nghiep Moi Truong
2023-09-11,2023-09-17,Dak Lak,Ea H'leo,Robusta / ca phe nhan xo noi dia,66517,66516.66666666667,6,observed,23.7,87.857,35.2,0.475,Dat do bazan,5,medium,6,Nong Nghiep Moi Truong
2023-09-11,2023-09-17,Dak Nong,Dak R'lap,Robusta / ca phe nhan xo noi dia,66733,66733.33333333333,6,observed,22.986,91.143,64.1,0.496,Dat do bazan,4,low,6,Nong Nghiep Moi Truong
2023-09-11,2023-09-17,Dak Nong,Gia Nghia,Robusta / ca phe nhan xo noi dia,66833,66833.33333333333,6,observed,23.043,90.143,54.0,0.495,Dat do bazan,4,low,6,Nong Nghiep Moi Truong
2023-09-11,2023-09-17,Gia Lai,Chu Prong,Robusta / ca phe nhan xo noi dia,66333,66333.33333333333,6,observed,23.686,91.571,97.1,0.504,Dat do bazan,4,low,6,Nong Nghiep Moi Truong
2023-09-11,2023-09-17,Gia Lai,Ia Grai,Robusta / ca phe nhan xo noi dia,66233,66233.33333333333,6,observed,24.286,92.429,110.5,0.504,Dat do bazan,4,low,6,Nong Nghiep Moi Truong
2023-09-11,2023-09-17,Gia Lai,Pleiku,Robusta / ca phe nhan xo noi dia,66233,66233.33333333333,6,observed,22.029,93.714,68.9,0.502,Dat do bazan,4,low,6,Nong Nghiep Moi Truong
2023-09-11,2023-09-17,Kon Tum,Kon Tum,Robusta / ca phe nhan xo noi dia,66333,66333.33333333333,6,observed,23.743,89.857,58.8,0.491,Dat do vang / dat bazan cuc bo,3,low,6,Nong Nghiep Moi Truong
2023-09-11,2023-09-17,Lam Dong,Bao Loc,Robusta / ca phe nhan xo noi dia,65883,65883.33333333333,6,observed,21.943,91.143,34.7,0.487,Dat do vang tren bazan,4,low,6,Nong Nghiep Moi Truong
2023-09-11,2023-09-17,Lam Dong,Di Linh,Robusta / ca phe nhan xo noi dia,65883,65883.33333333333,6,observed,21.314,91.857,46.3,0.493,Dat do vang tren bazan,4,medium,6,Nong Nghiep Moi Truong
2023-09-11,2023-09-17,Lam Dong,Lam Ha,Robusta / ca phe nhan xo noi dia,65883,65883.33333333333,6,observed,22.071,86.571,25.6,0.47,Dat do vang tren bazan,4,low,6,Nong Nghiep Moi Truong
2023-09-18,2023-09-24,Dak Lak,Buon Ho,Robusta / ca phe nhan xo noi dia,67850,67850.0,2,observed,23.771,86.857,32.2,0.472,Dat do bazan,5,medium,2,Nong Nghiep Moi Truong
2023-09-18,2023-09-24,Dak Lak,Cu M'gar,Robusta / ca phe nhan xo noi dia,67950,67950.0,2,observed,25.029,84.571,52.4,0.476,Dat do bazan,5,high,2,Nong Nghiep Moi Truong
2023-09-18,2023-09-24,Dak Lak,Ea H'leo,Robusta / ca phe nhan xo noi dia,67850,67850.0,2,observed,24.357,84.714,32.1,0.472,Dat do bazan,5,medium,2,Nong Nghiep Moi Truong
2023-09-18,2023-09-24,Dak Nong,Dak R'lap,Robusta / ca phe nhan xo noi dia,68250,68250.0,2,observed,23.171,91.143,98.7,0.496,Dat do bazan,4,low,2,Nong Nghiep Moi Truong
2023-09-18,2023-09-24,Dak Nong,Gia Nghia,Robusta / ca phe nhan xo noi dia,68350,68350.0,2,observed,23.171,90.143,81.6,0.494,Dat do bazan,4,low,2,Nong Nghiep Moi Truong
2023-09-18,2023-09-24,Gia Lai,Chu Prong,Robusta / ca phe nhan xo noi dia,67750,67750.0,2,observed,25.114,84.0,63.3,0.478,Dat do bazan,4,low,2,Nong Nghiep Moi Truong
2023-09-18,2023-09-24,Gia Lai,Ia Grai,Robusta / ca phe nhan xo noi dia,67650,67650.0,2,observed,25.671,85.857,29.3,0.48,Dat do bazan,4,low,2,Nong Nghiep Moi Truong
2023-09-18,2023-09-24,Gia Lai,Pleiku,Robusta / ca phe nhan xo noi dia,67650,67650.0,2,observed,23.214,86.286,37.1,0.463,Dat do bazan,4,low,2,Nong Nghiep Moi Truong
2023-09-18,2023-09-24,Kon Tum,Kon Tum,Robusta / ca phe nhan xo noi dia,67750,67750.0,2,observed,23.914,87.286,27.1,0.469,Dat do vang / dat bazan cuc bo,3,low,2,Nong Nghiep Moi Truong
2023-09-18,2023-09-24,Lam Dong,Bao Loc,Robusta / ca phe nhan xo noi dia,67350,67350.0,2,observed,22.114,90.0,60.2,0.494,Dat do vang tren bazan,4,low,2,Nong Nghiep Moi Truong
2023-09-18,2023-09-24,Lam Dong,Di Linh,Robusta / ca phe nhan xo noi dia,67350,67350.0,2,observed,21.686,89.429,57.7,0.492,Dat do vang tren bazan,4,medium,2,Nong Nghiep Moi Truong
2023-09-18,2023-09-24,Lam Dong,Lam Ha,Robusta / ca phe nhan xo noi dia,67350,67350.0,2,observed,21.914,88.0,42.3,0.474,Dat do vang tren bazan,4,low,2,Nong Nghiep Moi Truong
2023-09-25,2023-10-01,Dak Lak,Buon Ho,Robusta / ca phe nhan xo noi dia,67125,,0,interpolated_area,23.171,88.0,61.3,0.487,Dat do bazan,5,medium,0,
2023-09-25,2023-10-01,Dak Lak,Cu M'gar,Robusta / ca phe nhan xo noi dia,67225,,0,interpolated_area,24.386,87.143,63.0,0.494,Dat do bazan,5,high,0,
2023-09-25,2023-10-01,Dak Lak,Ea H'leo,Robusta / ca phe nhan xo noi dia,67125,,0,interpolated_area,23.571,88.0,61.3,0.488,Dat do bazan,5,medium,0,
2023-09-25,2023-10-01,Dak Nong,Dak R'lap,Robusta / ca phe nhan xo noi dia,67425,,0,interpolated_area,23.029,92.286,107.3,0.502,Dat do bazan,4,low,0,
2023-09-25,2023-10-01,Dak Nong,Gia Nghia,Robusta / ca phe nhan xo noi dia,67525,,0,interpolated_area,22.986,90.857,96.3,0.499,Dat do bazan,4,low,0,
2023-09-25,2023-10-01,Gia Lai,Chu Prong,Robusta / ca phe nhan xo noi dia,67025,,0,interpolated_area,23.929,90.0,110.8,0.501,Dat do bazan,4,low,0,
2023-09-25,2023-10-01,Gia Lai,Ia Grai,Robusta / ca phe nhan xo noi dia,66925,,0,interpolated_area,24.6,90.571,122.4,0.5,Dat do bazan,4,low,0,
2023-09-25,2023-10-01,Gia Lai,Pleiku,Robusta / ca phe nhan xo noi dia,66925,,0,interpolated_area,22.257,91.429,114.7,0.5,Dat do bazan,4,low,0,
2023-09-25,2023-10-01,Kon Tum,Kon Tum,Robusta / ca phe nhan xo noi dia,67025,,0,interpolated_area,23.571,90.0,102.7,0.498,Dat do vang / dat bazan cuc bo,3,low,0,
2023-09-25,2023-10-01,Lam Dong,Bao Loc,Robusta / ca phe nhan xo noi dia,66625,,0,interpolated_area,21.971,90.857,91.1,0.499,Dat do vang tren bazan,4,low,0,
2023-09-25,2023-10-01,Lam Dong,Di Linh,Robusta / ca phe nhan xo noi dia,66625,,0,interpolated_area,21.586,91.143,63.0,0.497,Dat do vang tren bazan,4,medium,0,
2023-09-25,2023-10-01,Lam Dong,Lam Ha,Robusta / ca phe nhan xo noi dia,66625,,0,interpolated_area,22.071,87.0,49.5,0.487,Dat do vang tren bazan,4,low,0,
2023-10-02,2023-10-08,Dak Lak,Buon Ho,Robusta / ca phe nhan xo noi dia,66400,66400.0,1,observed,23.643,89.143,65.2,0.486,Dat do bazan,5,medium,1,Nong Nghiep Moi Truong
2023-10-02,2023-10-08,Dak Lak,Cu M'gar,Robusta / ca phe nhan xo noi dia,66500,66500.0,1,observed,24.814,87.714,70.0,0.49,Dat do bazan,5,high,1,Nong Nghiep Moi Truong
2023-10-02,2023-10-08,Dak Lak,Ea H'leo,Robusta / ca phe nhan xo noi dia,66400,66400.0,1,observed,24.114,88.714,51.3,0.487,Dat do bazan,5,medium,1,Nong Nghiep Moi Truong
2023-10-02,2023-10-08,Dak Nong,Dak R'lap,Robusta / ca phe nhan xo noi dia,66600,66600.0,1,observed,23.486,91.857,63.2,0.494,Dat do bazan,4,low,1,Nong Nghiep Moi Truong
2023-10-02,2023-10-08,Dak Nong,Gia Nghia,Robusta / ca phe nhan xo noi dia,66700,66700.0,1,observed,23.429,90.714,58.8,0.491,Dat do bazan,4,low,1,Nong Nghiep Moi Truong
2023-10-02,2023-10-08,Gia Lai,Chu Prong,Robusta / ca phe nhan xo noi dia,66300,66300.0,1,observed,24.629,90.0,58.6,0.489,Dat do bazan,4,low,1,Nong Nghiep Moi Truong
2023-10-02,2023-10-08,Gia Lai,Ia Grai,Robusta / ca phe nhan xo noi dia,66200,66200.0,1,observed,25.271,90.857,85.9,0.496,Dat do bazan,4,low,1,Nong Nghiep Moi Truong
2023-10-02,2023-10-08,Gia Lai,Pleiku,Robusta / ca phe nhan xo noi dia,66200,66200.0,1,observed,22.986,90.857,67.8,0.495,Dat do bazan,4,low,1,Nong Nghiep Moi Truong
2023-10-02,2023-10-08,Kon Tum,Kon Tum,Robusta / ca phe nhan xo noi dia,66300,66300.0,1,observed,23.914,90.143,41.2,0.492,Dat do vang / dat bazan cuc bo,3,low,1,Nong Nghiep Moi Truong
2023-10-02,2023-10-08,Lam Dong,Bao Loc,Robusta / ca phe nhan xo noi dia,65900,65900.0,1,observed,22.5,90.571,57.9,0.483,Dat do vang tren bazan,4,low,1,Nong Nghiep Moi Truong
2023-10-02,2023-10-08,Lam Dong,Di Linh,Robusta / ca phe nhan xo noi dia,65900,65900.0,1,observed,22.029,90.286,50.1,0.482,Dat do vang tren bazan,4,medium,1,Nong Nghiep Moi Truong
2023-10-02,2023-10-08,Lam Dong,Lam Ha,Robusta / ca phe nhan xo noi dia,65900,65900.0,1,observed,22.329,88.429,60.4,0.494,Dat do vang tren bazan,4,low,1,Nong Nghiep Moi Truong
2023-10-09,2023-10-15,Dak Lak,Buon Ho,Robusta / ca phe nhan xo noi dia,63500,63500.0,3,observed,23.157,89.857,50.4,0.478,Dat do bazan,5,medium,3,Nong Nghiep Moi Truong
2023-10-09,2023-10-15,Dak Lak,Cu M'gar,Robusta / ca phe nhan xo noi dia,63600,63600.0,3,observed,24.6,86.714,67.8,0.492,Dat do bazan,5,high,3,Nong Nghiep Moi Truong
2023-10-09,2023-10-15,Dak Lak,Ea H'leo,Robusta / ca phe nhan xo noi dia,63500,63500.0,3,observed,23.714,88.0,43.8,0.482,Dat do bazan,5,medium,3,Nong Nghiep Moi Truong
2023-10-09,2023-10-15,Dak Nong,Dak R'lap,Robusta / ca phe nhan xo noi dia,63600,63600.0,3,observed,23.257,90.857,81.6,0.489,Dat do bazan,4,low,3,Nong Nghiep Moi Truong
2023-10-09,2023-10-15,Dak Nong,Gia Nghia,Robusta / ca phe nhan xo noi dia,63700,63700.0,3,observed,22.929,90.857,68.4,0.49,Dat do bazan,4,low,3,Nong Nghiep Moi Truong
2023-10-09,2023-10-15,Gia Lai,Chu Prong,Robusta / ca phe nhan xo noi dia,63500,63500.0,3,observed,24.357,88.714,86.1,0.494,Dat do bazan,4,low,3,Nong Nghiep Moi Truong
2023-10-09,2023-10-15,Gia Lai,Ia Grai,Robusta / ca phe nhan xo noi dia,63400,63400.0,3,observed,24.743,90.571,81.3,0.496,Dat do bazan,4,low,3,Nong Nghiep Moi Truong
2023-10-09,2023-10-15,Gia Lai,Pleiku,Robusta / ca phe nhan xo noi dia,63400,63400.0,3,observed,22.614,90.286,108.4,0.496,Dat do bazan,4,low,3,Nong Nghiep Moi Truong
2023-10-09,2023-10-15,Kon Tum,Kon Tum,Robusta / ca phe nhan xo noi dia,63500,63500.0,3,observed,23.343,91.286,82.3,0.497,Dat do vang / dat bazan cuc bo,3,low,3,Nong Nghiep Moi Truong
2023-10-09,2023-10-15,Lam Dong,Bao Loc,Robusta / ca phe nhan xo noi dia,63100,63100.0,3,observed,22.0,91.143,58.2,0.485,Dat do vang tren bazan,4,low,3,Nong Nghiep Moi Truong
2023-10-09,2023-10-15,Lam Dong,Di Linh,Robusta / ca phe nhan xo noi dia,63100,63100.0,3,observed,21.8,89.571,43.7,0.479,Dat do vang tren bazan,4,medium,3,Nong Nghiep Moi Truong
2023-10-09,2023-10-15,Lam Dong,Lam Ha,Robusta / ca phe nhan xo noi dia,63100,63100.0,3,observed,21.557,88.429,59.6,0.49,Dat do vang tren bazan,4,low,3,Nong Nghiep Moi Truong
2023-10-16,2023-10-22,Dak Lak,Buon Ho,Robusta / ca phe nhan xo noi dia,62375,62375.0,4,observed,23.214,89.429,34.6,0.482,Dat do bazan,5,medium,4,Nong Nghiep Moi Truong
2023-10-16,2023-10-22,Dak Lak,Cu M'gar,Robusta / ca phe nhan xo noi dia,62475,62475.0,4,observed,24.6,85.857,52.4,0.483,Dat do bazan,5,high,4,Nong Nghiep Moi Truong
2023-10-16,2023-10-22,Dak Lak,Ea H'leo,Robusta / ca phe nhan xo noi dia,62375,62375.0,4,observed,23.657,88.0,36.3,0.479,Dat do bazan,5,medium,4,Nong Nghiep Moi Truong
2023-10-16,2023-10-22,Dak Nong,Dak R'lap,Robusta / ca phe nhan xo noi dia,62400,62400.0,4,observed,23.129,91.143,60.4,0.493,Dat do bazan,4,low,4,Nong Nghiep Moi Truong
2023-10-16,2023-10-22,Dak Nong,Gia Nghia,Robusta / ca phe nhan xo noi dia,62500,62500.0,4,observed,22.971,90.143,45.7,0.493,Dat do bazan,4,low,4,Nong Nghiep Moi Truong
2023-10-16,2023-10-22,Gia Lai,Chu Prong,Robusta / ca phe nhan xo noi dia,62350,62350.0,4,observed,24.286,88.429,74.7,0.487,Dat do bazan,4,low,4,Nong Nghiep Moi Truong
2023-10-16,2023-10-22,Gia Lai,Ia Grai,Robusta / ca phe nhan xo noi dia,62250,62250.0,4,observed,24.643,90.714,85.2,0.497,Dat do bazan,4,low,4,Nong Nghiep Moi Truong
2023-10-16,2023-10-22,Gia Lai,Pleiku,Robusta / ca phe nhan xo noi dia,62250,62250.0,4,observed,22.329,90.714,89.6,0.493,Dat do bazan,4,low,4,Nong Nghiep Moi Truong
2023-10-16,2023-10-22,Kon Tum,Kon Tum,Robusta / ca phe nhan xo noi dia,62325,62325.0,4,observed,22.971,90.857,119.3,0.492,Dat do vang / dat bazan cuc bo,3,low,4,Nong Nghiep Moi Truong
2023-10-16,2023-10-22,Lam Dong,Bao Loc,Robusta / ca phe nhan xo noi dia,61900,61900.0,4,observed,21.886,91.571,40.1,0.487,Dat do vang tren bazan,4,low,4,Nong Nghiep Moi Truong
2023-10-16,2023-10-22,Lam Dong,Di Linh,Robusta / ca phe nhan xo noi dia,61900,61900.0,4,observed,21.571,90.0,50.0,0.491,Dat do vang tren bazan,4,medium,4,Nong Nghiep Moi Truong
2023-10-16,2023-10-22,Lam Dong,Lam Ha,Robusta / ca phe nhan xo noi dia,61900,61900.0,4,observed,21.414,88.571,53.4,0.484,Dat do vang tren bazan,4,low,4,Nong Nghiep Moi Truong
2023-10-23,2023-10-29,Dak Lak,Buon Ho,Robusta / ca phe nhan xo noi dia,61585,,0,interpolated_area,23.329,88.571,32.0,0.471,Dat do bazan,5,medium,0,
2023-10-23,2023-10-29,Dak Lak,Cu M'gar,Robusta / ca phe nhan xo noi dia,61685,,0,interpolated_area,24.857,84.714,40.5,0.482,Dat do bazan,5,high,0,
2023-10-23,2023-10-29,Dak Lak,Ea H'leo,Robusta / ca phe nhan xo noi dia,61585,,0,interpolated_area,23.8,86.286,23.0,0.431,Dat do bazan,5,medium,0,
2023-10-23,2023-10-29,Dak Nong,Dak R'lap,Robusta / ca phe nhan xo noi dia,61571,,0,interpolated_area,22.871,91.429,73.4,0.49,Dat do bazan,4,low,0,
2023-10-23,2023-10-29,Dak Nong,Gia Nghia,Robusta / ca phe nhan xo noi dia,61671,,0,interpolated_area,22.686,90.429,61.4,0.486,Dat do bazan,4,low,0,
2023-10-23,2023-10-29,Gia Lai,Chu Prong,Robusta / ca phe nhan xo noi dia,61542,,0,interpolated_area,24.686,84.857,51.7,0.475,Dat do bazan,4,low,0,
2023-10-23,2023-10-29,Gia Lai,Ia Grai,Robusta / ca phe nhan xo noi dia,61442,,0,interpolated_area,24.971,88.0,61.9,0.475,Dat do bazan,4,low,0,
2023-10-23,2023-10-29,Gia Lai,Pleiku,Robusta / ca phe nhan xo noi dia,61442,,0,interpolated_area,22.686,88.286,46.3,0.48,Dat do bazan,4,low,0,
2023-10-23,2023-10-29,Kon Tum,Kon Tum,Robusta / ca phe nhan xo noi dia,61515,,0,interpolated_area,23.3,89.0,29.1,0.477,Dat do vang / dat bazan cuc bo,3,low,0,
2023-10-23,2023-10-29,Lam Dong,Bao Loc,Robusta / ca phe nhan xo noi dia,61079,,0,interpolated_area,21.643,91.286,63.4,0.486,Dat do vang tren bazan,4,low,0,
2023-10-23,2023-10-29,Lam Dong,Di Linh,Robusta / ca phe nhan xo noi dia,61079,,0,interpolated_area,21.414,89.429,45.6,0.489,Dat do vang tren bazan,4,medium,0,
2023-10-23,2023-10-29,Lam Dong,Lam Ha,Robusta / ca phe nhan xo noi dia,61079,,0,interpolated_area,21.071,89.143,33.2,0.489,Dat do vang tren bazan,4,low,0,
2023-10-30,2023-11-05,Dak Lak,Buon Ho,Robusta / ca phe nhan xo noi dia,60796,,0,interpolated_area,22.986,90.0,9.1,0.413,Dat do bazan,5,medium,0,
2023-10-30,2023-11-05,Dak Lak,Cu M'gar,Robusta / ca phe nhan xo noi dia,60896,,0,interpolated_area,24.971,83.143,7.0,0.416,Dat do bazan,5,high,0,
2023-10-30,2023-11-05,Dak Lak,Ea H'leo,Robusta / ca phe nhan xo noi dia,60796,,0,interpolated_area,23.643,86.714,14.2,0.41,Dat do bazan,5,medium,0,
2023-10-30,2023-11-05,Dak Nong,Dak R'lap,Robusta / ca phe nhan xo noi dia,60742,,0,interpolated_area,23.329,89.286,39.0,0.484,Dat do bazan,4,low,0,
2023-10-30,2023-11-05,Dak Nong,Gia Nghia,Robusta / ca phe nhan xo noi dia,60842,,0,interpolated_area,23.286,87.286,20.4,0.48,Dat do bazan,4,low,0,
2023-10-30,2023-11-05,Gia Lai,Chu Prong,Robusta / ca phe nhan xo noi dia,60733,,0,interpolated_area,25.314,78.143,18.5,0.405,Dat do bazan,4,low,0,
2023-10-30,2023-11-05,Gia Lai,Ia Grai,Robusta / ca phe nhan xo noi dia,60633,,0,interpolated_area,25.6,81.714,21.4,0.444,Dat do bazan,4,low,0,
2023-10-30,2023-11-05,Gia Lai,Pleiku,Robusta / ca phe nhan xo noi dia,60633,,0,interpolated_area,23.043,83.857,17.5,0.411,Dat do bazan,4,low,0,
2023-10-30,2023-11-05,Kon Tum,Kon Tum,Robusta / ca phe nhan xo noi dia,60704,,0,interpolated_area,24.186,80.857,7.7,0.394,Dat do vang / dat bazan cuc bo,3,low,0,
2023-10-30,2023-11-05,Lam Dong,Bao Loc,Robusta / ca phe nhan xo noi dia,60258,,0,interpolated_area,21.843,90.714,40.2,0.489,Dat do vang tren bazan,4,low,0,
2023-10-30,2023-11-05,Lam Dong,Di Linh,Robusta / ca phe nhan xo noi dia,60258,,0,interpolated_area,21.8,86.571,47.6,0.479,Dat do vang tren bazan,4,medium,0,
2023-10-30,2023-11-05,Lam Dong,Lam Ha,Robusta / ca phe nhan xo noi dia,60258,,0,interpolated_area,21.486,86.714,36.1,0.487,Dat do vang tren bazan,4,low,0,
2023-11-06,2023-11-12,Dak Lak,Buon Ho,Robusta / ca phe nhan xo noi dia,60006,,0,interpolated_area,23.243,89.286,10.8,0.381,Dat do bazan,5,medium,0,
2023-11-06,2023-11-12,Dak Lak,Cu M'gar,Robusta / ca phe nhan xo noi dia,60106,,0,interpolated_area,25.243,81.857,6.7,0.373,Dat do bazan,5,high,0,
2023-11-06,2023-11-12,Dak Lak,Ea H'leo,Robusta / ca phe nhan xo noi dia,60006,,0,interpolated_area,24.057,84.857,10.9,0.347,Dat do bazan,5,medium,0,
2023-11-06,2023-11-12,Dak Nong,Dak R'lap,Robusta / ca phe nhan xo noi dia,59912,,0,interpolated_area,23.314,89.143,21.6,0.464,Dat do bazan,4,low,0,
2023-11-06,2023-11-12,Dak Nong,Gia Nghia,Robusta / ca phe nhan xo noi dia,60012,,0,interpolated_area,23.029,89.0,25.6,0.475,Dat do bazan,4,low,0,
2023-11-06,2023-11-12,Gia Lai,Chu Prong,Robusta / ca phe nhan xo noi dia,59925,,0,interpolated_area,25.614,77.0,16.2,0.348,Dat do bazan,4,low,0,
2023-11-06,2023-11-12,Gia Lai,Ia Grai,Robusta / ca phe nhan xo noi dia,59825,,0,interpolated_area,25.671,81.714,28.0,0.409,Dat do bazan,4,low,0,
2023-11-06,2023-11-12,Gia Lai,Pleiku,Robusta / ca phe nhan xo noi dia,59825,,0,interpolated_area,23.114,84.143,19.6,0.404,Dat do bazan,4,low,0,
2023-11-06,2023-11-12,Kon Tum,Kon Tum,Robusta / ca phe nhan xo noi dia,59894,,0,interpolated_area,23.757,84.0,25.2,0.421,Dat do vang / dat bazan cuc bo,3,low,0,
2023-11-06,2023-11-12,Lam Dong,Bao Loc,Robusta / ca phe nhan xo noi dia,59438,,0,interpolated_area,21.871,89.143,49.1,0.483,Dat do vang tren bazan,4,low,0,
2023-11-06,2023-11-12,Lam Dong,Di Linh,Robusta / ca phe nhan xo noi dia,59438,,0,interpolated_area,21.871,86.429,26.0,0.473,Dat do vang tren bazan,4,medium,0,
2023-11-06,2023-11-12,Lam Dong,Lam Ha,Robusta / ca phe nhan xo noi dia,59438,,0,interpolated_area,21.643,86.0,37.2,0.478,Dat do vang tren bazan,4,low,0,
2023-11-13,2023-11-19,Dak Lak,Buon Ho,Robusta / ca phe nhan xo noi dia,59217,59216.666666666664,6,observed,21.471,87.143,9.2,0.356,Dat do bazan,5,medium,6,Nong Nghiep Moi Truong
2023-11-13,2023-11-19,Dak Lak,Cu M'gar,Robusta / ca phe nhan xo noi dia,59317,59316.666666666664,6,observed,23.6,79.571,7.3,0.335,Dat do bazan,5,high,6,Nong Nghiep Moi Truong
2023-11-13,2023-11-19,Dak Lak,Ea H'leo,Robusta / ca phe nhan xo noi dia,59217,59216.666666666664,6,observed,21.957,84.571,14.9,0.379,Dat do bazan,5,medium,6,Nong Nghiep Moi Truong
2023-11-13,2023-11-19,Dak Nong,Dak R'lap,Robusta / ca phe nhan xo noi dia,59083,59083.333333333336,6,observed,22.786,82.857,7.7,0.45,Dat do bazan,4,low,6,Nong Nghiep Moi Truong
2023-11-13,2023-11-19,Dak Nong,Gia Nghia,Robusta / ca phe nhan xo noi dia,59183,59183.333333333336,6,observed,22.471,83.429,11.1,0.461,Dat do bazan,4,low,6,Nong Nghiep Moi Truong
2023-11-13,2023-11-19,Gia Lai,Chu Prong,Robusta / ca phe nhan xo noi dia,59117,59116.666666666664,6,observed,24.8,67.429,3.0,0.293,Dat do bazan,4,low,6,Nong Nghiep Moi Truong
2023-11-13,2023-11-19,Gia Lai,Ia Grai,Robusta / ca phe nhan xo noi dia,59017,59016.666666666664,6,observed,25.043,70.143,2.3,0.348,Dat do bazan,4,low,6,Nong Nghiep Moi Truong
2023-11-13,2023-11-19,Gia Lai,Pleiku,Robusta / ca phe nhan xo noi dia,59017,59016.666666666664,6,observed,22.014,76.0,3.0,0.319,Dat do bazan,4,low,6,Nong Nghiep Moi Truong
2023-11-13,2023-11-19,Kon Tum,Kon Tum,Robusta / ca phe nhan xo noi dia,59083,59083.333333333336,6,observed,23.171,73.857,3.7,0.356,Dat do vang / dat bazan cuc bo,3,low,6,Nong Nghiep Moi Truong
2023-11-13,2023-11-19,Lam Dong,Bao Loc,Robusta / ca phe nhan xo noi dia,58617,58616.666666666664,6,observed,21.186,87.857,13.0,0.473,Dat do vang tren bazan,4,low,6,Nong Nghiep Moi Truong
2023-11-13,2023-11-19,Lam Dong,Di Linh,Robusta / ca phe nhan xo noi dia,58617,58616.666666666664,6,observed,21.143,85.286,7.8,0.452,Dat do vang tren bazan,4,medium,6,Nong Nghiep Moi Truong
2023-11-13,2023-11-19,Lam Dong,Lam Ha,Robusta / ca phe nhan xo noi dia,58617,58616.666666666664,6,observed,21.329,82.714,12.7,0.468,Dat do vang tren bazan,4,low,6,Nong Nghiep Moi Truong
2023-11-20,2023-11-26,Dak Lak,Buon Ho,Robusta / ca phe nhan xo noi dia,58700,58700.0,1,observed,21.114,84.143,3.3,0.296,Dat do bazan,5,medium,1,Nong Nghiep Moi Truong
2023-11-20,2023-11-26,Dak Lak,Cu M'gar,Robusta / ca phe nhan xo noi dia,58700,,0,province_proxy,23.229,76.429,0.9,0.294,Dat do bazan,5,high,0,
2023-11-20,2023-11-26,Dak Lak,Ea H'leo,Robusta / ca phe nhan xo noi dia,58700,58700.0,1,observed,21.714,80.857,6.2,0.326,Dat do bazan,5,medium,1,Nong Nghiep Moi Truong
2023-11-20,2023-11-26,Dak Nong,Dak R'lap,Robusta / ca phe nhan xo noi dia,59556,,0,interpolated_area,22.543,78.143,1.0,0.391,Dat do bazan,4,low,0,
2023-11-20,2023-11-26,Dak Nong,Gia Nghia,Robusta / ca phe nhan xo noi dia,59656,,0,interpolated_area,22.171,78.571,0.9,0.407,Dat do bazan,4,low,0,
2023-11-20,2023-11-26,Gia Lai,Chu Prong,Robusta / ca phe nhan xo noi dia,58400,,0,province_proxy,24.314,64.286,1.4,0.261,Dat do bazan,4,low,0,
2023-11-20,2023-11-26,Gia Lai,Ia Grai,Robusta / ca phe nhan xo noi dia,58400,58400.0,1,observed,24.714,66.143,0.7,0.284,Dat do bazan,4,low,1,Nong Nghiep Moi Truong
2023-11-20,2023-11-26,Gia Lai,Pleiku,Robusta / ca phe nhan xo noi dia,58400,58400.0,1,observed,21.643,72.0,0.5,0.27,Dat do bazan,4,low,1,Nong Nghiep Moi Truong
2023-11-20,2023-11-26,Kon Tum,Kon Tum,Robusta / ca phe nhan xo noi dia,58500,58500.0,1,observed,22.229,72.571,0.3,0.293,Dat do vang / dat bazan cuc bo,3,low,1,Nong Nghiep Moi Truong
2023-11-20,2023-11-26,Lam Dong,Bao Loc,Robusta / ca phe nhan xo noi dia,58100,58100.0,1,observed,20.571,87.429,6.4,0.43,Dat do vang tren bazan,4,low,1,Nong Nghiep Moi Truong
2023-11-20,2023-11-26,Lam Dong,Di Linh,Robusta / ca phe nhan xo noi dia,58100,58100.0,1,observed,20.829,82.714,7.5,0.407,Dat do vang tren bazan,4,medium,1,Nong Nghiep Moi Truong
2023-11-20,2023-11-26,Lam Dong,Lam Ha,Robusta / ca phe nhan xo noi dia,58100,58100.0,1,observed,20.986,82.0,5.4,0.417,Dat do vang tren bazan,4,low,1,Nong Nghiep Moi Truong
2023-11-27,2023-12-03,Dak Lak,Buon Ho,Robusta / ca phe nhan xo noi dia,59600,,0,interpolated_area,21.829,86.143,5.2,0.274,Dat do bazan,5,medium,0,
2023-11-27,2023-12-03,Dak Lak,Cu M'gar,Robusta / ca phe nhan xo noi dia,59650,,0,interpolated_area,24.014,77.571,1.2,0.285,Dat do bazan,5,high,0,
2023-11-27,2023-12-03,Dak Lak,Ea H'leo,Robusta / ca phe nhan xo noi dia,59600,,0,interpolated_area,22.371,83.714,11.8,0.343,Dat do bazan,5,medium,0,
2023-11-27,2023-12-03,Dak Nong,Dak R'lap,Robusta / ca phe nhan xo noi dia,60028,,0,interpolated_area,23.443,78.143,3.1,0.358,Dat do bazan,4,low,0,
2023-11-27,2023-12-03,Dak Nong,Gia Nghia,Robusta / ca phe nhan xo noi dia,60128,,0,interpolated_area,22.957,79.857,4.8,0.381,Dat do bazan,4,low,0,
2023-11-27,2023-12-03,Gia Lai,Chu Prong,Robusta / ca phe nhan xo noi dia,59450,,0,interpolated_area,25.4,66.286,1.2,0.254,Dat do bazan,4,low,0,
2023-11-27,2023-12-03,Gia Lai,Ia Grai,Robusta / ca phe nhan xo noi dia,59400,,0,interpolated_area,26.029,66.286,3.0,0.266,Dat do bazan,4,low,0,
2023-11-27,2023-12-03,Gia Lai,Pleiku,Robusta / ca phe nhan xo noi dia,59450,,0,interpolated_area,22.7,73.857,0.4,0.267,Dat do bazan,4,low,0,
2023-11-27,2023-12-03,Kon Tum,Kon Tum,Robusta / ca phe nhan xo noi dia,59500,,0,interpolated_area,23.871,71.571,1.6,0.276,Dat do vang / dat bazan cuc bo,3,low,0,
2023-11-27,2023-12-03,Lam Dong,Bao Loc,Robusta / ca phe nhan xo noi dia,58900,,0,interpolated_area,21.371,85.714,6.2,0.416,Dat do vang tren bazan,4,low,0,
2023-11-27,2023-12-03,Lam Dong,Di Linh,Robusta / ca phe nhan xo noi dia,58900,,0,interpolated_area,21.529,81.0,5.5,0.375,Dat do vang tren bazan,4,medium,0,
2023-11-27,2023-12-03,Lam Dong,Lam Ha,Robusta / ca phe nhan xo noi dia,58900,,0,interpolated_area,21.7,79.714,7.7,0.391,Dat do vang tren bazan,4,low,0,
2023-12-04,2023-12-10,Dak Lak,Buon Ho,Robusta / ca phe nhan xo noi dia,60500,60500.0,1,observed,21.786,86.286,1.9,0.271,Dat do bazan,5,medium,1,Nong Nghiep Moi Truong
2023-12-04,2023-12-10,Dak Lak,Cu M'gar,Robusta / ca phe nhan xo noi dia,60600,60600.0,1,observed,24.071,77.143,0.8,0.289,Dat do bazan,5,high,1,Nong Nghiep Moi Truong
2023-12-04,2023-12-10,Dak Lak,Ea H'leo,Robusta / ca phe nhan xo noi dia,60500,60500.0,1,observed,22.529,82.857,4.8,0.36,Dat do bazan,5,medium,1,Nong Nghiep Moi Truong
2023-12-04,2023-12-10,Dak Nong,Dak R'lap,Robusta / ca phe nhan xo noi dia,60500,60500.0,1,observed,23.657,79.143,0.3,0.349,Dat do bazan,4,low,1,Nong Nghiep Moi Truong
2023-12-04,2023-12-10,Dak Nong,Gia Nghia,Robusta / ca phe nhan xo noi dia,60600,60600.0,1,observed,23.229,79.0,0.2,0.368,Dat do bazan,4,low,1,Nong Nghiep Moi Truong
2023-12-04,2023-12-10,Gia Lai,Chu Prong,Robusta / ca phe nhan xo noi dia,60500,60500.0,1,observed,25.2,67.571,1.5,0.253,Dat do bazan,4,low,1,Nong Nghiep Moi Truong
2023-12-04,2023-12-10,Gia Lai,Ia Grai,Robusta / ca phe nhan xo noi dia,60400,60400.0,1,observed,25.714,70.0,1.2,0.261,Dat do bazan,4,low,1,Nong Nghiep Moi Truong
2023-12-04,2023-12-10,Gia Lai,Pleiku,Robusta / ca phe nhan xo noi dia,60500,60500.0,1,observed,22.357,77.0,1.0,0.265,Dat do bazan,4,low,1,Nong Nghiep Moi Truong
2023-12-04,2023-12-10,Kon Tum,Kon Tum,Robusta / ca phe nhan xo noi dia,60500,60500.0,1,observed,23.657,73.571,1.2,0.266,Dat do vang / dat bazan cuc bo,3,low,1,Nong Nghiep Moi Truong
2023-12-04,2023-12-10,Lam Dong,Bao Loc,Robusta / ca phe nhan xo noi dia,59700,59700.0,1,observed,21.343,87.0,3.9,0.392,Dat do vang tren bazan,4,low,1,Nong Nghiep Moi Truong
2023-12-04,2023-12-10,Lam Dong,Di Linh,Robusta / ca phe nhan xo noi dia,59700,59700.0,1,observed,21.486,81.143,4.5,0.342,Dat do vang tren bazan,4,medium,1,Nong Nghiep Moi Truong
2023-12-04,2023-12-10,Lam Dong,Lam Ha,Robusta / ca phe nhan xo noi dia,59700,59700.0,1,observed,21.114,81.571,1.6,0.362,Dat do vang tren bazan,4,low,1,Nong Nghiep Moi Truong
2023-12-11,2023-12-17,Dak Lak,Buon Ho,Robusta / ca phe nhan xo noi dia,65775,65775.0,4,observed,22.086,84.286,2.2,0.22,Dat do bazan,5,medium,4,Nong Nghiep Moi Truong
2023-12-11,2023-12-17,Dak Lak,Cu M'gar,Robusta / ca phe nhan xo noi dia,65875,65875.0,4,observed,24.257,75.857,0.6,0.273,Dat do bazan,5,high,4,Nong Nghiep Moi Truong
2023-12-11,2023-12-17,Dak Lak,Ea H'leo,Robusta / ca phe nhan xo noi dia,65775,65775.0,4,observed,22.771,80.571,4.2,0.285,Dat do bazan,5,medium,4,Nong Nghiep Moi Truong
2023-12-11,2023-12-17,Dak Nong,Dak R'lap,Robusta / ca phe nhan xo noi dia,65775,65775.0,4,observed,23.529,74.857,0.1,0.322,Dat do bazan,4,low,4,Nong Nghiep Moi Truong
2023-12-11,2023-12-17,Dak Nong,Gia Nghia,Robusta / ca phe nhan xo noi dia,65875,65875.0,4,observed,23.014,76.143,0.4,0.341,Dat do bazan,4,low,4,Nong Nghiep Moi Truong
2023-12-11,2023-12-17,Gia Lai,Chu Prong,Robusta / ca phe nhan xo noi dia,65775,65775.0,4,observed,25.429,65.0,0.9,0.241,Dat do bazan,4,low,4,Nong Nghiep Moi Truong
2023-12-11,2023-12-17,Gia Lai,Ia Grai,Robusta / ca phe nhan xo noi dia,65675,65675.0,4,observed,26.0,66.286,0.4,0.246,Dat do bazan,4,low,4,Nong Nghiep Moi Truong
2023-12-11,2023-12-17,Gia Lai,Pleiku,Robusta / ca phe nhan xo noi dia,65675,65675.0,4,observed,22.486,74.571,0.4,0.249,Dat do bazan,4,low,4,Nong Nghiep Moi Truong
2023-12-11,2023-12-17,Kon Tum,Kon Tum,Robusta / ca phe nhan xo noi dia,65775,65775.0,4,observed,23.357,73.143,0.5,0.259,Dat do vang / dat bazan cuc bo,3,low,4,Nong Nghiep Moi Truong
2023-12-11,2023-12-17,Lam Dong,Bao Loc,Robusta / ca phe nhan xo noi dia,65225,65225.0,4,observed,21.129,81.857,0.5,0.317,Dat do vang tren bazan,4,low,4,Nong Nghiep Moi Truong
2023-12-11,2023-12-17,Lam Dong,Di Linh,Robusta / ca phe nhan xo noi dia,65225,65225.0,4,observed,21.7,72.0,0.2,0.257,Dat do vang tren bazan,4,medium,4,Nong Nghiep Moi Truong
2023-12-11,2023-12-17,Lam Dong,Lam Ha,Robusta / ca phe nhan xo noi dia,65225,65225.0,4,observed,20.771,74.571,0.7,0.297,Dat do vang tren bazan,4,low,4,Nong Nghiep Moi Truong
2023-12-18,2023-12-24,Dak Lak,Buon Ho,Robusta / ca phe nhan xo noi dia,67367,67366.66666666667,3,observed,20.8,78.857,0.5,0.222,Dat do bazan,5,medium,3,Nong Nghiep Moi Truong
2023-12-18,2023-12-24,Dak Lak,Cu M'gar,Robusta / ca phe nhan xo noi dia,67467,67466.66666666667,3,observed,23.029,70.857,0.6,0.278,Dat do bazan,5,high,3,Nong Nghiep Moi Truong
2023-12-18,2023-12-24,Dak Lak,Ea H'leo,Robusta / ca phe nhan xo noi dia,67367,67366.66666666667,3,observed,20.671,79.286,1.7,0.287,Dat do bazan,5,medium,3,Nong Nghiep Moi Truong
2023-12-18,2023-12-24,Dak Nong,Dak R'lap,Robusta / ca phe nhan xo noi dia,67367,67366.66666666667,3,observed,22.157,74.143,2.4,0.314,Dat do bazan,4,low,3,Nong Nghiep Moi Truong
2023-12-18,2023-12-24,Dak Nong,Gia Nghia,Robusta / ca phe nhan xo noi dia,67467,67466.66666666667,3,observed,21.486,76.857,2.4,0.329,Dat do bazan,4,low,3,Nong Nghiep Moi Truong
2023-12-18,2023-12-24,Gia Lai,Chu Prong,Robusta / ca phe nhan xo noi dia,67367,67366.66666666667,3,observed,23.929,59.714,0.2,0.249,Dat do bazan,4,low,3,Nong Nghiep Moi Truong
2023-12-18,2023-12-24,Gia Lai,Ia Grai,Robusta / ca phe nhan xo noi dia,67267,67266.66666666667,3,observed,24.457,59.857,1.1,0.248,Dat do bazan,4,low,3,Nong Nghiep Moi Truong
2023-12-18,2023-12-24,Gia Lai,Pleiku,Robusta / ca phe nhan xo noi dia,67300,67300.0,3,observed,20.9,68.143,0.2,0.251,Dat do bazan,4,low,3,Nong Nghiep Moi Truong
2023-12-18,2023-12-24,Kon Tum,Kon Tum,Robusta / ca phe nhan xo noi dia,67367,67366.66666666667,3,observed,22.171,65.143,0.0,0.255,Dat do vang / dat bazan cuc bo,3,low,3,Nong Nghiep Moi Truong
2023-12-18,2023-12-24,Lam Dong,Bao Loc,Robusta / ca phe nhan xo noi dia,66767,66766.66666666667,3,observed,20.143,83.286,8.6,0.305,Dat do vang tren bazan,4,low,3,Nong Nghiep Moi Truong
2023-12-18,2023-12-24,Lam Dong,Di Linh,Robusta / ca phe nhan xo noi dia,66767,66766.66666666667,3,observed,20.529,79.286,19.4,0.277,Dat do vang tren bazan,4,medium,3,Nong Nghiep Moi Truong
2023-12-18,2023-12-24,Lam Dong,Lam Ha,Robusta / ca phe nhan xo noi dia,66767,66766.66666666667,3,observed,21.086,76.0,10.6,0.316,Dat do vang tren bazan,4,low,3,Nong Nghiep Moi Truong
2023-12-25,2023-12-31,Dak Lak,Buon Ho,Robusta / ca phe nhan xo noi dia,67833,,0,interpolated_area,20.886,84.0,1.8,0.221,Dat do bazan,5,medium,0,
2023-12-25,2023-12-31,Dak Lak,Cu M'gar,Robusta / ca phe nhan xo noi dia,67933,,0,interpolated_area,23.129,75.286,0.0,0.285,Dat do bazan,5,high,0,
2023-12-25,2023-12-31,Dak Lak,Ea H'leo,Robusta / ca phe nhan xo noi dia,67833,,0,interpolated_area,21.429,81.429,2.7,0.278,Dat do bazan,5,medium,0,
2023-12-25,2023-12-31,Dak Nong,Dak R'lap,Robusta / ca phe nhan xo noi dia,67833,,0,interpolated_area,22.757,75.714,2.8,0.309,Dat do bazan,4,low,0,
2023-12-25,2023-12-31,Dak Nong,Gia Nghia,Robusta / ca phe nhan xo noi dia,67933,,0,interpolated_area,22.186,77.0,1.6,0.329,Dat do bazan,4,low,0,
2023-12-25,2023-12-31,Gia Lai,Chu Prong,Robusta / ca phe nhan xo noi dia,67833,,0,interpolated_area,24.286,65.0,2.3,0.252,Dat do bazan,4,low,0,
2023-12-25,2023-12-31,Gia Lai,Ia Grai,Robusta / ca phe nhan xo noi dia,67733,,0,interpolated_area,25.057,64.857,2.2,0.255,Dat do bazan,4,low,0,
2023-12-25,2023-12-31,Gia Lai,Pleiku,Robusta / ca phe nhan xo noi dia,67750,,0,interpolated_area,21.671,72.714,1.5,0.254,Dat do bazan,4,low,0,
2023-12-25,2023-12-31,Kon Tum,Kon Tum,Robusta / ca phe nhan xo noi dia,67833,,0,interpolated_area,22.643,70.857,0.7,0.268,Dat do vang / dat bazan cuc bo,3,low,0,
2023-12-25,2023-12-31,Lam Dong,Bao Loc,Robusta / ca phe nhan xo noi dia,67133,,0,interpolated_area,20.729,83.0,4.1,0.312,Dat do vang tren bazan,4,low,0,
2023-12-25,2023-12-31,Lam Dong,Di Linh,Robusta / ca phe nhan xo noi dia,67133,,0,interpolated_area,21.157,77.857,2.8,0.322,Dat do vang tren bazan,4,medium,0,
2023-12-25,2023-12-31,Lam Dong,Lam Ha,Robusta / ca phe nhan xo noi dia,67133,,0,interpolated_area,21.214,77.286,3.7,0.307,Dat do vang tren bazan,4,low,0,
2024-01-01,2024-01-07,Dak Lak,Buon Ho,Robusta / ca phe nhan xo noi dia,68300,68300.0,1,observed,20.543,83.143,0.6,0.209,Dat do bazan,5,medium,1,Nong Nghiep Moi Truong
2024-01-01,2024-01-07,Dak Lak,Cu M'gar,Robusta / ca phe nhan xo noi dia,68400,68400.0,1,observed,22.757,74.286,0.0,0.273,Dat do bazan,5,high,1,Nong Nghiep Moi Truong
2024-01-01,2024-01-07,Dak Lak,Ea H'leo,Robusta / ca phe nhan xo noi dia,68300,68300.0,1,observed,21.2,80.143,0.9,0.257,Dat do bazan,5,medium,1,Nong Nghiep Moi Truong
2024-01-01,2024-01-07,Dak Nong,Dak R'lap,Robusta / ca phe nhan xo noi dia,68300,68300.0,1,observed,23.071,71.286,2.2,0.302,Dat do bazan,4,low,1,Nong Nghiep Moi Truong
2024-01-01,2024-01-07,Dak Nong,Gia Nghia,Robusta / ca phe nhan xo noi dia,68400,68400.0,1,observed,22.329,73.857,0.1,0.321,Dat do bazan,4,low,1,Nong Nghiep Moi Truong
2024-01-01,2024-01-07,Gia Lai,Chu Prong,Robusta / ca phe nhan xo noi dia,68300,68300.0,1,observed,23.629,65.714,0.0,0.255,Dat do bazan,4,low,1,Nong Nghiep Moi Truong
2024-01-01,2024-01-07,Gia Lai,Ia Grai,Robusta / ca phe nhan xo noi dia,68200,68200.0,1,observed,24.571,64.286,0.0,0.256,Dat do bazan,4,low,1,Nong Nghiep Moi Truong
2024-01-01,2024-01-07,Gia Lai,Pleiku,Robusta / ca phe nhan xo noi dia,68200,68200.0,1,observed,20.871,73.857,0.3,0.257,Dat do bazan,4,low,1,Nong Nghiep Moi Truong
2024-01-01,2024-01-07,Kon Tum,Kon Tum,Robusta / ca phe nhan xo noi dia,68300,68300.0,1,observed,22.286,68.429,0.0,0.261,Dat do vang / dat bazan cuc bo,3,low,1,Nong Nghiep Moi Truong
2024-01-01,2024-01-07,Lam Dong,Bao Loc,Robusta / ca phe nhan xo noi dia,67500,67500.0,1,observed,21.114,80.857,4.5,0.293,Dat do vang tren bazan,4,low,1,Nong Nghiep Moi Truong
2024-01-01,2024-01-07,Lam Dong,Di Linh,Robusta / ca phe nhan xo noi dia,67500,67500.0,1,observed,21.343,75.286,9.1,0.263,Dat do vang tren bazan,4,medium,1,Nong Nghiep Moi Truong
2024-01-01,2024-01-07,Lam Dong,Lam Ha,Robusta / ca phe nhan xo noi dia,67500,67500.0,1,observed,20.914,77.143,3.0,0.292,Dat do vang tren bazan,4,low,1,Nong Nghiep Moi Truong
2024-01-08,2024-01-14,Dak Lak,Buon Ho,Robusta / ca phe nhan xo noi dia,70500,70500.0,5,observed,20.386,81.0,0.1,0.187,Dat do bazan,5,medium,5,Nong Nghiep Moi Truong
2024-01-08,2024-01-14,Dak Lak,Cu M'gar,Robusta / ca phe nhan xo noi dia,70600,70600.0,5,observed,22.629,72.857,0.0,0.262,Dat do bazan,5,high,5,Nong Nghiep Moi Truong
2024-01-08,2024-01-14,Dak Lak,Ea H'leo,Robusta / ca phe nhan xo noi dia,70500,70500.0,5,observed,21.257,76.571,0.1,0.226,Dat do bazan,5,medium,5,Nong Nghiep Moi Truong
2024-01-08,2024-01-14,Dak Nong,Dak R'lap,Robusta / ca phe nhan xo noi dia,70600,70600.0,5,observed,22.614,71.143,0.0,0.297,Dat do bazan,4,low,5,Nong Nghiep Moi Truong
2024-01-08,2024-01-14,Dak Nong,Gia Nghia,Robusta / ca phe nhan xo noi dia,70700,70700.0,5,observed,21.986,72.857,0.0,0.31,Dat do bazan,4,low,5,Nong Nghiep Moi Truong
2024-01-08,2024-01-14,Gia Lai,Chu Prong,Robusta / ca phe nhan xo noi dia,70560,70560.0,5,observed,23.529,66.0,0.0,0.243,Dat do bazan,4,low,5,Nong Nghiep Moi Truong
2024-01-08,2024-01-14,Gia Lai,Ia Grai,Robusta / ca phe nhan xo noi dia,70460,70460.0,5,observed,24.671,64.857,0.0,0.241,Dat do bazan,4,low,5,Nong Nghiep Moi Truong
2024-01-08,2024-01-14,Gia Lai,Pleiku,Robusta / ca phe nhan xo noi dia,70460,70460.0,5,observed,20.857,74.286,0.0,0.244,Dat do bazan,4,low,5,Nong Nghiep Moi Truong
2024-01-08,2024-01-14,Kon Tum,Kon Tum,Robusta / ca phe nhan xo noi dia,70540,70540.0,5,observed,22.371,69.0,0.0,0.248,Dat do vang / dat bazan cuc bo,3,low,5,Nong Nghiep Moi Truong
2024-01-08,2024-01-14,Lam Dong,Bao Loc,Robusta / ca phe nhan xo noi dia,69960,69960.0,5,observed,20.829,78.143,0.1,0.282,Dat do vang tren bazan,4,low,5,Nong Nghiep Moi Truong
2024-01-08,2024-01-14,Lam Dong,Di Linh,Robusta / ca phe nhan xo noi dia,69960,69960.0,5,observed,21.343,68.714,0.2,0.23,Dat do vang tren bazan,4,medium,5,Nong Nghiep Moi Truong
2024-01-08,2024-01-14,Lam Dong,Lam Ha,Robusta / ca phe nhan xo noi dia,69960,69960.0,5,observed,20.4,73.0,0.1,0.278,Dat do vang tren bazan,4,low,5,Nong Nghiep Moi Truong
2024-01-15,2024-01-21,Dak Lak,Buon Ho,Robusta / ca phe nhan xo noi dia,71583,71583.33333333333,6,observed,20.3,80.571,0.1,0.181,Dat do bazan,5,medium,6,Nong Nghiep Moi Truong
2024-01-15,2024-01-21,Dak Lak,Cu M'gar,Robusta / ca phe nhan xo noi dia,71683,71683.33333333333,6,observed,22.614,71.857,0.0,0.256,Dat do bazan,5,high,6,Nong Nghiep Moi Truong
2024-01-15,2024-01-21,Dak Lak,Ea H'leo,Robusta / ca phe nhan xo noi dia,71583,71583.33333333333,6,observed,21.314,74.286,0.2,0.217,Dat do bazan,5,medium,6,Nong Nghiep Moi Truong
2024-01-15,2024-01-21,Dak Nong,Dak R'lap,Robusta / ca phe nhan xo noi dia,71617,71616.66666666667,6,observed,22.929,69.0,0.0,0.295,Dat do bazan,4,low,6,Nong Nghiep Moi Truong
2024-01-15,2024-01-21,Dak Nong,Gia Nghia,Robusta / ca phe nhan xo noi dia,71717,71716.66666666667,6,observed,22.157,71.429,0.1,0.305,Dat do bazan,4,low,6,Nong Nghiep Moi Truong
2024-01-15,2024-01-21,Gia Lai,Chu Prong,Robusta / ca phe nhan xo noi dia,71633,71633.33333333333,6,observed,23.6,62.857,0.0,0.241,Dat do bazan,4,low,6,Nong Nghiep Moi Truong
2024-01-15,2024-01-21,Gia Lai,Ia Grai,Robusta / ca phe nhan xo noi dia,71533,71533.33333333333,6,observed,24.757,61.571,0.0,0.241,Dat do bazan,4,low,6,Nong Nghiep Moi Truong
2024-01-15,2024-01-21,Gia Lai,Pleiku,Robusta / ca phe nhan xo noi dia,71533,71533.33333333333,6,observed,21.014,70.429,0.0,0.244,Dat do bazan,4,low,6,Nong Nghiep Moi Truong
2024-01-15,2024-01-21,Kon Tum,Kon Tum,Robusta / ca phe nhan xo noi dia,71550,71550.0,6,observed,22.029,67.143,0.0,0.248,Dat do vang / dat bazan cuc bo,3,low,6,Nong Nghiep Moi Truong
2024-01-15,2024-01-21,Lam Dong,Bao Loc,Robusta / ca phe nhan xo noi dia,71050,71050.0,6,observed,21.043,77.429,3.4,0.278,Dat do vang tren bazan,4,low,6,Nong Nghiep Moi Truong
2024-01-15,2024-01-21,Lam Dong,Di Linh,Robusta / ca phe nhan xo noi dia,71050,71050.0,6,observed,21.214,73.429,11.3,0.237,Dat do vang tren bazan,4,medium,6,Nong Nghiep Moi Truong
2024-01-15,2024-01-21,Lam Dong,Lam Ha,Robusta / ca phe nhan xo noi dia,71050,71050.0,6,observed,20.986,74.143,4.9,0.281,Dat do vang tren bazan,4,low,6,Nong Nghiep Moi Truong
2024-01-22,2024-01-28,Dak Lak,Buon Ho,Robusta / ca phe nhan xo noi dia,75117,,0,interpolated_area,20.014,78.429,1.1,0.178,Dat do bazan,5,medium,0,
2024-01-22,2024-01-28,Dak Lak,Cu M'gar,Robusta / ca phe nhan xo noi dia,75217,,0,interpolated_area,22.329,69.714,0.0,0.256,Dat do bazan,5,high,0,
2024-01-22,2024-01-28,Dak Lak,Ea H'leo,Robusta / ca phe nhan xo noi dia,75117,,0,interpolated_area,20.6,75.0,0.9,0.218,Dat do bazan,5,medium,0,
2024-01-22,2024-01-28,Dak Nong,Dak R'lap,Robusta / ca phe nhan xo noi dia,75358,,0,interpolated_area,22.386,68.286,0.0,0.295,Dat do bazan,4,low,0,
2024-01-22,2024-01-28,Dak Nong,Gia Nghia,Robusta / ca phe nhan xo noi dia,75458,,0,interpolated_area,21.657,71.0,0.0,0.31,Dat do bazan,4,low,0,
2024-01-22,2024-01-28,Gia Lai,Chu Prong,Robusta / ca phe nhan xo noi dia,75092,,0,interpolated_area,23.0,62.286,0.0,0.231,Dat do bazan,4,low,0,
2024-01-22,2024-01-28,Gia Lai,Ia Grai,Robusta / ca phe nhan xo noi dia,74992,,0,interpolated_area,24.386,58.857,0.0,0.233,Dat do bazan,4,low,0,
2024-01-22,2024-01-28,Gia Lai,Pleiku,Robusta / ca phe nhan xo noi dia,74992,,0,interpolated_area,20.386,69.286,0.0,0.239,Dat do bazan,4,low,0,
2024-01-22,2024-01-28,Kon Tum,Kon Tum,Robusta / ca phe nhan xo noi dia,75025,,0,interpolated_area,21.8,64.429,0.0,0.243,Dat do vang / dat bazan cuc bo,3,low,0,
2024-01-22,2024-01-28,Lam Dong,Bao Loc,Robusta / ca phe nhan xo noi dia,74525,,0,interpolated_area,20.7,74.286,0.0,0.271,Dat do vang tren bazan,4,low,0,
2024-01-22,2024-01-28,Lam Dong,Di Linh,Robusta / ca phe nhan xo noi dia,74525,,0,interpolated_area,20.886,64.857,0.0,0.213,Dat do vang tren bazan,4,medium,0,
2024-01-22,2024-01-28,Lam Dong,Lam Ha,Robusta / ca phe nhan xo noi dia,74525,,0,interpolated_area,20.729,67.286,0.0,0.267,Dat do vang tren bazan,4,low,0,
2024-01-29,2024-02-04,Dak Lak,Buon Ho,Robusta / ca phe nhan xo noi dia,78650,78650.0,2,observed,21.471,78.857,0.4,0.181,Dat do bazan,5,medium,2,Nong Nghiep Moi Truong
2024-01-29,2024-02-04,Dak Lak,Cu M'gar,Robusta / ca phe nhan xo noi dia,78750,78750.0,2,observed,24.086,68.143,0.0,0.249,Dat do bazan,5,high,2,Nong Nghiep Moi Truong
2024-01-29,2024-02-04,Dak Lak,Ea H'leo,Robusta / ca phe nhan xo noi dia,78650,78650.0,2,observed,22.5,72.429,0.2,0.215,Dat do bazan,5,medium,2,Nong Nghiep Moi Truong
2024-01-29,2024-02-04,Dak Nong,Dak R'lap,Robusta / ca phe nhan xo noi dia,79100,79100.0,2,observed,23.786,69.857,1.0,0.294,Dat do bazan,4,low,2,Nong Nghiep Moi Truong
2024-01-29,2024-02-04,Dak Nong,Gia Nghia,Robusta / ca phe nhan xo noi dia,79200,79200.0,2,observed,23.257,69.857,0.1,0.301,Dat do bazan,4,low,2,Nong Nghiep Moi Truong
2024-01-29,2024-02-04,Gia Lai,Chu Prong,Robusta / ca phe nhan xo noi dia,78550,78550.0,2,observed,24.914,61.143,0.0,0.231,Dat do bazan,4,low,2,Nong Nghiep Moi Truong
2024-01-29,2024-02-04,Gia Lai,Ia Grai,Robusta / ca phe nhan xo noi dia,78450,78450.0,2,observed,25.829,61.286,0.0,0.237,Dat do bazan,4,low,2,Nong Nghiep Moi Truong
2024-01-29,2024-02-04,Gia Lai,Pleiku,Robusta / ca phe nhan xo noi dia,78450,78450.0,2,observed,22.429,69.0,0.8,0.242,Dat do bazan,4,low,2,Nong Nghiep Moi Truong
2024-01-29,2024-02-04,Kon Tum,Kon Tum,Robusta / ca phe nhan xo noi dia,78500,78500.0,2,observed,23.586,67.429,0.0,0.245,Dat do vang / dat bazan cuc bo,3,low,2,Nong Nghiep Moi Truong
2024-01-29,2024-02-04,Lam Dong,Bao Loc,Robusta / ca phe nhan xo noi dia,78000,78000.0,2,observed,21.543,75.429,0.1,0.261,Dat do vang tren bazan,4,low,2,Nong Nghiep Moi Truong
2024-01-29,2024-02-04,Lam Dong,Di Linh,Robusta / ca phe nhan xo noi dia,78000,78000.0,2,observed,22.029,68.714,0.1,0.197,Dat do vang tren bazan,4,medium,2,Nong Nghiep Moi Truong
2024-01-29,2024-02-04,Lam Dong,Lam Ha,Robusta / ca phe nhan xo noi dia,78000,78000.0,2,observed,21.614,70.143,0.4,0.249,Dat do vang tren bazan,4,low,2,Nong Nghiep Moi Truong
2024-02-05,2024-02-11,Dak Lak,Buon Ho,Robusta / ca phe nhan xo noi dia,78975,,0,interpolated_area,22.657,76.143,0.3,0.175,Dat do bazan,5,medium,0,
2024-02-05,2024-02-11,Dak Lak,Cu M'gar,Robusta / ca phe nhan xo noi dia,79058,,0,interpolated_area,25.057,68.0,0.1,0.266,Dat do bazan,5,high,0,
2024-02-05,2024-02-11,Dak Lak,Ea H'leo,Robusta / ca phe nhan xo noi dia,78975,,0,interpolated_area,23.4,71.714,0.4,0.213,Dat do bazan,5,medium,0,
2024-02-05,2024-02-11,Dak Nong,Dak R'lap,Robusta / ca phe nhan xo noi dia,79325,,0,interpolated_area,23.871,74.429,3.2,0.319,Dat do bazan,4,low,0,
2024-02-05,2024-02-11,Dak Nong,Gia Nghia,Robusta / ca phe nhan xo noi dia,79425,,0,interpolated_area,23.686,74.143,2.1,0.307,Dat do bazan,4,low,0,
2024-02-05,2024-02-11,Gia Lai,Chu Prong,Robusta / ca phe nhan xo noi dia,78908,,0,interpolated_area,25.857,60.857,0.9,0.257,Dat do bazan,4,low,0,
2024-02-05,2024-02-11,Gia Lai,Ia Grai,Robusta / ca phe nhan xo noi dia,78808,,0,interpolated_area,26.829,61.429,0.1,0.251,Dat do bazan,4,low,0,
2024-02-05,2024-02-11,Gia Lai,Pleiku,Robusta / ca phe nhan xo noi dia,78808,,0,interpolated_area,23.229,69.143,1.6,0.264,Dat do bazan,4,low,0,
2024-02-05,2024-02-11,Kon Tum,Kon Tum,Robusta / ca phe nhan xo noi dia,78867,,0,interpolated_area,24.514,67.143,0.6,0.256,Dat do vang / dat bazan cuc bo,3,low,0,
2024-02-05,2024-02-11,Lam Dong,Bao Loc,Robusta / ca phe nhan xo noi dia,78300,,0,interpolated_area,22.071,77.571,2.1,0.278,Dat do vang tren bazan,4,low,0,
2024-02-05,2024-02-11,Lam Dong,Di Linh,Robusta / ca phe nhan xo noi dia,78300,,0,interpolated_area,22.214,71.857,1.9,0.222,Dat do vang tren bazan,4,medium,0,
2024-02-05,2024-02-11,Lam Dong,Lam Ha,Robusta / ca phe nhan xo noi dia,78300,,0,interpolated_area,22.029,73.143,0.6,0.266,Dat do vang tren bazan,4,low,0,
2024-02-12,2024-02-18,Dak Lak,Buon Ho,Robusta / ca phe nhan xo noi dia,79300,79300.0,6,observed,21.3,79.0,0.0,0.174,Dat do bazan,5,medium,6,Nong Nghiep Moi Truong
2024-02-12,2024-02-18,Dak Lak,Cu M'gar,Robusta / ca phe nhan xo noi dia,79367,79366.66666666667,6,observed,23.771,69.857,0.0,0.259,Dat do bazan,5,high,6,Nong Nghiep Moi Truong
2024-02-12,2024-02-18,Dak Lak,Ea H'leo,Robusta / ca phe nhan xo noi dia,79300,79300.0,6,observed,22.286,74.143,0.3,0.213,Dat do bazan,5,medium,6,Nong Nghiep Moi Truong
2024-02-12,2024-02-18,Dak Nong,Dak R'lap,Robusta / ca phe nhan xo noi dia,79550,79550.0,6,observed,23.886,67.714,0.6,0.309,Dat do bazan,4,low,6,Nong Nghiep Moi Truong
2024-02-12,2024-02-18,Dak Nong,Gia Nghia,Robusta / ca phe nhan xo noi dia,79650,79650.0,6,observed,23.443,67.714,0.0,0.307,Dat do bazan,4,low,6,Nong Nghiep Moi Truong
2024-02-12,2024-02-18,Gia Lai,Chu Prong,Robusta / ca phe nhan xo noi dia,79267,79266.66666666667,6,observed,24.457,61.714,0.0,0.252,Dat do bazan,4,low,6,Nong Nghiep Moi Truong
2024-02-12,2024-02-18,Gia Lai,Ia Grai,Robusta / ca phe nhan xo noi dia,79167,79166.66666666667,6,observed,25.643,59.714,0.0,0.249,Dat do bazan,4,low,6,Nong Nghiep Moi Truong
2024-02-12,2024-02-18,Gia Lai,Pleiku,Robusta / ca phe nhan xo noi dia,79167,79166.66666666667,6,observed,21.843,69.286,0.0,0.256,Dat do bazan,4,low,6,Nong Nghiep Moi Truong
2024-02-12,2024-02-18,Kon Tum,Kon Tum,Robusta / ca phe nhan xo noi dia,79233,79233.33333333333,6,observed,23.3,64.714,0.4,0.254,Dat do vang / dat bazan cuc bo,3,low,6,Nong Nghiep Moi Truong
2024-02-12,2024-02-18,Lam Dong,Bao Loc,Robusta / ca phe nhan xo noi dia,78600,78600.0,6,observed,22.343,69.429,1.0,0.267,Dat do vang tren bazan,4,low,6,Nong Nghiep Moi Truong
2024-02-12,2024-02-18,Lam Dong,Di Linh,Robusta / ca phe nhan xo noi dia,78600,78600.0,6,observed,22.429,64.0,0.0,0.207,Dat do vang tren bazan,4,medium,6,Nong Nghiep Moi Truong
2024-02-12,2024-02-18,Lam Dong,Lam Ha,Robusta / ca phe nhan xo noi dia,78600,78600.0,6,observed,22.129,66.714,0.0,0.263,Dat do vang tren bazan,4,low,6,Nong Nghiep Moi Truong
2024-02-19,2024-02-25,Dak Lak,Buon Ho,Robusta / ca phe nhan xo noi dia,81000,81000.0,2,observed,23.886,72.286,0.3,0.171,Dat do bazan,5,medium,2,Nong Nghiep Moi Truong
2024-02-19,2024-02-25,Dak Lak,Cu M'gar,Robusta / ca phe nhan xo noi dia,81100,81100.0,2,observed,26.514,62.714,0.3,0.248,Dat do bazan,5,high,2,Nong Nghiep Moi Truong
2024-02-19,2024-02-25,Dak Lak,Ea H'leo,Robusta / ca phe nhan xo noi dia,81000,81000.0,2,observed,24.757,67.714,0.0,0.205,Dat do bazan,5,medium,2,Nong Nghiep Moi Truong
2024-02-19,2024-02-25,Dak Nong,Dak R'lap,Robusta / ca phe nhan xo noi dia,81250,81250.0,2,observed,24.8,70.857,0.4,0.31,Dat do bazan,4,low,2,Nong Nghiep Moi Truong
2024-02-19,2024-02-25,Dak Nong,Gia Nghia,Robusta / ca phe nhan xo noi dia,81350,81350.0,2,observed,24.586,70.714,0.7,0.325,Dat do bazan,4,low,2,Nong Nghiep Moi Truong
2024-02-19,2024-02-25,Gia Lai,Chu Prong,Robusta / ca phe nhan xo noi dia,81000,81000.0,2,observed,26.971,57.286,0.0,0.243,Dat do bazan,4,low,2,Nong Nghiep Moi Truong
2024-02-19,2024-02-25,Gia Lai,Ia Grai,Robusta / ca phe nhan xo noi dia,80900,80900.0,2,observed,27.671,57.286,0.0,0.243,Dat do bazan,4,low,2,Nong Nghiep Moi Truong
2024-02-19,2024-02-25,Gia Lai,Pleiku,Robusta / ca phe nhan xo noi dia,80900,80900.0,2,observed,24.471,62.714,0.0,0.241,Dat do bazan,4,low,2,Nong Nghiep Moi Truong
2024-02-19,2024-02-25,Kon Tum,Kon Tum,Robusta / ca phe nhan xo noi dia,80900,80900.0,2,observed,25.086,63.714,0.1,0.249,Dat do vang / dat bazan cuc bo,3,low,2,Nong Nghiep Moi Truong
2024-02-19,2024-02-25,Lam Dong,Bao Loc,Robusta / ca phe nhan xo noi dia,80400,80400.0,2,observed,23.057,71.857,0.1,0.254,Dat do vang tren bazan,4,low,2,Nong Nghiep Moi Truong
2024-02-19,2024-02-25,Lam Dong,Di Linh,Robusta / ca phe nhan xo noi dia,80400,80400.0,2,observed,23.214,66.857,1.2,0.199,Dat do vang tren bazan,4,medium,2,Nong Nghiep Moi Truong
2024-02-19,2024-02-25,Lam Dong,Lam Ha,Robusta / ca phe nhan xo noi dia,80400,80400.0,2,observed,23.214,68.429,0.2,0.273,Dat do vang tren bazan,4,low,2,Nong Nghiep Moi Truong
2024-02-26,2024-03-03,Dak Lak,Buon Ho,Robusta / ca phe nhan xo noi dia,85800,,0,interpolated_area,21.943,81.143,1.7,0.183,Dat do bazan,5,medium,0,
2024-02-26,2024-03-03,Dak Lak,Cu M'gar,Robusta / ca phe nhan xo noi dia,85900,,0,interpolated_area,24.557,70.571,0.0,0.244,Dat do bazan,5,high,0,
2024-02-26,2024-03-03,Dak Lak,Ea H'leo,Robusta / ca phe nhan xo noi dia,85800,,0,interpolated_area,22.929,75.286,2.0,0.208,Dat do bazan,5,medium,0,
2024-02-26,2024-03-03,Dak Nong,Dak R'lap,Robusta / ca phe nhan xo noi dia,85975,,0,interpolated_area,24.686,67.429,1.2,0.304,Dat do bazan,4,low,0,
2024-02-26,2024-03-03,Dak Nong,Gia Nghia,Robusta / ca phe nhan xo noi dia,86075,,0,interpolated_area,24.186,68.857,1.5,0.326,Dat do bazan,4,low,0,
2024-02-26,2024-03-03,Gia Lai,Chu Prong,Robusta / ca phe nhan xo noi dia,85800,,0,interpolated_area,25.471,61.143,0.3,0.244,Dat do bazan,4,low,0,
2024-02-26,2024-03-03,Gia Lai,Ia Grai,Robusta / ca phe nhan xo noi dia,85700,,0,interpolated_area,26.771,57.714,0.0,0.245,Dat do bazan,4,low,0,
2024-02-26,2024-03-03,Gia Lai,Pleiku,Robusta / ca phe nhan xo noi dia,85700,,0,interpolated_area,22.8,68.0,0.2,0.231,Dat do bazan,4,low,0,
2024-02-26,2024-03-03,Kon Tum,Kon Tum,Robusta / ca phe nhan xo noi dia,85700,,0,interpolated_area,24.429,63.286,0.1,0.249,Dat do vang / dat bazan cuc bo,3,low,0,
2024-02-26,2024-03-03,Lam Dong,Bao Loc,Robusta / ca phe nhan xo noi dia,85100,,0,interpolated_area,23.371,68.143,5.6,0.272,Dat do vang tren bazan,4,low,0,
2024-02-26,2024-03-03,Lam Dong,Di Linh,Robusta / ca phe nhan xo noi dia,85100,,0,interpolated_area,23.243,63.429,4.3,0.209,Dat do vang tren bazan,4,medium,0,
2024-02-26,2024-03-03,Lam Dong,Lam Ha,Robusta / ca phe nhan xo noi dia,85100,,0,interpolated_area,23.371,64.143,3.9,0.269,Dat do vang tren bazan,4,low,0,
2024-03-04,2024-03-10,Dak Lak,Buon Ho,Robusta / ca phe nhan xo noi dia,90600,90600.0,1,observed,24.786,71.143,0.1,0.172,Dat do bazan,5,medium,1,Nong Nghiep Moi Truong
2024-03-04,2024-03-10,Dak Lak,Cu M'gar,Robusta / ca phe nhan xo noi dia,90700,90700.0,1,observed,27.029,62.857,0.0,0.249,Dat do bazan,5,high,1,Nong Nghiep Moi Truong
2024-03-04,2024-03-10,Dak Lak,Ea H'leo,Robusta / ca phe nhan xo noi dia,90600,90600.0,1,observed,25.929,64.429,0.0,0.203,Dat do bazan,5,medium,1,Nong Nghiep Moi Truong
2024-03-04,2024-03-10,Dak Nong,Dak R'lap,Robusta / ca phe nhan xo noi dia,90700,90700.0,1,observed,25.686,70.286,2.2,0.308,Dat do bazan,4,low,1,Nong Nghiep Moi Truong
2024-03-04,2024-03-10,Dak Nong,Gia Nghia,Robusta / ca phe nhan xo noi dia,90800,90800.0,1,observed,25.414,69.0,2.6,0.332,Dat do bazan,4,low,1,Nong Nghiep Moi Truong
2024-03-04,2024-03-10,Gia Lai,Chu Prong,Robusta / ca phe nhan xo noi dia,90600,90600.0,1,observed,27.7,57.571,0.0,0.246,Dat do bazan,4,low,1,Nong Nghiep Moi Truong
2024-03-04,2024-03-10,Gia Lai,Ia Grai,Robusta / ca phe nhan xo noi dia,90500,90500.0,1,observed,28.571,56.286,0.0,0.247,Dat do bazan,4,low,1,Nong Nghiep Moi Truong
2024-03-04,2024-03-10,Gia Lai,Pleiku,Robusta / ca phe nhan xo noi dia,90500,90500.0,1,observed,25.357,62.286,0.0,0.226,Dat do bazan,4,low,1,Nong Nghiep Moi Truong
2024-03-04,2024-03-10,Kon Tum,Kon Tum,Robusta / ca phe nhan xo noi dia,90500,90500.0,1,observed,26.629,59.286,0.0,0.246,Dat do vang / dat bazan cuc bo,3,low,1,Nong Nghiep Moi Truong
2024-03-04,2024-03-10,Lam Dong,Bao Loc,Robusta / ca phe nhan xo noi dia,89800,89800.0,1,observed,24.314,69.429,2.2,0.287,Dat do vang tren bazan,4,low,1,Nong Nghiep Moi Truong
2024-03-04,2024-03-10,Lam Dong,Di Linh,Robusta / ca phe nhan xo noi dia,89800,89800.0,1,observed,24.0,66.857,4.8,0.227,Dat do vang tren bazan,4,medium,1,Nong Nghiep Moi Truong
2024-03-04,2024-03-10,Lam Dong,Lam Ha,Robusta / ca phe nhan xo noi dia,89800,89800.0,1,observed,23.9,69.286,2.4,0.283,Dat do vang tren bazan,4,low,1,Nong Nghiep Moi Truong
2024-03-11,2024-03-17,Dak Lak,Buon Ho,Robusta / ca phe nhan xo noi dia,91840,91840.0,5,observed,23.457,75.286,0.2,0.177,Dat do bazan,5,medium,5,Nong Nghiep Moi Truong
2024-03-11,2024-03-17,Dak Lak,Cu M'gar,Robusta / ca phe nhan xo noi dia,91940,91940.0,5,observed,26.171,64.857,0.2,0.247,Dat do bazan,5,high,5,Nong Nghiep Moi Truong
2024-03-11,2024-03-17,Dak Lak,Ea H'leo,Robusta / ca phe nhan xo noi dia,91840,91840.0,5,observed,24.771,68.0,0.5,0.207,Dat do bazan,5,medium,5,Nong Nghiep Moi Truong
2024-03-11,2024-03-17,Dak Nong,Dak R'lap,Robusta / ca phe nhan xo noi dia,91980,91980.0,5,observed,25.443,65.286,0.4,0.306,Dat do bazan,4,low,5,Nong Nghiep Moi Truong
2024-03-11,2024-03-17,Dak Nong,Gia Nghia,Robusta / ca phe nhan xo noi dia,92080,92080.0,5,observed,25.343,64.143,0.0,0.31,Dat do bazan,4,low,5,Nong Nghiep Moi Truong
2024-03-11,2024-03-17,Gia Lai,Chu Prong,Robusta / ca phe nhan xo noi dia,91840,91840.0,5,observed,27.086,56.571,1.0,0.237,Dat do bazan,4,low,5,Nong Nghiep Moi Truong
2024-03-11,2024-03-17,Gia Lai,Ia Grai,Robusta / ca phe nhan xo noi dia,91740,91740.0,5,observed,28.129,55.286,0.4,0.247,Dat do bazan,4,low,5,Nong Nghiep Moi Truong
2024-03-11,2024-03-17,Gia Lai,Pleiku,Robusta / ca phe nhan xo noi dia,91740,91740.0,5,observed,24.629,62.429,0.7,0.228,Dat do bazan,4,low,5,Nong Nghiep Moi Truong
2024-03-11,2024-03-17,Kon Tum,Kon Tum,Robusta / ca phe nhan xo noi dia,91800,91800.0,5,observed,25.929,61.429,1.0,0.245,Dat do vang / dat bazan cuc bo,3,low,5,Nong Nghiep Moi Truong
2024-03-11,2024-03-17,Lam Dong,Bao Loc,Robusta / ca phe nhan xo noi dia,91200,91200.0,5,observed,24.129,64.286,0.5,0.253,Dat do vang tren bazan,4,low,5,Nong Nghiep Moi Truong
2024-03-11,2024-03-17,Lam Dong,Di Linh,Robusta / ca phe nhan xo noi dia,91200,91200.0,5,observed,23.714,61.857,0.9,0.199,Dat do vang tren bazan,4,medium,5,Nong Nghiep Moi Truong
2024-03-11,2024-03-17,Lam Dong,Lam Ha,Robusta / ca phe nhan xo noi dia,91200,91200.0,5,observed,23.957,61.714,0.0,0.255,Dat do vang tren bazan,4,low,5,Nong Nghiep Moi Truong
2024-03-18,2024-03-24,Dak Lak,Buon Ho,Robusta / ca phe nhan xo noi dia,93633,93633.33333333333,3,observed,23.743,75.429,1.8,0.179,Dat do bazan,5,medium,3,Nong Nghiep Moi Truong
2024-03-18,2024-03-24,Dak Lak,Cu M'gar,Robusta / ca phe nhan xo noi dia,93733,93733.33333333333,3,observed,26.457,65.0,0.7,0.25,Dat do bazan,5,high,3,Nong Nghiep Moi Truong
2024-03-18,2024-03-24,Dak Lak,Ea H'leo,Robusta / ca phe nhan xo noi dia,93633,93633.33333333333,3,observed,24.829,70.0,5.1,0.218,Dat do bazan,5,medium,3,Nong Nghiep Moi Truong
2024-03-18,2024-03-24,Dak Nong,Dak R'lap,Robusta / ca phe nhan xo noi dia,93800,93800.0,3,observed,25.629,63.0,0.3,0.292,Dat do bazan,4,low,3,Nong Nghiep Moi Truong
2024-03-18,2024-03-24,Dak Nong,Gia Nghia,Robusta / ca phe nhan xo noi dia,93900,93900.0,3,observed,25.557,61.0,0.0,0.287,Dat do bazan,4,low,3,Nong Nghiep Moi Truong
2024-03-18,2024-03-24,Gia Lai,Chu Prong,Robusta / ca phe nhan xo noi dia,93733,93733.33333333333,3,observed,27.157,58.571,3.5,0.25,Dat do bazan,4,low,3,Nong Nghiep Moi Truong
2024-03-18,2024-03-24,Gia Lai,Ia Grai,Robusta / ca phe nhan xo noi dia,93633,93633.33333333333,3,observed,28.171,56.429,1.6,0.229,Dat do bazan,4,low,3,Nong Nghiep Moi Truong
2024-03-18,2024-03-24,Gia Lai,Pleiku,Robusta / ca phe nhan xo noi dia,93633,93633.33333333333,3,observed,24.671,64.429,1.3,0.228,Dat do bazan,4,low,3,Nong Nghiep Moi Truong
2024-03-18,2024-03-24,Kon Tum,Kon Tum,Robusta / ca phe nhan xo noi dia,93633,93633.33333333333,3,observed,25.857,63.0,0.7,0.247,Dat do vang / dat bazan cuc bo,3,low,3,Nong Nghiep Moi Truong
2024-03-18,2024-03-24,Lam Dong,Bao Loc,Robusta / ca phe nhan xo noi dia,93133,93133.33333333333,3,observed,24.386,61.286,0.6,0.222,Dat do vang tren bazan,4,low,3,Nong Nghiep Moi Truong
2024-03-18,2024-03-24,Lam Dong,Di Linh,Robusta / ca phe nhan xo noi dia,93133,93133.33333333333,3,observed,23.729,59.714,0.3,0.193,Dat do vang tren bazan,4,medium,3,Nong Nghiep Moi Truong
2024-03-18,2024-03-24,Lam Dong,Lam Ha,Robusta / ca phe nhan xo noi dia,93133,93133.33333333333,3,observed,23.743,61.571,0.8,0.228,Dat do vang tren bazan,4,low,3,Nong Nghiep Moi Truong
2024-03-25,2024-03-31,Dak Lak,Buon Ho,Robusta / ca phe nhan xo noi dia,98456,,0,interpolated_area,25.443,73.429,14.0,0.193,Dat do bazan,5,medium,0,
2024-03-25,2024-03-31,Dak Lak,Cu M'gar,Robusta / ca phe nhan xo noi dia,98567,,0,interpolated_area,28.071,64.143,9.8,0.27,Dat do bazan,5,high,0,
2024-03-25,2024-03-31,Dak Lak,Ea H'leo,Robusta / ca phe nhan xo noi dia,98456,,0,interpolated_area,26.257,69.857,18.5,0.225,Dat do bazan,5,medium,0,
2024-03-25,2024-03-31,Dak Nong,Dak R'lap,Robusta / ca phe nhan xo noi dia,98622,,0,interpolated_area,25.857,75.429,18.1,0.321,Dat do bazan,4,low,0,
2024-03-25,2024-03-31,Dak Nong,Gia Nghia,Robusta / ca phe nhan xo noi dia,98722,,0,interpolated_area,25.771,73.714,10.7,0.314,Dat do bazan,4,low,0,
2024-03-25,2024-03-31,Gia Lai,Chu Prong,Robusta / ca phe nhan xo noi dia,98478,,0,interpolated_area,28.343,60.143,4.5,0.271,Dat do bazan,4,low,0,
2024-03-25,2024-03-31,Gia Lai,Ia Grai,Robusta / ca phe nhan xo noi dia,98378,,0,interpolated_area,29.043,60.286,7.6,0.263,Dat do bazan,4,low,0,
2024-03-25,2024-03-31,Gia Lai,Pleiku,Robusta / ca phe nhan xo noi dia,98378,,0,interpolated_area,26.014,65.571,22.7,0.248,Dat do bazan,4,low,0,
2024-03-25,2024-03-31,Kon Tum,Kon Tum,Robusta / ca phe nhan xo noi dia,98389,,0,interpolated_area,26.3,71.857,20.3,0.297,Dat do vang / dat bazan cuc bo,3,low,0,
2024-03-25,2024-03-31,Lam Dong,Bao Loc,Robusta / ca phe nhan xo noi dia,97944,,0,interpolated_area,24.986,69.857,5.1,0.277,Dat do vang tren bazan,4,low,0,
2024-03-25,2024-03-31,Lam Dong,Di Linh,Robusta / ca phe nhan xo noi dia,97944,,0,interpolated_area,24.386,69.143,9.3,0.218,Dat do vang tren bazan,4,medium,0,
2024-03-25,2024-03-31,Lam Dong,Lam Ha,Robusta / ca phe nhan xo noi dia,97944,,0,interpolated_area,24.9,67.857,18.2,0.272,Dat do vang tren bazan,4,low,0,
2024-04-01,2024-04-07,Dak Lak,Buon Ho,Robusta / ca phe nhan xo noi dia,103278,,0,interpolated_area,27.157,68.429,9.1,0.195,Dat do bazan,5,medium,0,
2024-04-01,2024-04-07,Dak Lak,Cu M'gar,Robusta / ca phe nhan xo noi dia,103400,,0,interpolated_area,29.657,59.0,2.6,0.258,Dat do bazan,5,high,0,
2024-04-01,2024-04-07,Dak Lak,Ea H'leo,Robusta / ca phe nhan xo noi dia,103278,,0,interpolated_area,27.857,64.857,9.7,0.216,Dat do bazan,5,medium,0,
2024-04-01,2024-04-07,Dak Nong,Dak R'lap,Robusta / ca phe nhan xo noi dia,103444,,0,interpolated_area,26.214,75.714,7.3,0.343,Dat do bazan,4,low,0,
2024-04-01,2024-04-07,Dak Nong,Gia Nghia,Robusta / ca phe nhan xo noi dia,103544,,0,interpolated_area,26.329,74.714,3.2,0.357,Dat do bazan,4,low,0,
2024-04-01,2024-04-07,Gia Lai,Chu Prong,Robusta / ca phe nhan xo noi dia,103222,,0,interpolated_area,28.957,62.857,15.9,0.33,Dat do bazan,4,low,0,
2024-04-01,2024-04-07,Gia Lai,Ia Grai,Robusta / ca phe nhan xo noi dia,103122,,0,interpolated_area,29.714,64.0,14.4,0.292,Dat do bazan,4,low,0,
2024-04-01,2024-04-07,Gia Lai,Pleiku,Robusta / ca phe nhan xo noi dia,103122,,0,interpolated_area,27.229,64.571,36.0,0.275,Dat do bazan,4,low,0,
2024-04-01,2024-04-07,Kon Tum,Kon Tum,Robusta / ca phe nhan xo noi dia,103144,,0,interpolated_area,27.486,71.429,7.7,0.3,Dat do vang / dat bazan cuc bo,3,low,0,
2024-04-01,2024-04-07,Lam Dong,Bao Loc,Robusta / ca phe nhan xo noi dia,102756,,0,interpolated_area,25.3,72.857,6.0,0.29,Dat do vang tren bazan,4,low,0,
2024-04-01,2024-04-07,Lam Dong,Di Linh,Robusta / ca phe nhan xo noi dia,102756,,0,interpolated_area,24.7,73.0,5.1,0.246,Dat do vang tren bazan,4,medium,0,
2024-04-01,2024-04-07,Lam Dong,Lam Ha,Robusta / ca phe nhan xo noi dia,102756,,0,interpolated_area,24.971,72.143,3.0,0.294,Dat do vang tren bazan,4,low,0,
2024-04-08,2024-04-14,Dak Lak,Buon Ho,Robusta / ca phe nhan xo noi dia,108100,108100.0,3,observed,25.671,69.143,0.3,0.174,Dat do bazan,5,medium,3,Nong Nghiep Moi Truong
2024-04-08,2024-04-14,Dak Lak,Cu M'gar,Robusta / ca phe nhan xo noi dia,108233,108233.33333333333,3,observed,28.371,59.714,0.0,0.253,Dat do bazan,5,high,3,Nong Nghiep Moi Truong
2024-04-08,2024-04-14,Dak Lak,Ea H'leo,Robusta / ca phe nhan xo noi dia,108100,108100.0,3,observed,26.871,62.571,0.1,0.201,Dat do bazan,5,medium,3,Nong Nghiep Moi Truong
2024-04-08,2024-04-14,Dak Nong,Dak R'lap,Robusta / ca phe nhan xo noi dia,108267,108266.66666666667,3,observed,27.057,64.429,3.8,0.32,Dat do bazan,4,low,3,Nong Nghiep Moi Truong
2024-04-08,2024-04-14,Dak Nong,Gia Nghia,Robusta / ca phe nhan xo noi dia,108367,108366.66666666667,3,observed,26.857,63.714,0.3,0.319,Dat do bazan,4,low,3,Nong Nghiep Moi Truong
2024-04-08,2024-04-14,Gia Lai,Chu Prong,Robusta / ca phe nhan xo noi dia,107967,107966.66666666667,3,observed,28.814,55.571,0.2,0.267,Dat do bazan,4,low,3,Nong Nghiep Moi Truong
2024-04-08,2024-04-14,Gia Lai,Ia Grai,Robusta / ca phe nhan xo noi dia,107867,107866.66666666667,3,observed,30.143,53.286,0.3,0.261,Dat do bazan,4,low,3,Nong Nghiep Moi Truong
2024-04-08,2024-04-14,Gia Lai,Pleiku,Robusta / ca phe nhan xo noi dia,107867,107866.66666666667,3,observed,26.571,60.429,0.2,0.266,Dat do bazan,4,low,3,Nong Nghiep Moi Truong
2024-04-08,2024-04-14,Kon Tum,Kon Tum,Robusta / ca phe nhan xo noi dia,107900,107900.0,3,observed,27.671,61.286,0.0,0.268,Dat do vang / dat bazan cuc bo,3,low,3,Nong Nghiep Moi Truong
2024-04-08,2024-04-14,Lam Dong,Bao Loc,Robusta / ca phe nhan xo noi dia,107567,107566.66666666667,3,observed,26.0,61.857,2.2,0.258,Dat do vang tren bazan,4,low,3,Nong Nghiep Moi Truong
2024-04-08,2024-04-14,Lam Dong,Di Linh,Robusta / ca phe nhan xo noi dia,107567,107566.66666666667,3,observed,25.386,59.714,1.5,0.201,Dat do vang tren bazan,4,medium,3,Nong Nghiep Moi Truong
2024-04-08,2024-04-14,Lam Dong,Lam Ha,Robusta / ca phe nhan xo noi dia,107567,107566.66666666667,3,observed,25.286,62.429,0.3,0.258,Dat do vang tren bazan,4,low,3,Nong Nghiep Moi Truong
2024-04-15,2024-04-21,Dak Lak,Buon Ho,Robusta / ca phe nhan xo noi dia,116680,116680.0,5,observed,27.329,64.857,3.3,0.181,Dat do bazan,5,medium,5,Nong Nghiep Moi Truong
2024-04-15,2024-04-21,Dak Lak,Cu M'gar,Robusta / ca phe nhan xo noi dia,116760,116760.0,5,observed,29.614,57.143,3.0,0.256,Dat do bazan,5,high,5,Nong Nghiep Moi Truong
2024-04-15,2024-04-21,Dak Lak,Ea H'leo,Robusta / ca phe nhan xo noi dia,116680,116680.0,5,observed,28.143,60.571,5.8,0.208,Dat do bazan,5,medium,5,Nong Nghiep Moi Truong
2024-04-15,2024-04-21,Dak Nong,Dak R'lap,Robusta / ca phe nhan xo noi dia,116880,116880.0,5,observed,26.557,71.857,3.7,0.328,Dat do bazan,4,low,5,Nong Nghiep Moi Truong
2024-04-15,2024-04-21,Dak Nong,Gia Nghia,Robusta / ca phe nhan xo noi dia,116980,116980.0,5,observed,26.429,71.714,5.1,0.325,Dat do bazan,4,low,5,Nong Nghiep Moi Truong
2024-04-15,2024-04-21,Gia Lai,Chu Prong,Robusta / ca phe nhan xo noi dia,116660,116660.0,5,observed,30.043,53.571,0.3,0.258,Dat do bazan,4,low,5,Nong Nghiep Moi Truong
2024-04-15,2024-04-21,Gia Lai,Ia Grai,Robusta / ca phe nhan xo noi dia,116620,116620.0,5,observed,31.171,52.0,0.6,0.247,Dat do bazan,4,low,5,Nong Nghiep Moi Truong
2024-04-15,2024-04-21,Gia Lai,Pleiku,Robusta / ca phe nhan xo noi dia,116580,116580.0,5,observed,28.071,56.286,1.3,0.249,Dat do bazan,4,low,5,Nong Nghiep Moi Truong
2024-04-15,2024-04-21,Kon Tum,Kon Tum,Robusta / ca phe nhan xo noi dia,116660,116660.0,5,observed,28.486,60.143,0.3,0.256,Dat do vang / dat bazan cuc bo,3,low,5,Nong Nghiep Moi Truong
2024-04-15,2024-04-21,Lam Dong,Bao Loc,Robusta / ca phe nhan xo noi dia,116240,116240.0,5,observed,25.571,69.857,4.7,0.266,Dat do vang tren bazan,4,low,5,Nong Nghiep Moi Truong
2024-04-15,2024-04-21,Lam Dong,Di Linh,Robusta / ca phe nhan xo noi dia,116240,116240.0,5,observed,24.586,70.571,7.9,0.212,Dat do vang tren bazan,4,medium,5,Nong Nghiep Moi Truong
2024-04-15,2024-04-21,Lam Dong,Lam Ha,Robusta / ca phe nhan xo noi dia,116240,116240.0,5,observed,25.257,68.714,2.7,0.264,Dat do vang tren bazan,4,low,5,Nong Nghiep Moi Truong
2024-04-22,2024-04-28,Dak Lak,Buon Ho,Robusta / ca phe nhan xo noi dia,111087,,0,interpolated_area,28.729,66.286,11.8,0.223,Dat do bazan,5,medium,0,
2024-04-22,2024-04-28,Dak Lak,Cu M'gar,Robusta / ca phe nhan xo noi dia,111173,,0,interpolated_area,31.0,56.857,0.8,0.275,Dat do bazan,5,high,0,
2024-04-22,2024-04-28,Dak Lak,Ea H'leo,Robusta / ca phe nhan xo noi dia,111087,,0,interpolated_area,29.543,62.0,2.8,0.214,Dat do bazan,5,medium,0,
2024-04-22,2024-04-28,Dak Nong,Dak R'lap,Robusta / ca phe nhan xo noi dia,111220,,0,interpolated_area,27.029,74.714,3.0,0.345,Dat do bazan,4,low,0,
2024-04-22,2024-04-28,Dak Nong,Gia Nghia,Robusta / ca phe nhan xo noi dia,111320,,0,interpolated_area,26.843,74.857,3.8,0.345,Dat do bazan,4,low,0,
2024-04-22,2024-04-28,Gia Lai,Chu Prong,Robusta / ca phe nhan xo noi dia,110940,,0,interpolated_area,31.257,54.857,1.1,0.27,Dat do bazan,4,low,0,
2024-04-22,2024-04-28,Gia Lai,Ia Grai,Robusta / ca phe nhan xo noi dia,110880,,0,interpolated_area,32.029,54.571,3.0,0.258,Dat do bazan,4,low,0,
2024-04-22,2024-04-28,Gia Lai,Pleiku,Robusta / ca phe nhan xo noi dia,110853,,0,interpolated_area,29.314,56.714,1.9,0.255,Dat do bazan,4,low,0,
2024-04-22,2024-04-28,Kon Tum,Kon Tum,Robusta / ca phe nhan xo noi dia,110940,,0,interpolated_area,29.586,60.857,2.8,0.267,Dat do vang / dat bazan cuc bo,3,low,0,
2024-04-22,2024-04-28,Lam Dong,Bao Loc,Robusta / ca phe nhan xo noi dia,110493,,0,interpolated_area,26.286,70.857,3.3,0.291,Dat do vang tren bazan,4,low,0,
2024-04-22,2024-04-28,Lam Dong,Di Linh,Robusta / ca phe nhan xo noi dia,110493,,0,interpolated_area,25.471,71.143,10.2,0.229,Dat do vang tren bazan,4,medium,0,
2024-04-22,2024-04-28,Lam Dong,Lam Ha,Robusta / ca phe nhan xo noi dia,110493,,0,interpolated_area,26.1,69.857,1.3,0.282,Dat do vang tren bazan,4,low,0,
2024-04-29,2024-05-05,Dak Lak,Buon Ho,Robusta / ca phe nhan xo noi dia,105493,,0,interpolated_area,27.729,70.714,31.4,0.261,Dat do bazan,5,medium,0,
2024-04-29,2024-05-05,Dak Lak,Cu M'gar,Robusta / ca phe nhan xo noi dia,105587,,0,interpolated_area,30.043,61.714,12.5,0.299,Dat do bazan,5,high,0,
2024-04-29,2024-05-05,Dak Lak,Ea H'leo,Robusta / ca phe nhan xo noi dia,105493,,0,interpolated_area,28.443,67.714,17.6,0.293,Dat do bazan,5,medium,0,
2024-04-29,2024-05-05,Dak Nong,Dak R'lap,Robusta / ca phe nhan xo noi dia,105560,,0,interpolated_area,26.586,77.0,24.9,0.372,Dat do bazan,4,low,0,
2024-04-29,2024-05-05,Dak Nong,Gia Nghia,Robusta / ca phe nhan xo noi dia,105660,,0,interpolated_area,26.386,77.857,22.2,0.375,Dat do bazan,4,low,0,
2024-04-29,2024-05-05,Gia Lai,Chu Prong,Robusta / ca phe nhan xo noi dia,105220,,0,interpolated_area,29.686,63.857,26.3,0.317,Dat do bazan,4,low,0,
2024-04-29,2024-05-05,Gia Lai,Ia Grai,Robusta / ca phe nhan xo noi dia,105140,,0,interpolated_area,30.614,63.429,15.0,0.274,Dat do bazan,4,low,0,
2024-04-29,2024-05-05,Gia Lai,Pleiku,Robusta / ca phe nhan xo noi dia,105127,,0,interpolated_area,27.6,67.429,11.5,0.321,Dat do bazan,4,low,0,
2024-04-29,2024-05-05,Kon Tum,Kon Tum,Robusta / ca phe nhan xo noi dia,105220,,0,interpolated_area,28.3,69.714,16.1,0.278,Dat do vang / dat bazan cuc bo,3,low,0,
2024-04-29,2024-05-05,Lam Dong,Bao Loc,Robusta / ca phe nhan xo noi dia,104747,,0,interpolated_area,26.286,72.429,28.0,0.311,Dat do vang tren bazan,4,low,0,
2024-04-29,2024-05-05,Lam Dong,Di Linh,Robusta / ca phe nhan xo noi dia,104747,,0,interpolated_area,25.343,73.714,24.0,0.266,Dat do vang tren bazan,4,medium,0,
2024-04-29,2024-05-05,Lam Dong,Lam Ha,Robusta / ca phe nhan xo noi dia,104747,,0,interpolated_area,25.871,72.143,38.0,0.314,Dat do vang tren bazan,4,low,0,
2024-05-06,2024-05-12,Dak Lak,Buon Ho,Robusta / ca phe nhan xo noi dia,99900,99900.0,1,observed,25.957,77.571,4.0,0.294,Dat do bazan,5,medium,1,Nong Nghiep Moi Truong
2024-05-06,2024-05-12,Dak Lak,Cu M'gar,Robusta / ca phe nhan xo noi dia,100000,100000.0,1,observed,28.829,66.429,6.3,0.329,Dat do bazan,5,high,1,Nong Nghiep Moi Truong
2024-05-06,2024-05-12,Dak Lak,Ea H'leo,Robusta / ca phe nhan xo noi dia,99900,99900.0,1,observed,26.857,73.143,3.2,0.321,Dat do bazan,5,medium,1,Nong Nghiep Moi Truong
2024-05-06,2024-05-12,Dak Nong,Dak R'lap,Robusta / ca phe nhan xo noi dia,99900,99900.0,1,observed,26.157,78.0,36.3,0.4,Dat do bazan,4,low,1,Nong Nghiep Moi Truong
2024-05-06,2024-05-12,Dak Nong,Gia Nghia,Robusta / ca phe nhan xo noi dia,100000,100000.0,1,observed,25.943,77.857,13.5,0.428,Dat do bazan,4,low,1,Nong Nghiep Moi Truong
2024-05-06,2024-05-12,Gia Lai,Chu Prong,Robusta / ca phe nhan xo noi dia,99500,99500.0,1,observed,29.343,58.714,1.4,0.301,Dat do bazan,4,low,1,Nong Nghiep Moi Truong
2024-05-06,2024-05-12,Gia Lai,Ia Grai,Robusta / ca phe nhan xo noi dia,99400,99400.0,1,observed,30.7,55.143,3.7,0.259,Dat do bazan,4,low,1,Nong Nghiep Moi Truong
2024-05-06,2024-05-12,Gia Lai,Pleiku,Robusta / ca phe nhan xo noi dia,99400,99400.0,1,observed,26.671,65.0,3.4,0.299,Dat do bazan,4,low,1,Nong Nghiep Moi Truong
2024-05-06,2024-05-12,Kon Tum,Kon Tum,Robusta / ca phe nhan xo noi dia,99500,99500.0,1,observed,28.157,62.571,8.4,0.278,Dat do vang / dat bazan cuc bo,3,low,1,Nong Nghiep Moi Truong
2024-05-06,2024-05-12,Lam Dong,Bao Loc,Robusta / ca phe nhan xo noi dia,99000,99000.0,1,observed,24.357,79.857,25.8,0.378,Dat do vang tren bazan,4,low,1,Nong Nghiep Moi Truong
2024-05-06,2024-05-12,Lam Dong,Di Linh,Robusta / ca phe nhan xo noi dia,99000,99000.0,1,observed,24.043,78.0,16.5,0.393,Dat do vang tren bazan,4,medium,1,Nong Nghiep Moi Truong
2024-05-06,2024-05-12,Lam Dong,Lam Ha,Robusta / ca phe nhan xo noi dia,99000,99000.0,1,observed,24.143,78.0,14.6,0.397,Dat do vang tren bazan,4,low,1,Nong Nghiep Moi Truong
2024-05-13,2024-05-19,Dak Lak,Buon Ho,Robusta / ca phe nhan xo noi dia,101871,101871.42857142857,7,observed,26.043,79.0,39.4,0.262,Dat do bazan,5,medium,7,Nong Nghiep Moi Truong
2024-05-13,2024-05-19,Dak Lak,Cu M'gar,Robusta / ca phe nhan xo noi dia,101971,101971.42857142857,7,observed,28.171,72.429,39.5,0.357,Dat do bazan,5,high,7,Nong Nghiep Moi Truong
2024-05-13,2024-05-19,Dak Lak,Ea H'leo,Robusta / ca phe nhan xo noi dia,101871,101871.42857142857,7,observed,26.529,77.286,44.4,0.311,Dat do bazan,5,medium,7,Nong Nghiep Moi Truong
2024-05-13,2024-05-19,Dak Nong,Dak R'lap,Robusta / ca phe nhan xo noi dia,101857,101857.14285714286,7,observed,25.757,82.857,29.2,0.415,Dat do bazan,4,low,7,Nong Nghiep Moi Truong
2024-05-13,2024-05-19,Dak Nong,Gia Nghia,Robusta / ca phe nhan xo noi dia,101957,101957.14285714286,7,observed,25.543,82.286,52.1,0.429,Dat do bazan,4,low,7,Nong Nghiep Moi Truong
2024-05-13,2024-05-19,Gia Lai,Chu Prong,Robusta / ca phe nhan xo noi dia,101471,101471.42857142857,7,observed,28.257,69.857,66.7,0.337,Dat do bazan,4,low,7,Nong Nghiep Moi Truong
2024-05-13,2024-05-19,Gia Lai,Ia Grai,Robusta / ca phe nhan xo noi dia,101371,101371.42857142857,7,observed,28.714,72.143,72.7,0.351,Dat do bazan,4,low,7,Nong Nghiep Moi Truong
2024-05-13,2024-05-19,Gia Lai,Pleiku,Robusta / ca phe nhan xo noi dia,101371,101371.42857142857,7,observed,25.971,74.143,53.7,0.308,Dat do bazan,4,low,7,Nong Nghiep Moi Truong
2024-05-13,2024-05-19,Kon Tum,Kon Tum,Robusta / ca phe nhan xo noi dia,101443,101442.85714285714,7,observed,26.914,75.429,41.8,0.337,Dat do vang / dat bazan cuc bo,3,low,7,Nong Nghiep Moi Truong
2024-05-13,2024-05-19,Lam Dong,Bao Loc,Robusta / ca phe nhan xo noi dia,101043,101042.85714285714,7,observed,24.486,82.143,31.0,0.358,Dat do vang tren bazan,4,low,7,Nong Nghiep Moi Truong
2024-05-13,2024-05-19,Lam Dong,Di Linh,Robusta / ca phe nhan xo noi dia,101043,101042.85714285714,7,observed,23.757,83.0,45.5,0.412,Dat do vang tren bazan,4,medium,7,Nong Nghiep Moi Truong
2024-05-13,2024-05-19,Lam Dong,Lam Ha,Robusta / ca phe nhan xo noi dia,101043,101042.85714285714,7,observed,23.9,81.429,35.2,0.391,Dat do vang tren bazan,4,low,7,Nong Nghiep Moi Truong
2024-05-20,2024-05-26,Dak Lak,Buon Ho,Robusta / ca phe nhan xo noi dia,106722,,0,interpolated_area,25.729,80.857,27.5,0.381,Dat do bazan,5,medium,0,
2024-05-20,2024-05-26,Dak Lak,Cu M'gar,Robusta / ca phe nhan xo noi dia,106822,,0,interpolated_area,27.129,78.286,22.0,0.415,Dat do bazan,5,high,0,
2024-05-20,2024-05-26,Dak Lak,Ea H'leo,Robusta / ca phe nhan xo noi dia,106722,,0,interpolated_area,26.171,80.143,19.8,0.407,Dat do bazan,5,medium,0,
2024-05-20,2024-05-26,Dak Nong,Dak R'lap,Robusta / ca phe nhan xo noi dia,106762,,0,interpolated_area,25.171,86.143,27.3,0.473,Dat do bazan,4,low,0,
2024-05-20,2024-05-26,Dak Nong,Gia Nghia,Robusta / ca phe nhan xo noi dia,106862,,0,interpolated_area,25.143,85.429,30.8,0.48,Dat do bazan,4,low,0,
2024-05-20,2024-05-26,Gia Lai,Chu Prong,Robusta / ca phe nhan xo noi dia,106466,,0,interpolated_area,27.014,79.143,36.3,0.438,Dat do bazan,4,low,0,
2024-05-20,2024-05-26,Gia Lai,Ia Grai,Robusta / ca phe nhan xo noi dia,106335,,0,interpolated_area,27.486,81.143,27.7,0.439,Dat do bazan,4,low,0,
2024-05-20,2024-05-26,Gia Lai,Pleiku,Robusta / ca phe nhan xo noi dia,106354,,0,interpolated_area,25.357,79.571,23.5,0.373,Dat do bazan,4,low,0,
2024-05-20,2024-05-26,Kon Tum,Kon Tum,Robusta / ca phe nhan xo noi dia,106388,,0,interpolated_area,25.786,84.0,32.3,0.448,Dat do vang / dat bazan cuc bo,3,low,0,
2024-05-20,2024-05-26,Lam Dong,Bao Loc,Robusta / ca phe nhan xo noi dia,105876,,0,interpolated_area,23.943,85.429,36.3,0.407,Dat do vang tren bazan,4,low,0,
2024-05-20,2024-05-26,Lam Dong,Di Linh,Robusta / ca phe nhan xo noi dia,105876,,0,interpolated_area,23.257,87.286,46.7,0.475,Dat do vang tren bazan,4,medium,0,
2024-05-20,2024-05-26,Lam Dong,Lam Ha,Robusta / ca phe nhan xo noi dia,105876,,0,interpolated_area,23.771,83.714,37.2,0.435,Dat do vang tren bazan,4,low,0,
2024-05-27,2024-06-02,Dak Lak,Buon Ho,Robusta / ca phe nhan xo noi dia,111573,,0,interpolated_area,25.714,79.714,16.8,0.294,Dat do bazan,5,medium,0,
2024-05-27,2024-06-02,Dak Lak,Cu M'gar,Robusta / ca phe nhan xo noi dia,111673,,0,interpolated_area,26.843,78.857,30.2,0.369,Dat do bazan,5,high,0,
2024-05-27,2024-06-02,Dak Lak,Ea H'leo,Robusta / ca phe nhan xo noi dia,111573,,0,interpolated_area,25.886,81.0,17.2,0.347,Dat do bazan,5,medium,0,
2024-05-27,2024-06-02,Dak Nong,Dak R'lap,Robusta / ca phe nhan xo noi dia,111666,,0,interpolated_area,25.086,86.286,30.0,0.478,Dat do bazan,4,low,0,
2024-05-27,2024-06-02,Dak Nong,Gia Nghia,Robusta / ca phe nhan xo noi dia,111766,,0,interpolated_area,24.986,86.0,39.5,0.482,Dat do bazan,4,low,0,
2024-05-27,2024-06-02,Gia Lai,Chu Prong,Robusta / ca phe nhan xo noi dia,111461,,0,interpolated_area,26.071,84.286,48.4,0.449,Dat do bazan,4,low,0,
2024-05-27,2024-06-02,Gia Lai,Ia Grai,Robusta / ca phe nhan xo noi dia,111298,,0,interpolated_area,26.757,85.571,53.2,0.449,Dat do bazan,4,low,0,
2024-05-27,2024-06-02,Gia Lai,Pleiku,Robusta / ca phe nhan xo noi dia,111336,,0,interpolated_area,24.5,85.429,33.3,0.394,Dat do bazan,4,low,0,
2024-05-27,2024-06-02,Kon Tum,Kon Tum,Robusta / ca phe nhan xo noi dia,111334,,0,interpolated_area,25.643,85.286,35.1,0.458,Dat do vang / dat bazan cuc bo,3,low,0,
2024-05-27,2024-06-02,Lam Dong,Bao Loc,Robusta / ca phe nhan xo noi dia,110709,,0,interpolated_area,24.1,85.571,25.7,0.399,Dat do vang tren bazan,4,low,0,
2024-05-27,2024-06-02,Lam Dong,Di Linh,Robusta / ca phe nhan xo noi dia,110709,,0,interpolated_area,23.171,88.143,37.1,0.476,Dat do vang tren bazan,4,medium,0,
2024-05-27,2024-06-02,Lam Dong,Lam Ha,Robusta / ca phe nhan xo noi dia,110709,,0,interpolated_area,23.929,84.0,25.9,0.416,Dat do vang tren bazan,4,low,0,
2024-06-03,2024-06-09,Dak Lak,Buon Ho,Robusta / ca phe nhan xo noi dia,116424,,0,interpolated_area,25.929,78.429,35.1,0.266,Dat do bazan,5,medium,0,
2024-06-03,2024-06-09,Dak Lak,Cu M'gar,Robusta / ca phe nhan xo noi dia,116524,,0,interpolated_area,26.786,78.714,40.6,0.394,Dat do bazan,5,high,0,
2024-06-03,2024-06-09,Dak Lak,Ea H'leo,Robusta / ca phe nhan xo noi dia,116424,,0,interpolated_area,26.086,80.143,30.4,0.345,Dat do bazan,5,medium,0,
2024-06-03,2024-06-09,Dak Nong,Dak R'lap,Robusta / ca phe nhan xo noi dia,116571,,0,interpolated_area,24.771,87.571,47.8,0.476,Dat do bazan,4,low,0,
2024-06-03,2024-06-09,Dak Nong,Gia Nghia,Robusta / ca phe nhan xo noi dia,116671,,0,interpolated_area,24.514,87.286,42.9,0.477,Dat do bazan,4,low,0,
2024-06-03,2024-06-09,Gia Lai,Chu Prong,Robusta / ca phe nhan xo noi dia,116455,,0,interpolated_area,26.514,81.571,44.3,0.439,Dat do bazan,4,low,0,
2024-06-03,2024-06-09,Gia Lai,Ia Grai,Robusta / ca phe nhan xo noi dia,116262,,0,interpolated_area,27.057,83.429,38.6,0.414,Dat do bazan,4,low,0,
2024-06-03,2024-06-09,Gia Lai,Pleiku,Robusta / ca phe nhan xo noi dia,116318,,0,interpolated_area,24.886,82.714,46.4,0.384,Dat do bazan,4,low,0,
2024-06-03,2024-06-09,Kon Tum,Kon Tum,Robusta / ca phe nhan xo noi dia,116279,,0,interpolated_area,25.1,87.143,66.9,0.474,Dat do vang / dat bazan cuc bo,3,low,0,
2024-06-03,2024-06-09,Lam Dong,Bao Loc,Robusta / ca phe nhan xo noi dia,115542,,0,interpolated_area,23.743,86.571,34.2,0.407,Dat do vang tren bazan,4,low,0,
2024-06-03,2024-06-09,Lam Dong,Di Linh,Robusta / ca phe nhan xo noi dia,115542,,0,interpolated_area,23.271,85.286,42.9,0.476,Dat do vang tren bazan,4,medium,0,
2024-06-03,2024-06-09,Lam Dong,Lam Ha,Robusta / ca phe nhan xo noi dia,115542,,0,interpolated_area,23.514,83.286,37.5,0.428,Dat do vang tren bazan,4,low,0,
2024-06-10,2024-06-16,Dak Lak,Buon Ho,Robusta / ca phe nhan xo noi dia,121275,121275.0,4,observed,26.2,74.429,14.2,0.28,Dat do bazan,5,medium,4,Nong Nghiep Moi Truong
2024-06-10,2024-06-16,Dak Lak,Cu M'gar,Robusta / ca phe nhan xo noi dia,121375,121375.0,4,observed,27.3,73.286,19.5,0.369,Dat do bazan,5,high,4,Nong Nghiep Moi Truong
2024-06-10,2024-06-16,Dak Lak,Ea H'leo,Robusta / ca phe nhan xo noi dia,121275,121275.0,4,observed,26.5,75.429,12.6,0.358,Dat do bazan,5,medium,4,Nong Nghiep Moi Truong
2024-06-10,2024-06-16,Dak Nong,Dak R'lap,Robusta / ca phe nhan xo noi dia,121475,121475.0,4,observed,24.529,87.0,56.5,0.478,Dat do bazan,4,low,4,Nong Nghiep Moi Truong
2024-06-10,2024-06-16,Dak Nong,Gia Nghia,Robusta / ca phe nhan xo noi dia,121575,121575.0,4,observed,24.343,87.143,44.0,0.483,Dat do bazan,4,low,4,Nong Nghiep Moi Truong
2024-06-10,2024-06-16,Gia Lai,Chu Prong,Robusta / ca phe nhan xo noi dia,121450,121450.0,4,observed,26.829,77.857,16.1,0.435,Dat do bazan,4,low,4,Nong Nghiep Moi Truong
2024-06-10,2024-06-16,Gia Lai,Ia Grai,Robusta / ca phe nhan xo noi dia,121225,121225.0,4,observed,27.543,79.143,17.3,0.424,Dat do bazan,4,low,4,Nong Nghiep Moi Truong
2024-06-10,2024-06-16,Gia Lai,Pleiku,Robusta / ca phe nhan xo noi dia,121300,121300.0,4,observed,25.271,78.857,14.1,0.374,Dat do bazan,4,low,4,Nong Nghiep Moi Truong
2024-06-10,2024-06-16,Kon Tum,Kon Tum,Robusta / ca phe nhan xo noi dia,121225,121225.0,4,observed,26.071,80.857,14.8,0.433,Dat do vang / dat bazan cuc bo,3,low,4,Nong Nghiep Moi Truong
2024-06-10,2024-06-16,Lam Dong,Bao Loc,Robusta / ca phe nhan xo noi dia,120375,120375.0,4,observed,23.271,87.429,50.2,0.433,Dat do vang tren bazan,4,low,4,Nong Nghiep Moi Truong
2024-06-10,2024-06-16,Lam Dong,Di Linh,Robusta / ca phe nhan xo noi dia,120375,120375.0,4,observed,22.914,86.714,50.0,0.47,Dat do vang tren bazan,4,medium,4,Nong Nghiep Moi Truong
2024-06-10,2024-06-16,Lam Dong,Lam Ha,Robusta / ca phe nhan xo noi dia,120375,120375.0,4,observed,23.214,83.714,30.3,0.442,Dat do vang tren bazan,4,low,4,Nong Nghiep Moi Truong
2024-06-17,2024-06-23,Dak Lak,Buon Ho,Robusta / ca phe nhan xo noi dia,120233,120233.33333333333,3,observed,24.357,85.143,70.7,0.415,Dat do bazan,5,medium,3,Nong Nghiep Moi Truong
2024-06-17,2024-06-23,Dak Lak,Cu M'gar,Robusta / ca phe nhan xo noi dia,120333,120333.33333333333,3,observed,25.571,83.571,113.2,0.436,Dat do bazan,5,high,3,Nong Nghiep Moi Truong
2024-06-17,2024-06-23,Dak Lak,Ea H'leo,Robusta / ca phe nhan xo noi dia,120233,120233.33333333333,3,observed,24.786,84.714,48.6,0.431,Dat do bazan,5,medium,3,Nong Nghiep Moi Truong
2024-06-17,2024-06-23,Dak Nong,Dak R'lap,Robusta / ca phe nhan xo noi dia,120433,120433.33333333333,3,observed,23.5,92.857,96.4,0.489,Dat do bazan,4,low,3,Nong Nghiep Moi Truong
2024-06-17,2024-06-23,Dak Nong,Gia Nghia,Robusta / ca phe nhan xo noi dia,120533,120533.33333333333,3,observed,23.471,91.286,101.4,0.497,Dat do bazan,4,low,3,Nong Nghiep Moi Truong
2024-06-17,2024-06-23,Gia Lai,Chu Prong,Robusta / ca phe nhan xo noi dia,120333,120333.33333333333,3,observed,25.171,87.143,90.9,0.46,Dat do bazan,4,low,3,Nong Nghiep Moi Truong
2024-06-17,2024-06-23,Gia Lai,Ia Grai,Robusta / ca phe nhan xo noi dia,120267,120266.66666666667,3,observed,25.971,87.571,110.1,0.476,Dat do bazan,4,low,3,Nong Nghiep Moi Truong
2024-06-17,2024-06-23,Gia Lai,Pleiku,Robusta / ca phe nhan xo noi dia,120267,120266.66666666667,3,observed,23.829,87.286,65.2,0.418,Dat do bazan,4,low,3,Nong Nghiep Moi Truong
2024-06-17,2024-06-23,Kon Tum,Kon Tum,Robusta / ca phe nhan xo noi dia,120333,120333.33333333333,3,observed,25.086,87.0,59.5,0.447,Dat do vang / dat bazan cuc bo,3,low,3,Nong Nghiep Moi Truong
2024-06-17,2024-06-23,Lam Dong,Bao Loc,Robusta / ca phe nhan xo noi dia,119333,119333.33333333333,3,observed,22.686,89.857,63.4,0.457,Dat do vang tren bazan,4,low,3,Nong Nghiep Moi Truong
2024-06-17,2024-06-23,Lam Dong,Di Linh,Robusta / ca phe nhan xo noi dia,119333,119333.33333333333,3,observed,22.029,91.714,53.6,0.486,Dat do vang tren bazan,4,medium,3,Nong Nghiep Moi Truong
2024-06-17,2024-06-23,Lam Dong,Lam Ha,Robusta / ca phe nhan xo noi dia,119333,119333.33333333333,3,observed,22.871,86.429,58.6,0.46,Dat do vang tren bazan,4,low,3,Nong Nghiep Moi Truong
2024-06-24,2024-06-30,Dak Lak,Buon Ho,Robusta / ca phe nhan xo noi dia,121200,121200.0,1,observed,24.471,84.571,35.0,0.449,Dat do bazan,5,medium,1,Cong Thuong
2024-06-24,2024-06-30,Dak Lak,Cu M'gar,Robusta / ca phe nhan xo noi dia,121200,,0,province_proxy,25.657,83.714,54.5,0.477,Dat do bazan,5,high,0,
2024-06-24,2024-06-30,Dak Lak,Ea H'leo,Robusta / ca phe nhan xo noi dia,121200,121200.0,1,observed,24.914,83.714,30.6,0.47,Dat do bazan,5,medium,1,Cong Thuong
2024-06-24,2024-06-30,Dak Nong,Dak R'lap,Robusta / ca phe nhan xo noi dia,123200,,0,interpolated_area,23.829,89.429,54.0,0.488,Dat do bazan,4,low,0,
2024-06-24,2024-06-30,Dak Nong,Gia Nghia,Robusta / ca phe nhan xo noi dia,123289,,0,interpolated_area,23.629,89.286,70.4,0.497,Dat do bazan,4,low,0,
2024-06-24,2024-06-30,Gia Lai,Chu Prong,Robusta / ca phe nhan xo noi dia,121100,,0,province_proxy,25.257,85.429,34.7,0.48,Dat do bazan,4,low,0,
2024-06-24,2024-06-30,Gia Lai,Ia Grai,Robusta / ca phe nhan xo noi dia,121100,121100.0,1,observed,25.929,86.571,56.7,0.495,Dat do bazan,4,low,1,Cong Thuong
2024-06-24,2024-06-30,Gia Lai,Pleiku,Robusta / ca phe nhan xo noi dia,121100,121100.0,1,observed,23.471,88.143,33.5,0.478,Dat do bazan,4,low,1,Cong Thuong
2024-06-24,2024-06-30,Kon Tum,Kon Tum,Robusta / ca phe nhan xo noi dia,121200,121200.0,1,observed,24.914,85.714,30.1,0.477,Dat do vang / dat bazan cuc bo,3,low,1,Cong Thuong
2024-06-24,2024-06-30,Lam Dong,Bao Loc,Robusta / ca phe nhan xo noi dia,120000,120000.0,1,observed,22.6,89.429,44.5,0.474,Dat do vang tren bazan,4,low,1,Cong Thuong
2024-06-24,2024-06-30,Lam Dong,Di Linh,Robusta / ca phe nhan xo noi dia,120000,120000.0,1,observed,22.014,90.286,65.6,0.489,Dat do vang tren bazan,4,medium,1,Cong Thuong
2024-06-24,2024-06-30,Lam Dong,Lam Ha,Robusta / ca phe nhan xo noi dia,120000,120000.0,1,observed,22.514,86.286,27.2,0.454,Dat do vang tren bazan,4,low,1,Cong Thuong
2024-07-01,2024-07-07,Dak Lak,Buon Ho,Robusta / ca phe nhan xo noi dia,124933,,0,interpolated_area,24.143,84.857,51.7,0.411,Dat do bazan,5,medium,0,
2024-07-01,2024-07-07,Dak Lak,Cu M'gar,Robusta / ca phe nhan xo noi dia,124967,,0,interpolated_area,25.286,84.429,77.0,0.466,Dat do bazan,5,high,0,
2024-07-01,2024-07-07,Dak Lak,Ea H'leo,Robusta / ca phe nhan xo noi dia,124933,,0,interpolated_area,24.671,84.429,74.3,0.465,Dat do bazan,5,medium,0,
2024-07-01,2024-07-07,Dak Nong,Dak R'lap,Robusta / ca phe nhan xo noi dia,125967,,0,interpolated_area,23.743,88.857,86.0,0.489,Dat do bazan,4,low,0,
2024-07-01,2024-07-07,Dak Nong,Gia Nghia,Robusta / ca phe nhan xo noi dia,126044,,0,interpolated_area,23.7,87.714,99.8,0.49,Dat do bazan,4,low,0,
2024-07-01,2024-07-07,Gia Lai,Chu Prong,Robusta / ca phe nhan xo noi dia,124900,,0,interpolated_area,25.243,85.143,41.0,0.481,Dat do bazan,4,low,0,
2024-07-01,2024-07-07,Gia Lai,Ia Grai,Robusta / ca phe nhan xo noi dia,124850,,0,interpolated_area,25.9,86.286,76.6,0.494,Dat do bazan,4,low,0,
2024-07-01,2024-07-07,Gia Lai,Pleiku,Robusta / ca phe nhan xo noi dia,124850,,0,interpolated_area,23.5,87.0,64.8,0.459,Dat do bazan,4,low,0,
2024-07-01,2024-07-07,Kon Tum,Kon Tum,Robusta / ca phe nhan xo noi dia,124900,,0,interpolated_area,24.629,86.0,38.6,0.468,Dat do vang / dat bazan cuc bo,3,low,0,
2024-07-01,2024-07-07,Lam Dong,Bao Loc,Robusta / ca phe nhan xo noi dia,124067,,0,interpolated_area,22.686,88.429,36.9,0.437,Dat do vang tren bazan,4,low,0,
2024-07-01,2024-07-07,Lam Dong,Di Linh,Robusta / ca phe nhan xo noi dia,124067,,0,interpolated_area,22.229,89.143,69.1,0.494,Dat do vang tren bazan,4,medium,0,
2024-07-01,2024-07-07,Lam Dong,Lam Ha,Robusta / ca phe nhan xo noi dia,124067,,0,interpolated_area,22.486,85.857,63.7,0.456,Dat do vang tren bazan,4,low,0,
2024-07-08,2024-07-14,Dak Lak,Buon Ho,Robusta / ca phe nhan xo noi dia,128667,128666.66666666667,3,observed,23.314,88.714,65.0,0.457,Dat do bazan,5,medium,3,Nong Nghiep Moi Truong
2024-07-08,2024-07-14,Dak Lak,Cu M'gar,Robusta / ca phe nhan xo noi dia,128733,128733.33333333333,3,observed,24.429,88.143,109.9,0.489,Dat do bazan,5,high,3,Nong Nghiep Moi Truong
2024-07-08,2024-07-14,Dak Lak,Ea H'leo,Robusta / ca phe nhan xo noi dia,128667,128666.66666666667,3,observed,23.8,88.0,54.8,0.483,Dat do bazan,5,medium,3,Nong Nghiep Moi Truong
2024-07-08,2024-07-14,Dak Nong,Dak R'lap,Robusta / ca phe nhan xo noi dia,128733,128733.33333333333,3,observed,23.157,91.714,114.0,0.501,Dat do bazan,4,low,3,Nong Nghiep Moi Truong
2024-07-08,2024-07-14,Dak Nong,Gia Nghia,Robusta / ca phe nhan xo noi dia,128800,128800.0,3,observed,23.214,90.143,87.7,0.499,Dat do bazan,4,low,3,Nong Nghiep Moi Truong
2024-07-08,2024-07-14,Gia Lai,Chu Prong,Robusta / ca phe nhan xo noi dia,128700,128700.0,3,observed,24.243,89.429,72.3,0.498,Dat do bazan,4,low,3,Nong Nghiep Moi Truong
2024-07-08,2024-07-14,Gia Lai,Ia Grai,Robusta / ca phe nhan xo noi dia,128600,128600.0,3,observed,25.086,90.143,104.0,0.503,Dat do bazan,4,low,3,Nong Nghiep Moi Truong
2024-07-08,2024-07-14,Gia Lai,Pleiku,Robusta / ca phe nhan xo noi dia,128600,128600.0,3,observed,22.743,91.143,70.6,0.485,Dat do bazan,4,low,3,Nong Nghiep Moi Truong
2024-07-08,2024-07-14,Kon Tum,Kon Tum,Robusta / ca phe nhan xo noi dia,128600,128600.0,3,observed,24.129,88.714,98.0,0.498,Dat do vang / dat bazan cuc bo,3,low,3,Nong Nghiep Moi Truong
2024-07-08,2024-07-14,Lam Dong,Bao Loc,Robusta / ca phe nhan xo noi dia,128133,128133.33333333333,3,observed,22.214,90.286,60.5,0.449,Dat do vang tren bazan,4,low,3,Nong Nghiep Moi Truong
2024-07-08,2024-07-14,Lam Dong,Di Linh,Robusta / ca phe nhan xo noi dia,128133,128133.33333333333,3,observed,21.486,92.429,56.1,0.497,Dat do vang tren bazan,4,medium,3,Nong Nghiep Moi Truong
2024-07-08,2024-07-14,Lam Dong,Lam Ha,Robusta / ca phe nhan xo noi dia,128133,128133.33333333333,3,observed,22.357,86.571,41.7,0.453,Dat do vang tren bazan,4,low,3,Nong Nghiep Moi Truong
2024-07-15,2024-07-21,Dak Lak,Buon Ho,Robusta / ca phe nhan xo noi dia,127460,127460.0,5,observed,22.843,91.143,76.2,0.494,Dat do bazan,5,medium,5,Nong Nghiep Moi Truong
2024-07-15,2024-07-21,Dak Lak,Cu M'gar,Robusta / ca phe nhan xo noi dia,127540,127540.0,5,observed,24.071,90.286,121.5,0.505,Dat do bazan,5,high,5,Nong Nghiep Moi Truong
2024-07-15,2024-07-21,Dak Lak,Ea H'leo,Robusta / ca phe nhan xo noi dia,127460,127460.0,5,observed,23.143,91.714,77.5,0.503,Dat do bazan,5,medium,5,Nong Nghiep Moi Truong
2024-07-15,2024-07-21,Dak Nong,Dak R'lap,Robusta / ca phe nhan xo noi dia,127580,127580.0,5,observed,22.329,97.143,124.3,0.509,Dat do bazan,4,low,5,Nong Nghiep Moi Truong
2024-07-15,2024-07-21,Dak Nong,Gia Nghia,Robusta / ca phe nhan xo noi dia,127680,127680.0,5,observed,22.343,95.429,88.6,0.506,Dat do bazan,4,low,5,Nong Nghiep Moi Truong
2024-07-15,2024-07-21,Gia Lai,Chu Prong,Robusta / ca phe nhan xo noi dia,127520,127520.0,5,observed,23.3,95.0,120.7,0.507,Dat do bazan,4,low,5,Nong Nghiep Moi Truong
2024-07-15,2024-07-21,Gia Lai,Ia Grai,Robusta / ca phe nhan xo noi dia,127420,127420.0,5,observed,24.029,94.857,193.6,0.509,Dat do bazan,4,low,5,Nong Nghiep Moi Truong
2024-07-15,2024-07-21,Gia Lai,Pleiku,Robusta / ca phe nhan xo noi dia,127420,127420.0,5,observed,21.871,95.714,85.0,0.507,Dat do bazan,4,low,5,Nong Nghiep Moi Truong
2024-07-15,2024-07-21,Kon Tum,Kon Tum,Robusta / ca phe nhan xo noi dia,127460,127460.0,5,observed,23.786,91.143,96.6,0.504,Dat do vang / dat bazan cuc bo,3,low,5,Nong Nghiep Moi Truong
2024-07-15,2024-07-21,Lam Dong,Bao Loc,Robusta / ca phe nhan xo noi dia,127020,127020.0,5,observed,21.743,93.714,85.0,0.502,Dat do vang tren bazan,4,low,5,Nong Nghiep Moi Truong
2024-07-15,2024-07-21,Lam Dong,Di Linh,Robusta / ca phe nhan xo noi dia,127020,127020.0,5,observed,21.129,95.0,86.1,0.506,Dat do vang tren bazan,4,medium,5,Nong Nghiep Moi Truong
2024-07-15,2024-07-21,Lam Dong,Lam Ha,Robusta / ca phe nhan xo noi dia,127020,127020.0,5,observed,22.2,88.286,56.7,0.481,Dat do vang tren bazan,4,low,5,Nong Nghiep Moi Truong
2024-07-22,2024-07-28,Dak Lak,Buon Ho,Robusta / ca phe nhan xo noi dia,125140,,0,interpolated_area,23.514,87.857,48.6,0.49,Dat do bazan,5,medium,0,
2024-07-22,2024-07-28,Dak Lak,Cu M'gar,Robusta / ca phe nhan xo noi dia,125227,,0,interpolated_area,24.829,86.429,74.0,0.495,Dat do bazan,5,high,0,
2024-07-22,2024-07-28,Dak Lak,Ea H'leo,Robusta / ca phe nhan xo noi dia,125140,,0,interpolated_area,23.657,89.714,53.8,0.501,Dat do bazan,5,medium,0,
2024-07-22,2024-07-28,Dak Nong,Dak R'lap,Robusta / ca phe nhan xo noi dia,125253,,0,interpolated_area,22.686,95.714,140.0,0.507,Dat do bazan,4,low,0,
2024-07-22,2024-07-28,Dak Nong,Gia Nghia,Robusta / ca phe nhan xo noi dia,125353,,0,interpolated_area,22.614,94.714,100.7,0.506,Dat do bazan,4,low,0,
2024-07-22,2024-07-28,Gia Lai,Chu Prong,Robusta / ca phe nhan xo noi dia,125180,,0,interpolated_area,23.614,94.286,155.3,0.509,Dat do bazan,4,low,0,
2024-07-22,2024-07-28,Gia Lai,Ia Grai,Robusta / ca phe nhan xo noi dia,125080,,0,interpolated_area,24.357,94.143,163.8,0.508,Dat do bazan,4,low,0,
2024-07-22,2024-07-28,Gia Lai,Pleiku,Robusta / ca phe nhan xo noi dia,125080,,0,interpolated_area,21.986,95.857,116.0,0.511,Dat do bazan,4,low,0,
2024-07-22,2024-07-28,Kon Tum,Kon Tum,Robusta / ca phe nhan xo noi dia,125140,,0,interpolated_area,24.086,89.0,113.9,0.503,Dat do vang / dat bazan cuc bo,3,low,0,
2024-07-22,2024-07-28,Lam Dong,Bao Loc,Robusta / ca phe nhan xo noi dia,124513,,0,interpolated_area,21.871,93.857,77.2,0.507,Dat do vang tren bazan,4,low,0,
2024-07-22,2024-07-28,Lam Dong,Di Linh,Robusta / ca phe nhan xo noi dia,124513,,0,interpolated_area,21.357,95.143,71.4,0.505,Dat do vang tren bazan,4,medium,0,
2024-07-22,2024-07-28,Lam Dong,Lam Ha,Robusta / ca phe nhan xo noi dia,124513,,0,interpolated_area,22.4,88.143,43.3,0.49,Dat do vang tren bazan,4,low,0,
2024-07-29,2024-08-04,Dak Lak,Buon Ho,Robusta / ca phe nhan xo noi dia,122820,,0,interpolated_area,24.071,85.286,44.4,0.438,Dat do bazan,5,medium,0,
2024-07-29,2024-08-04,Dak Lak,Cu M'gar,Robusta / ca phe nhan xo noi dia,122913,,0,interpolated_area,25.129,84.714,77.6,0.487,Dat do bazan,5,high,0,
2024-07-29,2024-08-04,Dak Lak,Ea H'leo,Robusta / ca phe nhan xo noi dia,122820,,0,interpolated_area,24.5,84.571,39.8,0.476,Dat do bazan,5,medium,0,
2024-07-29,2024-08-04,Dak Nong,Dak R'lap,Robusta / ca phe nhan xo noi dia,122927,,0,interpolated_area,23.743,88.714,68.6,0.491,Dat do bazan,4,low,0,
2024-07-29,2024-08-04,Dak Nong,Gia Nghia,Robusta / ca phe nhan xo noi dia,123027,,0,interpolated_area,23.714,87.571,63.6,0.486,Dat do bazan,4,low,0,
2024-07-29,2024-08-04,Gia Lai,Chu Prong,Robusta / ca phe nhan xo noi dia,122840,,0,interpolated_area,24.814,87.286,48.7,0.485,Dat do bazan,4,low,0,
2024-07-29,2024-08-04,Gia Lai,Ia Grai,Robusta / ca phe nhan xo noi dia,122740,,0,interpolated_area,25.514,87.429,35.2,0.475,Dat do bazan,4,low,0,
2024-07-29,2024-08-04,Gia Lai,Pleiku,Robusta / ca phe nhan xo noi dia,122740,,0,interpolated_area,23.029,89.714,29.9,0.476,Dat do bazan,4,low,0,
2024-07-29,2024-08-04,Kon Tum,Kon Tum,Robusta / ca phe nhan xo noi dia,122820,,0,interpolated_area,24.471,86.857,27.5,0.474,Dat do vang / dat bazan cuc bo,3,low,0,
2024-07-29,2024-08-04,Lam Dong,Bao Loc,Robusta / ca phe nhan xo noi dia,122007,,0,interpolated_area,22.4,89.857,52.8,0.478,Dat do vang tren bazan,4,low,0,
2024-07-29,2024-08-04,Lam Dong,Di Linh,Robusta / ca phe nhan xo noi dia,122007,,0,interpolated_area,21.843,89.857,54.6,0.479,Dat do vang tren bazan,4,medium,0,
2024-07-29,2024-08-04,Lam Dong,Lam Ha,Robusta / ca phe nhan xo noi dia,122007,,0,interpolated_area,22.457,85.714,49.3,0.472,Dat do vang tren bazan,4,low,0,
2024-08-05,2024-08-11,Dak Lak,Buon Ho,Robusta / ca phe nhan xo noi dia,120500,120500.0,1,observed,24.529,85.571,27.2,0.397,Dat do bazan,5,medium,1,Nong Nghiep Moi Truong
2024-08-05,2024-08-11,Dak Lak,Cu M'gar,Robusta / ca phe nhan xo noi dia,120600,120600.0,1,observed,25.557,85.0,29.1,0.47,Dat do bazan,5,high,1,Nong Nghiep Moi Truong
2024-08-05,2024-08-11,Dak Lak,Ea H'leo,Robusta / ca phe nhan xo noi dia,120500,120500.0,1,observed,25.0,84.857,51.2,0.47,Dat do bazan,5,medium,1,Nong Nghiep Moi Truong
2024-08-05,2024-08-11,Dak Nong,Dak R'lap,Robusta / ca phe nhan xo noi dia,120600,120600.0,1,observed,24.157,88.714,49.9,0.489,Dat do bazan,4,low,1,Nong Nghiep Moi Truong
2024-08-05,2024-08-11,Dak Nong,Gia Nghia,Robusta / ca phe nhan xo noi dia,120700,120700.0,1,observed,24.171,87.429,48.1,0.483,Dat do bazan,4,low,1,Nong Nghiep Moi Truong
2024-08-05,2024-08-11,Gia Lai,Chu Prong,Robusta / ca phe nhan xo noi dia,120500,120500.0,1,observed,25.529,86.714,46.2,0.485,Dat do bazan,4,low,1,Nong Nghiep Moi Truong
2024-08-05,2024-08-11,Gia Lai,Ia Grai,Robusta / ca phe nhan xo noi dia,120400,120400.0,1,observed,26.214,86.714,49.6,0.484,Dat do bazan,4,low,1,Nong Nghiep Moi Truong
2024-08-05,2024-08-11,Gia Lai,Pleiku,Robusta / ca phe nhan xo noi dia,120400,120400.0,1,observed,23.729,88.571,24.8,0.47,Dat do bazan,4,low,1,Nong Nghiep Moi Truong
2024-08-05,2024-08-11,Kon Tum,Kon Tum,Robusta / ca phe nhan xo noi dia,120500,120500.0,1,observed,24.943,87.429,47.1,0.475,Dat do vang / dat bazan cuc bo,3,low,1,Nong Nghiep Moi Truong
2024-08-05,2024-08-11,Lam Dong,Bao Loc,Robusta / ca phe nhan xo noi dia,119500,119500.0,1,observed,23.0,89.143,32.3,0.479,Dat do vang tren bazan,4,low,1,Nong Nghiep Moi Truong
2024-08-05,2024-08-11,Lam Dong,Di Linh,Robusta / ca phe nhan xo noi dia,119500,119500.0,1,observed,22.486,89.429,43.6,0.484,Dat do vang tren bazan,4,medium,1,Nong Nghiep Moi Truong
2024-08-05,2024-08-11,Lam Dong,Lam Ha,Robusta / ca phe nhan xo noi dia,119500,119500.0,1,observed,23.014,85.429,34.7,0.46,Dat do vang tren bazan,4,low,1,Nong Nghiep Moi Truong
2024-08-12,2024-08-18,Dak Lak,Buon Ho,Robusta / ca phe nhan xo noi dia,118340,118340.0,5,observed,25.357,81.714,12.0,0.311,Dat do bazan,5,medium,5,Nong Nghiep Moi Truong
2024-08-12,2024-08-18,Dak Lak,Cu M'gar,Robusta / ca phe nhan xo noi dia,118440,118440.0,5,observed,26.214,82.0,13.8,0.419,Dat do bazan,5,high,5,Nong Nghiep Moi Truong
2024-08-12,2024-08-18,Dak Lak,Ea H'leo,Robusta / ca phe nhan xo noi dia,118340,118340.0,5,observed,25.586,82.571,12.2,0.431,Dat do bazan,5,medium,5,Nong Nghiep Moi Truong
2024-08-12,2024-08-18,Dak Nong,Dak R'lap,Robusta / ca phe nhan xo noi dia,118300,118300.0,5,observed,24.529,87.286,46.9,0.48,Dat do bazan,4,low,5,Nong Nghiep Moi Truong
2024-08-12,2024-08-18,Dak Nong,Gia Nghia,Robusta / ca phe nhan xo noi dia,118400,118400.0,5,observed,24.6,86.0,27.5,0.47,Dat do bazan,4,low,5,Nong Nghiep Moi Truong
2024-08-12,2024-08-18,Gia Lai,Chu Prong,Robusta / ca phe nhan xo noi dia,118280,118280.0,5,observed,25.929,84.143,25.8,0.482,Dat do bazan,4,low,5,Nong Nghiep Moi Truong
2024-08-12,2024-08-18,Gia Lai,Ia Grai,Robusta / ca phe nhan xo noi dia,118200,118200.0,5,observed,26.614,85.143,36.5,0.489,Dat do bazan,4,low,5,Nong Nghiep Moi Truong
2024-08-12,2024-08-18,Gia Lai,Pleiku,Robusta / ca phe nhan xo noi dia,118200,118200.0,5,observed,24.029,87.857,10.7,0.47,Dat do bazan,4,low,5,Nong Nghiep Moi Truong
2024-08-12,2024-08-18,Kon Tum,Kon Tum,Robusta / ca phe nhan xo noi dia,118260,118260.0,5,observed,25.186,86.714,18.9,0.48,Dat do vang / dat bazan cuc bo,3,low,5,Nong Nghiep Moi Truong
2024-08-12,2024-08-18,Lam Dong,Bao Loc,Robusta / ca phe nhan xo noi dia,117840,117840.0,5,observed,23.3,88.571,19.6,0.448,Dat do vang tren bazan,4,low,5,Nong Nghiep Moi Truong
2024-08-12,2024-08-18,Lam Dong,Di Linh,Robusta / ca phe nhan xo noi dia,117840,117840.0,5,observed,22.614,89.571,29.2,0.465,Dat do vang tren bazan,4,medium,5,Nong Nghiep Moi Truong
2024-08-12,2024-08-18,Lam Dong,Lam Ha,Robusta / ca phe nhan xo noi dia,117840,117840.0,5,observed,23.2,85.286,15.1,0.393,Dat do vang tren bazan,4,low,5,Nong Nghiep Moi Truong
2024-08-19,2024-08-25,Dak Lak,Buon Ho,Robusta / ca phe nhan xo noi dia,118000,118000.0,1,observed,25.3,78.857,31.6,0.289,Dat do bazan,5,medium,1,Nong Nghiep Moi Truong
2024-08-19,2024-08-25,Dak Lak,Cu M'gar,Robusta / ca phe nhan xo noi dia,118100,118100.0,1,observed,26.029,80.286,47.1,0.397,Dat do bazan,5,high,1,Nong Nghiep Moi Truong
2024-08-19,2024-08-25,Dak Lak,Ea H'leo,Robusta / ca phe nhan xo noi dia,118000,118000.0,1,observed,25.343,81.714,34.0,0.424,Dat do bazan,5,medium,1,Nong Nghiep Moi Truong
2024-08-19,2024-08-25,Dak Nong,Dak R'lap,Robusta / ca phe nhan xo noi dia,118000,118000.0,1,observed,24.171,87.286,64.0,0.48,Dat do bazan,4,low,1,Nong Nghiep Moi Truong
2024-08-19,2024-08-25,Dak Nong,Gia Nghia,Robusta / ca phe nhan xo noi dia,118100,118100.0,1,observed,24.257,85.429,38.4,0.471,Dat do bazan,4,low,1,Nong Nghiep Moi Truong
2024-08-19,2024-08-25,Gia Lai,Chu Prong,Robusta / ca phe nhan xo noi dia,118000,118000.0,1,observed,25.886,82.286,32.6,0.464,Dat do bazan,4,low,1,Nong Nghiep Moi Truong
2024-08-19,2024-08-25,Gia Lai,Ia Grai,Robusta / ca phe nhan xo noi dia,118000,118000.0,1,observed,26.329,84.571,33.2,0.479,Dat do bazan,4,low,1,Nong Nghiep Moi Truong
2024-08-19,2024-08-25,Gia Lai,Pleiku,Robusta / ca phe nhan xo noi dia,118000,118000.0,1,observed,23.914,85.857,42.9,0.458,Dat do bazan,4,low,1,Nong Nghiep Moi Truong
2024-08-19,2024-08-25,Kon Tum,Kon Tum,Robusta / ca phe nhan xo noi dia,118000,118000.0,1,observed,24.671,86.714,29.6,0.472,Dat do vang / dat bazan cuc bo,3,low,1,Nong Nghiep Moi Truong
2024-08-19,2024-08-25,Lam Dong,Bao Loc,Robusta / ca phe nhan xo noi dia,117300,117300.0,1,observed,22.7,88.0,36.6,0.443,Dat do vang tren bazan,4,low,1,Nong Nghiep Moi Truong
2024-08-19,2024-08-25,Lam Dong,Di Linh,Robusta / ca phe nhan xo noi dia,117300,117300.0,1,observed,22.5,87.286,36.4,0.48,Dat do vang tren bazan,4,medium,1,Nong Nghiep Moi Truong
2024-08-19,2024-08-25,Lam Dong,Lam Ha,Robusta / ca phe nhan xo noi dia,117300,117300.0,1,observed,22.871,82.857,34.2,0.382,Dat do vang tren bazan,4,low,1,Nong Nghiep Moi Truong
2024-08-26,2024-09-01,Dak Lak,Buon Ho,Robusta / ca phe nhan xo noi dia,119367,,0,interpolated_area,23.314,88.143,48.9,0.464,Dat do bazan,5,medium,0,
2024-08-26,2024-09-01,Dak Lak,Cu M'gar,Robusta / ca phe nhan xo noi dia,119467,,0,interpolated_area,24.371,88.0,98.8,0.489,Dat do bazan,5,high,0,
2024-08-26,2024-09-01,Dak Lak,Ea H'leo,Robusta / ca phe nhan xo noi dia,119367,,0,interpolated_area,23.829,87.0,69.3,0.489,Dat do bazan,5,medium,0,
2024-08-26,2024-09-01,Dak Nong,Dak R'lap,Robusta / ca phe nhan xo noi dia,119378,,0,interpolated_area,22.886,92.857,155.2,0.503,Dat do bazan,4,low,0,
2024-08-26,2024-09-01,Dak Nong,Gia Nghia,Robusta / ca phe nhan xo noi dia,119478,,0,interpolated_area,22.957,91.714,151.8,0.504,Dat do bazan,4,low,0,
2024-08-26,2024-09-01,Gia Lai,Chu Prong,Robusta / ca phe nhan xo noi dia,119378,,0,interpolated_area,24.3,88.571,101.3,0.498,Dat do bazan,4,low,0,
2024-08-26,2024-09-01,Gia Lai,Ia Grai,Robusta / ca phe nhan xo noi dia,119356,,0,interpolated_area,25.0,89.0,108.0,0.498,Dat do bazan,4,low,0,
2024-08-26,2024-09-01,Gia Lai,Pleiku,Robusta / ca phe nhan xo noi dia,119356,,0,interpolated_area,22.657,90.143,85.8,0.497,Dat do bazan,4,low,0,
2024-08-26,2024-09-01,Kon Tum,Kon Tum,Robusta / ca phe nhan xo noi dia,119378,,0,interpolated_area,24.029,88.286,85.4,0.495,Dat do vang / dat bazan cuc bo,3,low,0,
2024-08-26,2024-09-01,Lam Dong,Bao Loc,Robusta / ca phe nhan xo noi dia,118767,,0,interpolated_area,22.0,91.714,77.6,0.491,Dat do vang tren bazan,4,low,0,
2024-08-26,2024-09-01,Lam Dong,Di Linh,Robusta / ca phe nhan xo noi dia,118767,,0,interpolated_area,21.386,92.714,66.3,0.501,Dat do vang tren bazan,4,medium,0,
2024-08-26,2024-09-01,Lam Dong,Lam Ha,Robusta / ca phe nhan xo noi dia,118767,,0,interpolated_area,22.257,87.714,76.9,0.474,Dat do vang tren bazan,4,low,0,
2024-09-02,2024-09-08,Dak Lak,Buon Ho,Robusta / ca phe nhan xo noi dia,120733,,0,interpolated_area,23.557,88.429,47.6,0.492,Dat do bazan,5,medium,0,
2024-09-02,2024-09-08,Dak Lak,Cu M'gar,Robusta / ca phe nhan xo noi dia,120833,,0,interpolated_area,24.743,87.143,63.7,0.493,Dat do bazan,5,high,0,
2024-09-02,2024-09-08,Dak Lak,Ea H'leo,Robusta / ca phe nhan xo noi dia,120733,,0,interpolated_area,23.871,88.571,57.8,0.495,Dat do bazan,5,medium,0,
2024-09-02,2024-09-08,Dak Nong,Dak R'lap,Robusta / ca phe nhan xo noi dia,120756,,0,interpolated_area,22.9,94.714,128.5,0.504,Dat do bazan,4,low,0,
2024-09-02,2024-09-08,Dak Nong,Gia Nghia,Robusta / ca phe nhan xo noi dia,120856,,0,interpolated_area,22.943,93.143,83.3,0.501,Dat do bazan,4,low,0,
2024-09-02,2024-09-08,Gia Lai,Chu Prong,Robusta / ca phe nhan xo noi dia,120756,,0,interpolated_area,24.043,91.857,111.1,0.504,Dat do bazan,4,low,0,
2024-09-02,2024-09-08,Gia Lai,Ia Grai,Robusta / ca phe nhan xo noi dia,120711,,0,interpolated_area,24.757,92.143,141.2,0.505,Dat do bazan,4,low,0,
2024-09-02,2024-09-08,Gia Lai,Pleiku,Robusta / ca phe nhan xo noi dia,120711,,0,interpolated_area,22.471,93.857,90.2,0.506,Dat do bazan,4,low,0,
2024-09-02,2024-09-08,Kon Tum,Kon Tum,Robusta / ca phe nhan xo noi dia,120756,,0,interpolated_area,24.314,88.857,70.9,0.493,Dat do vang / dat bazan cuc bo,3,low,0,
2024-09-02,2024-09-08,Lam Dong,Bao Loc,Robusta / ca phe nhan xo noi dia,120233,,0,interpolated_area,22.143,93.143,81.6,0.503,Dat do vang tren bazan,4,low,0,
2024-09-02,2024-09-08,Lam Dong,Di Linh,Robusta / ca phe nhan xo noi dia,120233,,0,interpolated_area,21.629,93.571,72.0,0.504,Dat do vang tren bazan,4,medium,0,
2024-09-02,2024-09-08,Lam Dong,Lam Ha,Robusta / ca phe nhan xo noi dia,120233,,0,interpolated_area,22.543,87.714,45.0,0.492,Dat do vang tren bazan,4,low,0,
2024-09-09,2024-09-15,Dak Lak,Buon Ho,Robusta / ca phe nhan xo noi dia,122100,122100.0,3,observed,23.514,90.143,30.5,0.483,Dat do bazan,5,medium,3,Nong Nghiep Moi Truong
2024-09-09,2024-09-15,Dak Lak,Cu M'gar,Robusta / ca phe nhan xo noi dia,122200,122200.0,3,observed,24.5,89.571,46.4,0.494,Dat do bazan,5,high,3,Nong Nghiep Moi Truong
2024-09-09,2024-09-15,Dak Lak,Ea H'leo,Robusta / ca phe nhan xo noi dia,122100,122100.0,3,observed,23.986,89.143,29.3,0.492,Dat do bazan,5,medium,3,Nong Nghiep Moi Truong
2024-09-09,2024-09-15,Dak Nong,Dak R'lap,Robusta / ca phe nhan xo noi dia,122133,122133.33333333333,3,observed,23.343,92.571,118.1,0.502,Dat do bazan,4,low,3,Nong Nghiep Moi Truong
2024-09-09,2024-09-15,Dak Nong,Gia Nghia,Robusta / ca phe nhan xo noi dia,122233,122233.33333333333,3,observed,23.143,92.571,124.0,0.501,Dat do bazan,4,low,3,Nong Nghiep Moi Truong
2024-09-09,2024-09-15,Gia Lai,Chu Prong,Robusta / ca phe nhan xo noi dia,122133,122133.33333333333,3,observed,24.257,91.429,89.5,0.499,Dat do bazan,4,low,3,Nong Nghiep Moi Truong
2024-09-09,2024-09-15,Gia Lai,Ia Grai,Robusta / ca phe nhan xo noi dia,122067,122066.66666666667,3,observed,24.971,91.429,98.8,0.501,Dat do bazan,4,low,3,Nong Nghiep Moi Truong
2024-09-09,2024-09-15,Gia Lai,Pleiku,Robusta / ca phe nhan xo noi dia,122067,122066.66666666667,3,observed,22.771,92.571,49.4,0.497,Dat do bazan,4,low,3,Nong Nghiep Moi Truong
2024-09-09,2024-09-15,Kon Tum,Kon Tum,Robusta / ca phe nhan xo noi dia,122133,122133.33333333333,3,observed,24.129,90.0,98.5,0.497,Dat do vang / dat bazan cuc bo,3,low,3,Nong Nghiep Moi Truong
2024-09-09,2024-09-15,Lam Dong,Bao Loc,Robusta / ca phe nhan xo noi dia,121700,121700.0,3,observed,22.414,92.143,93.9,0.501,Dat do vang tren bazan,4,low,3,Nong Nghiep Moi Truong
2024-09-09,2024-09-15,Lam Dong,Di Linh,Robusta / ca phe nhan xo noi dia,121700,121700.0,3,observed,21.914,92.286,88.3,0.501,Dat do vang tren bazan,4,medium,3,Nong Nghiep Moi Truong
2024-09-09,2024-09-15,Lam Dong,Lam Ha,Robusta / ca phe nhan xo noi dia,121700,121700.0,3,observed,22.629,87.714,69.9,0.49,Dat do vang tren bazan,4,low,3,Nong Nghiep Moi Truong
2024-09-16,2024-09-22,Dak Lak,Buon Ho,Robusta / ca phe nhan xo noi dia,123625,123625.0,4,observed,23.043,91.571,103.4,0.502,Dat do bazan,5,medium,4,Nong Nghiep Moi Truong
2024-09-16,2024-09-22,Dak Lak,Cu M'gar,Robusta / ca phe nhan xo noi dia,123725,123725.0,4,observed,24.214,90.857,118.1,0.502,Dat do bazan,5,high,4,Nong Nghiep Moi Truong
2024-09-16,2024-09-22,Dak Lak,Ea H'leo,Robusta / ca phe nhan xo noi dia,123625,123625.0,4,observed,23.457,91.143,75.8,0.502,Dat do bazan,5,medium,4,Nong Nghiep Moi Truong
2024-09-16,2024-09-22,Dak Nong,Dak R'lap,Robusta / ca phe nhan xo noi dia,123725,123725.0,4,observed,22.371,98.143,174.7,0.509,Dat do bazan,4,low,4,Nong Nghiep Moi Truong
2024-09-16,2024-09-22,Dak Nong,Gia Nghia,Robusta / ca phe nhan xo noi dia,123775,123775.0,4,observed,22.357,96.571,128.8,0.508,Dat do bazan,4,low,4,Nong Nghiep Moi Truong
2024-09-16,2024-09-22,Gia Lai,Chu Prong,Robusta / ca phe nhan xo noi dia,123675,123675.0,4,observed,23.6,94.0,147.4,0.506,Dat do bazan,4,low,4,Nong Nghiep Moi Truong
2024-09-16,2024-09-22,Gia Lai,Ia Grai,Robusta / ca phe nhan xo noi dia,123575,123575.0,4,observed,24.4,93.714,154.8,0.505,Dat do bazan,4,low,4,Nong Nghiep Moi Truong
2024-09-16,2024-09-22,Gia Lai,Pleiku,Robusta / ca phe nhan xo noi dia,123575,123575.0,4,observed,22.229,94.714,119.0,0.505,Dat do bazan,4,low,4,Nong Nghiep Moi Truong
2024-09-16,2024-09-22,Kon Tum,Kon Tum,Robusta / ca phe nhan xo noi dia,123675,123675.0,4,observed,23.786,91.429,129.7,0.505,Dat do vang / dat bazan cuc bo,3,low,4,Nong Nghiep Moi Truong
2024-09-16,2024-09-22,Lam Dong,Bao Loc,Robusta / ca phe nhan xo noi dia,123125,123125.0,4,observed,21.886,94.857,116.4,0.508,Dat do vang tren bazan,4,low,4,Nong Nghiep Moi Truong
2024-09-16,2024-09-22,Lam Dong,Di Linh,Robusta / ca phe nhan xo noi dia,123125,123125.0,4,observed,21.357,95.714,122.1,0.507,Dat do vang tren bazan,4,medium,4,Nong Nghiep Moi Truong
2024-09-16,2024-09-22,Lam Dong,Lam Ha,Robusta / ca phe nhan xo noi dia,123125,123125.0,4,observed,22.114,91.0,148.0,0.505,Dat do vang tren bazan,4,low,4,Nong Nghiep Moi Truong
2024-09-23,2024-09-29,Dak Lak,Buon Ho,Robusta / ca phe nhan xo noi dia,120233,,0,interpolated_area,23.843,87.286,18.3,0.47,Dat do bazan,5,medium,0,
2024-09-23,2024-09-29,Dak Lak,Cu M'gar,Robusta / ca phe nhan xo noi dia,120333,,0,interpolated_area,25.243,84.0,21.3,0.468,Dat do bazan,5,high,0,
2024-09-23,2024-09-29,Dak Lak,Ea H'leo,Robusta / ca phe nhan xo noi dia,120233,,0,interpolated_area,24.3,85.857,23.2,0.48,Dat do bazan,5,medium,0,
2024-09-23,2024-09-29,Dak Nong,Dak R'lap,Robusta / ca phe nhan xo noi dia,120317,,0,interpolated_area,23.629,88.857,48.0,0.491,Dat do bazan,4,low,0,
2024-09-23,2024-09-29,Dak Nong,Gia Nghia,Robusta / ca phe nhan xo noi dia,120383,,0,interpolated_area,23.4,88.0,50.6,0.491,Dat do bazan,4,low,0,
2024-09-23,2024-09-29,Gia Lai,Chu Prong,Robusta / ca phe nhan xo noi dia,120283,,0,interpolated_area,25.1,85.143,39.1,0.472,Dat do bazan,4,low,0,
2024-09-23,2024-09-29,Gia Lai,Ia Grai,Robusta / ca phe nhan xo noi dia,120183,,0,interpolated_area,25.529,87.429,36.3,0.482,Dat do bazan,4,low,0,
2024-09-23,2024-09-29,Gia Lai,Pleiku,Robusta / ca phe nhan xo noi dia,120183,,0,interpolated_area,23.129,88.429,39.3,0.481,Dat do bazan,4,low,0,
2024-09-23,2024-09-29,Kon Tum,Kon Tum,Robusta / ca phe nhan xo noi dia,120250,,0,interpolated_area,23.971,87.714,45.5,0.478,Dat do vang / dat bazan cuc bo,3,low,0,
2024-09-23,2024-09-29,Lam Dong,Bao Loc,Robusta / ca phe nhan xo noi dia,119717,,0,interpolated_area,22.371,89.286,45.4,0.482,Dat do vang tren bazan,4,low,0,
2024-09-23,2024-09-29,Lam Dong,Di Linh,Robusta / ca phe nhan xo noi dia,119717,,0,interpolated_area,21.943,88.571,33.9,0.485,Dat do vang tren bazan,4,medium,0,
2024-09-23,2024-09-29,Lam Dong,Lam Ha,Robusta / ca phe nhan xo noi dia,119717,,0,interpolated_area,21.971,88.0,34.0,0.476,Dat do vang tren bazan,4,low,0,
2024-09-30,2024-10-06,Dak Lak,Buon Ho,Robusta / ca phe nhan xo noi dia,116842,,0,interpolated_area,23.329,88.0,33.8,0.439,Dat do bazan,5,medium,0,
2024-09-30,2024-10-06,Dak Lak,Cu M'gar,Robusta / ca phe nhan xo noi dia,116942,,0,interpolated_area,24.871,83.714,41.0,0.435,Dat do bazan,5,high,0,
2024-09-30,2024-10-06,Dak Lak,Ea H'leo,Robusta / ca phe nhan xo noi dia,116842,,0,interpolated_area,24.014,84.143,14.1,0.424,Dat do bazan,5,medium,0,
2024-09-30,2024-10-06,Dak Nong,Dak R'lap,Robusta / ca phe nhan xo noi dia,116908,,0,interpolated_area,23.7,88.0,34.5,0.479,Dat do bazan,4,low,0,
2024-09-30,2024-10-06,Dak Nong,Gia Nghia,Robusta / ca phe nhan xo noi dia,116992,,0,interpolated_area,23.557,86.714,39.0,0.477,Dat do bazan,4,low,0,
2024-09-30,2024-10-06,Gia Lai,Chu Prong,Robusta / ca phe nhan xo noi dia,116892,,0,interpolated_area,24.8,83.429,51.5,0.467,Dat do bazan,4,low,0,
2024-09-30,2024-10-06,Gia Lai,Ia Grai,Robusta / ca phe nhan xo noi dia,116792,,0,interpolated_area,25.257,85.571,60.7,0.473,Dat do bazan,4,low,0,
2024-09-30,2024-10-06,Gia Lai,Pleiku,Robusta / ca phe nhan xo noi dia,116792,,0,interpolated_area,22.929,85.857,40.5,0.468,Dat do bazan,4,low,0,
2024-09-30,2024-10-06,Kon Tum,Kon Tum,Robusta / ca phe nhan xo noi dia,116825,,0,interpolated_area,23.671,86.0,21.0,0.459,Dat do vang / dat bazan cuc bo,3,low,0,
2024-09-30,2024-10-06,Lam Dong,Bao Loc,Robusta / ca phe nhan xo noi dia,116308,,0,interpolated_area,22.3,90.571,51.5,0.484,Dat do vang tren bazan,4,low,0,
2024-09-30,2024-10-06,Lam Dong,Di Linh,Robusta / ca phe nhan xo noi dia,116308,,0,interpolated_area,22.014,89.0,44.8,0.489,Dat do vang tren bazan,4,medium,0,
2024-09-30,2024-10-06,Lam Dong,Lam Ha,Robusta / ca phe nhan xo noi dia,116308,,0,interpolated_area,21.671,88.429,65.4,0.48,Dat do vang tren bazan,4,low,0,
2024-10-07,2024-10-13,Dak Lak,Buon Ho,Robusta / ca phe nhan xo noi dia,113450,113450.0,2,observed,23.029,89.571,26.7,0.472,Dat do bazan,5,medium,2,Nong Nghiep Moi Truong
2024-10-07,2024-10-13,Dak Lak,Cu M'gar,Robusta / ca phe nhan xo noi dia,113550,113550.0,2,observed,24.843,83.429,27.9,0.466,Dat do bazan,5,high,2,Nong Nghiep Moi Truong
2024-10-07,2024-10-13,Dak Lak,Ea H'leo,Robusta / ca phe nhan xo noi dia,113450,113450.0,2,observed,23.8,85.143,23.3,0.42,Dat do bazan,5,medium,2,Nong Nghiep Moi Truong
2024-10-07,2024-10-13,Dak Nong,Dak R'lap,Robusta / ca phe nhan xo noi dia,113500,113500.0,2,observed,23.471,90.0,77.7,0.494,Dat do bazan,4,low,2,Nong Nghiep Moi Truong
2024-10-07,2024-10-13,Dak Nong,Gia Nghia,Robusta / ca phe nhan xo noi dia,113600,113600.0,2,observed,23.343,88.571,57.5,0.488,Dat do bazan,4,low,2,Nong Nghiep Moi Truong
2024-10-07,2024-10-13,Gia Lai,Chu Prong,Robusta / ca phe nhan xo noi dia,113500,113500.0,2,observed,25.114,79.429,33.6,0.477,Dat do bazan,4,low,2,Nong Nghiep Moi Truong
2024-10-07,2024-10-13,Gia Lai,Ia Grai,Robusta / ca phe nhan xo noi dia,113400,113400.0,2,observed,25.571,83.429,36.3,0.473,Dat do bazan,4,low,2,Nong Nghiep Moi Truong
2024-10-07,2024-10-13,Gia Lai,Pleiku,Robusta / ca phe nhan xo noi dia,113400,113400.0,2,observed,23.186,82.571,42.6,0.472,Dat do bazan,4,low,2,Nong Nghiep Moi Truong
2024-10-07,2024-10-13,Kon Tum,Kon Tum,Robusta / ca phe nhan xo noi dia,113400,113400.0,2,observed,23.957,82.286,9.7,0.452,Dat do vang / dat bazan cuc bo,3,low,2,Nong Nghiep Moi Truong
2024-10-07,2024-10-13,Lam Dong,Bao Loc,Robusta / ca phe nhan xo noi dia,112900,112900.0,2,observed,21.957,91.143,86.7,0.495,Dat do vang tren bazan,4,low,2,Nong Nghiep Moi Truong
2024-10-07,2024-10-13,Lam Dong,Di Linh,Robusta / ca phe nhan xo noi dia,112900,112900.0,2,observed,21.643,89.714,60.4,0.491,Dat do vang tren bazan,4,medium,2,Nong Nghiep Moi Truong
2024-10-07,2024-10-13,Lam Dong,Lam Ha,Robusta / ca phe nhan xo noi dia,112900,112900.0,2,observed,21.443,88.571,89.3,0.494,Dat do vang tren bazan,4,low,2,Nong Nghiep Moi Truong
2024-10-14,2024-10-20,Dak Lak,Buon Ho,Robusta / ca phe nhan xo noi dia,112650,112650.0,6,observed,23.186,89.429,30.3,0.471,Dat do bazan,5,medium,6,Nong Nghiep Moi Truong
2024-10-14,2024-10-20,Dak Lak,Cu M'gar,Robusta / ca phe nhan xo noi dia,112750,112750.0,6,observed,24.857,84.857,42.5,0.475,Dat do bazan,5,high,6,Nong Nghiep Moi Truong
2024-10-14,2024-10-20,Dak Lak,Ea H'leo,Robusta / ca phe nhan xo noi dia,112650,112650.0,6,observed,23.843,86.571,46.6,0.406,Dat do bazan,5,medium,6,Nong Nghiep Moi Truong
2024-10-14,2024-10-20,Dak Nong,Dak R'lap,Robusta / ca phe nhan xo noi dia,112833,112833.33333333333,6,observed,23.1,91.429,85.8,0.497,Dat do bazan,4,low,6,Nong Nghiep Moi Truong
2024-10-14,2024-10-20,Dak Nong,Gia Nghia,Robusta / ca phe nhan xo noi dia,112933,112933.33333333333,6,observed,23.043,90.714,102.5,0.494,Dat do bazan,4,low,6,Nong Nghiep Moi Truong
2024-10-14,2024-10-20,Gia Lai,Chu Prong,Robusta / ca phe nhan xo noi dia,112833,112833.33333333333,6,observed,24.657,85.0,65.2,0.48,Dat do bazan,4,low,6,Nong Nghiep Moi Truong
2024-10-14,2024-10-20,Gia Lai,Ia Grai,Robusta / ca phe nhan xo noi dia,112733,112733.33333333333,6,observed,25.157,86.857,37.3,0.468,Dat do bazan,4,low,6,Nong Nghiep Moi Truong
2024-10-14,2024-10-20,Gia Lai,Pleiku,Robusta / ca phe nhan xo noi dia,112733,112733.33333333333,6,observed,22.729,87.714,38.4,0.471,Dat do bazan,4,low,6,Nong Nghiep Moi Truong
2024-10-14,2024-10-20,Kon Tum,Kon Tum,Robusta / ca phe nhan xo noi dia,112733,112733.33333333333,6,observed,23.529,87.571,34.3,0.459,Dat do vang / dat bazan cuc bo,3,low,6,Nong Nghiep Moi Truong
2024-10-14,2024-10-20,Lam Dong,Bao Loc,Robusta / ca phe nhan xo noi dia,112317,112316.66666666667,6,observed,21.914,91.0,101.3,0.492,Dat do vang tren bazan,4,low,6,Nong Nghiep Moi Truong
2024-10-14,2024-10-20,Lam Dong,Di Linh,Robusta / ca phe nhan xo noi dia,112317,112316.66666666667,6,observed,21.414,90.857,158.2,0.499,Dat do vang tren bazan,4,medium,6,Nong Nghiep Moi Truong
2024-10-14,2024-10-20,Lam Dong,Lam Ha,Robusta / ca phe nhan xo noi dia,112317,112316.66666666667,6,observed,21.471,89.857,82.0,0.496,Dat do vang tren bazan,4,low,6,Nong Nghiep Moi Truong
2024-10-21,2024-10-27,Dak Lak,Buon Ho,Robusta / ca phe nhan xo noi dia,112712,,0,interpolated_area,22.243,83.571,23.6,0.456,Dat do bazan,5,medium,0,
2024-10-21,2024-10-27,Dak Lak,Cu M'gar,Robusta / ca phe nhan xo noi dia,112812,,0,interpolated_area,23.571,81.857,30.1,0.466,Dat do bazan,5,high,0,
2024-10-21,2024-10-27,Dak Lak,Ea H'leo,Robusta / ca phe nhan xo noi dia,112712,,0,interpolated_area,22.743,81.571,30.0,0.423,Dat do bazan,5,medium,0,
2024-10-21,2024-10-27,Dak Nong,Dak R'lap,Robusta / ca phe nhan xo noi dia,112908,,0,interpolated_area,22.786,84.714,29.7,0.469,Dat do bazan,4,low,0,
2024-10-21,2024-10-27,Dak Nong,Gia Nghia,Robusta / ca phe nhan xo noi dia,113000,,0,interpolated_area,22.557,84.571,28.0,0.472,Dat do bazan,4,low,0,
2024-10-21,2024-10-27,Gia Lai,Chu Prong,Robusta / ca phe nhan xo noi dia,112858,,0,interpolated_area,23.457,81.571,71.9,0.465,Dat do bazan,4,low,0,
2024-10-21,2024-10-27,Gia Lai,Ia Grai,Robusta / ca phe nhan xo noi dia,112758,,0,interpolated_area,23.857,84.0,87.7,0.46,Dat do bazan,4,low,0,
2024-10-21,2024-10-27,Gia Lai,Pleiku,Robusta / ca phe nhan xo noi dia,112758,,0,interpolated_area,21.429,84.286,71.3,0.459,Dat do bazan,4,low,0,
2024-10-21,2024-10-27,Kon Tum,Kon Tum,Robusta / ca phe nhan xo noi dia,112767,,0,interpolated_area,21.886,85.143,77.6,0.456,Dat do vang / dat bazan cuc bo,3,low,0,
2024-10-21,2024-10-27,Lam Dong,Bao Loc,Robusta / ca phe nhan xo noi dia,112412,,0,interpolated_area,21.429,87.0,33.9,0.476,Dat do vang tren bazan,4,low,0,
2024-10-21,2024-10-27,Lam Dong,Di Linh,Robusta / ca phe nhan xo noi dia,112412,,0,interpolated_area,20.943,87.571,57.5,0.477,Dat do vang tren bazan,4,medium,0,
2024-10-21,2024-10-27,Lam Dong,Lam Ha,Robusta / ca phe nhan xo noi dia,112412,,0,interpolated_area,21.157,85.571,43.6,0.477,Dat do vang tren bazan,4,low,0,
2024-10-28,2024-11-03,Dak Lak,Buon Ho,Robusta / ca phe nhan xo noi dia,112775,,0,interpolated_area,21.971,88.429,38.4,0.477,Dat do bazan,5,medium,0,
2024-10-28,2024-11-03,Dak Lak,Cu M'gar,Robusta / ca phe nhan xo noi dia,112875,,0,interpolated_area,23.457,85.0,45.0,0.478,Dat do bazan,5,high,0,
2024-10-28,2024-11-03,Dak Lak,Ea H'leo,Robusta / ca phe nhan xo noi dia,112775,,0,interpolated_area,22.443,85.857,49.3,0.466,Dat do bazan,5,medium,0,
2024-10-28,2024-11-03,Dak Nong,Dak R'lap,Robusta / ca phe nhan xo noi dia,112983,,0,interpolated_area,22.357,90.571,108.8,0.49,Dat do bazan,4,low,0,
2024-10-28,2024-11-03,Dak Nong,Gia Nghia,Robusta / ca phe nhan xo noi dia,113067,,0,interpolated_area,22.129,89.857,76.7,0.489,Dat do bazan,4,low,0,
2024-10-28,2024-11-03,Gia Lai,Chu Prong,Robusta / ca phe nhan xo noi dia,112883,,0,interpolated_area,22.9,86.286,27.3,0.485,Dat do bazan,4,low,0,
2024-10-28,2024-11-03,Gia Lai,Ia Grai,Robusta / ca phe nhan xo noi dia,112783,,0,interpolated_area,23.5,87.571,41.6,0.49,Dat do bazan,4,low,0,
2024-10-28,2024-11-03,Gia Lai,Pleiku,Robusta / ca phe nhan xo noi dia,112783,,0,interpolated_area,21.0,88.571,44.8,0.493,Dat do bazan,4,low,0,
2024-10-28,2024-11-03,Kon Tum,Kon Tum,Robusta / ca phe nhan xo noi dia,112800,,0,interpolated_area,21.843,87.857,50.6,0.491,Dat do vang / dat bazan cuc bo,3,low,0,
2024-10-28,2024-11-03,Lam Dong,Bao Loc,Robusta / ca phe nhan xo noi dia,112508,,0,interpolated_area,21.343,90.571,73.5,0.488,Dat do vang tren bazan,4,low,0,
2024-10-28,2024-11-03,Lam Dong,Di Linh,Robusta / ca phe nhan xo noi dia,112508,,0,interpolated_area,20.886,91.143,85.5,0.491,Dat do vang tren bazan,4,medium,0,
2024-10-28,2024-11-03,Lam Dong,Lam Ha,Robusta / ca phe nhan xo noi dia,112508,,0,interpolated_area,21.3,88.429,75.3,0.487,Dat do vang tren bazan,4,low,0,
2024-11-04,2024-11-10,Dak Lak,Buon Ho,Robusta / ca phe nhan xo noi dia,112838,,0,interpolated_area,21.657,87.857,10.3,0.448,Dat do bazan,5,medium,0,
2024-11-04,2024-11-10,Dak Lak,Cu M'gar,Robusta / ca phe nhan xo noi dia,112938,,0,interpolated_area,23.686,80.571,7.0,0.429,Dat do bazan,5,high,0,
2024-11-04,2024-11-10,Dak Lak,Ea H'leo,Robusta / ca phe nhan xo noi dia,112838,,0,interpolated_area,22.529,82.714,14.8,0.455,Dat do bazan,5,medium,0,
2024-11-04,2024-11-10,Dak Nong,Dak R'lap,Robusta / ca phe nhan xo noi dia,113058,,0,interpolated_area,22.986,84.429,30.7,0.468,Dat do bazan,4,low,0,
2024-11-04,2024-11-10,Dak Nong,Gia Nghia,Robusta / ca phe nhan xo noi dia,113133,,0,interpolated_area,22.771,83.143,22.6,0.47,Dat do bazan,4,low,0,
2024-11-04,2024-11-10,Gia Lai,Chu Prong,Robusta / ca phe nhan xo noi dia,112908,,0,interpolated_area,24.186,73.857,16.8,0.44,Dat do bazan,4,low,0,
2024-11-04,2024-11-10,Gia Lai,Ia Grai,Robusta / ca phe nhan xo noi dia,112808,,0,interpolated_area,24.4,77.143,21.5,0.449,Dat do bazan,4,low,0,
2024-11-04,2024-11-10,Gia Lai,Pleiku,Robusta / ca phe nhan xo noi dia,112808,,0,interpolated_area,21.871,79.714,5.8,0.445,Dat do bazan,4,low,0,
2024-11-04,2024-11-10,Kon Tum,Kon Tum,Robusta / ca phe nhan xo noi dia,112833,,0,interpolated_area,22.457,79.286,3.6,0.46,Dat do vang / dat bazan cuc bo,3,low,0,
2024-11-04,2024-11-10,Lam Dong,Bao Loc,Robusta / ca phe nhan xo noi dia,112604,,0,interpolated_area,21.286,89.714,52.0,0.482,Dat do vang tren bazan,4,low,0,
2024-11-04,2024-11-10,Lam Dong,Di Linh,Robusta / ca phe nhan xo noi dia,112604,,0,interpolated_area,21.229,87.0,18.5,0.467,Dat do vang tren bazan,4,medium,0,
2024-11-04,2024-11-10,Lam Dong,Lam Ha,Robusta / ca phe nhan xo noi dia,112604,,0,interpolated_area,21.271,86.714,22.6,0.475,Dat do vang tren bazan,4,low,0,
2024-11-11,2024-11-17,Dak Lak,Buon Ho,Robusta / ca phe nhan xo noi dia,112900,112900.0,3,observed,22.686,86.143,15.1,0.381,Dat do bazan,5,medium,3,Nong Nghiep Moi Truong
2024-11-11,2024-11-17,Dak Lak,Cu M'gar,Robusta / ca phe nhan xo noi dia,113000,113000.0,3,observed,24.729,78.0,15.8,0.368,Dat do bazan,5,high,3,Nong Nghiep Moi Truong
2024-11-11,2024-11-17,Dak Lak,Ea H'leo,Robusta / ca phe nhan xo noi dia,112900,112900.0,3,observed,23.586,80.429,21.5,0.348,Dat do bazan,5,medium,3,Nong Nghiep Moi Truong
2024-11-11,2024-11-17,Dak Nong,Dak R'lap,Robusta / ca phe nhan xo noi dia,113133,113133.33333333333,3,observed,23.657,82.857,7.4,0.432,Dat do bazan,4,low,3,Nong Nghiep Moi Truong
2024-11-11,2024-11-17,Dak Nong,Gia Nghia,Robusta / ca phe nhan xo noi dia,113200,113200.0,3,observed,23.314,82.429,6.1,0.391,Dat do bazan,4,low,3,Nong Nghiep Moi Truong
2024-11-11,2024-11-17,Gia Lai,Chu Prong,Robusta / ca phe nhan xo noi dia,112933,112933.33333333333,3,observed,24.571,80.0,90.7,0.434,Dat do bazan,4,low,3,Nong Nghiep Moi Truong
2024-11-11,2024-11-17,Gia Lai,Ia Grai,Robusta / ca phe nhan xo noi dia,112833,112833.33333333333,3,observed,24.829,83.429,69.6,0.443,Dat do bazan,4,low,3,Nong Nghiep Moi Truong
2024-11-11,2024-11-17,Gia Lai,Pleiku,Robusta / ca phe nhan xo noi dia,112833,112833.33333333333,3,observed,22.514,84.429,69.1,0.452,Dat do bazan,4,low,3,Nong Nghiep Moi Truong
2024-11-11,2024-11-17,Kon Tum,Kon Tum,Robusta / ca phe nhan xo noi dia,112867,112866.66666666667,3,observed,23.2,83.571,72.3,0.46,Dat do vang / dat bazan cuc bo,3,low,3,Nong Nghiep Moi Truong
2024-11-11,2024-11-17,Lam Dong,Bao Loc,Robusta / ca phe nhan xo noi dia,112700,112700.0,3,observed,21.943,85.286,2.3,0.424,Dat do vang tren bazan,4,low,3,Nong Nghiep Moi Truong
2024-11-11,2024-11-17,Lam Dong,Di Linh,Robusta / ca phe nhan xo noi dia,112700,112700.0,3,observed,21.943,84.143,3.6,0.434,Dat do vang tren bazan,4,medium,3,Nong Nghiep Moi Truong
2024-11-11,2024-11-17,Lam Dong,Lam Ha,Robusta / ca phe nhan xo noi dia,112700,112700.0,3,observed,21.557,83.0,2.9,0.448,Dat do vang tren bazan,4,low,3,Nong Nghiep Moi Truong
2024-11-18,2024-11-24,Dak Lak,Buon Ho,Robusta / ca phe nhan xo noi dia,113433,113433.33333333333,3,observed,22.357,88.0,6.0,0.318,Dat do bazan,5,medium,3,Nong Nghiep Moi Truong
2024-11-18,2024-11-24,Dak Lak,Cu M'gar,Robusta / ca phe nhan xo noi dia,113433,,0,province_proxy,24.6,78.714,1.7,0.279,Dat do bazan,5,high,0,
2024-11-18,2024-11-24,Dak Lak,Ea H'leo,Robusta / ca phe nhan xo noi dia,113433,113433.33333333333,3,observed,23.214,83.714,20.1,0.282,Dat do bazan,5,medium,3,Nong Nghiep Moi Truong
2024-11-18,2024-11-24,Dak Nong,Dak R'lap,Robusta / ca phe nhan xo noi dia,115975,,0,interpolated_area,23.871,79.857,6.2,0.358,Dat do bazan,4,low,0,
2024-11-18,2024-11-24,Dak Nong,Gia Nghia,Robusta / ca phe nhan xo noi dia,116100,,0,interpolated_area,23.486,80.571,3.8,0.323,Dat do bazan,4,low,0,
2024-11-18,2024-11-24,Gia Lai,Chu Prong,Robusta / ca phe nhan xo noi dia,113400,,0,province_proxy,24.814,74.286,2.5,0.347,Dat do bazan,4,low,0,
2024-11-18,2024-11-24,Gia Lai,Ia Grai,Robusta / ca phe nhan xo noi dia,113400,113400.0,3,observed,25.557,74.0,2.1,0.357,Dat do bazan,4,low,3,Nong Nghiep Moi Truong
2024-11-18,2024-11-24,Gia Lai,Pleiku,Robusta / ca phe nhan xo noi dia,113400,113400.0,3,observed,22.771,78.571,3.7,0.38,Dat do bazan,4,low,3,Nong Nghiep Moi Truong
2024-11-18,2024-11-24,Kon Tum,Kon Tum,Robusta / ca phe nhan xo noi dia,113500,113500.0,3,observed,24.1,74.571,0.6,0.38,Dat do vang / dat bazan cuc bo,3,low,3,Nong Nghiep Moi Truong
2024-11-18,2024-11-24,Lam Dong,Bao Loc,Robusta / ca phe nhan xo noi dia,113233,113233.33333333333,3,observed,21.671,85.857,6.6,0.376,Dat do vang tren bazan,4,low,3,Nong Nghiep Moi Truong
2024-11-18,2024-11-24,Lam Dong,Di Linh,Robusta / ca phe nhan xo noi dia,113233,113233.33333333333,3,observed,21.829,79.0,7.9,0.381,Dat do vang tren bazan,4,medium,3,Nong Nghiep Moi Truong
2024-11-18,2024-11-24,Lam Dong,Lam Ha,Robusta / ca phe nhan xo noi dia,113233,113233.33333333333,3,observed,21.557,80.714,3.3,0.413,Dat do vang tren bazan,4,low,3,Nong Nghiep Moi Truong
2024-11-25,2024-12-01,Dak Lak,Buon Ho,Robusta / ca phe nhan xo noi dia,117111,,0,interpolated_area,21.229,82.714,1.2,0.304,Dat do bazan,5,medium,0,
2024-11-25,2024-12-01,Dak Lak,Cu M'gar,Robusta / ca phe nhan xo noi dia,117178,,0,interpolated_area,23.486,73.857,2.4,0.267,Dat do bazan,5,high,0,
2024-11-25,2024-12-01,Dak Lak,Ea H'leo,Robusta / ca phe nhan xo noi dia,117111,,0,interpolated_area,22.029,78.143,2.6,0.288,Dat do bazan,5,medium,0,
2024-11-25,2024-12-01,Dak Nong,Dak R'lap,Robusta / ca phe nhan xo noi dia,118817,,0,interpolated_area,22.986,75.571,0.2,0.312,Dat do bazan,4,low,0,
2024-11-25,2024-12-01,Dak Nong,Gia Nghia,Robusta / ca phe nhan xo noi dia,119000,,0,interpolated_area,22.286,78.714,0.6,0.287,Dat do bazan,4,low,0,
2024-11-25,2024-12-01,Gia Lai,Chu Prong,Robusta / ca phe nhan xo noi dia,117156,,0,interpolated_area,23.529,69.143,0.0,0.255,Dat do bazan,4,low,0,
2024-11-25,2024-12-01,Gia Lai,Ia Grai,Robusta / ca phe nhan xo noi dia,117067,,0,interpolated_area,24.343,68.286,0.0,0.272,Dat do bazan,4,low,0,
2024-11-25,2024-12-01,Gia Lai,Pleiku,Robusta / ca phe nhan xo noi dia,117067,,0,interpolated_area,21.143,75.429,0.0,0.3,Dat do bazan,4,low,0,
2024-11-25,2024-12-01,Kon Tum,Kon Tum,Robusta / ca phe nhan xo noi dia,117222,,0,interpolated_area,22.5,70.714,0.0,0.299,Dat do vang / dat bazan cuc bo,3,low,0,
2024-11-25,2024-12-01,Lam Dong,Bao Loc,Robusta / ca phe nhan xo noi dia,116656,,0,interpolated_area,21.214,83.286,1.2,0.335,Dat do vang tren bazan,4,low,0,
2024-11-25,2024-12-01,Lam Dong,Di Linh,Robusta / ca phe nhan xo noi dia,116656,,0,interpolated_area,21.5,76.714,11.3,0.341,Dat do vang tren bazan,4,medium,0,
2024-11-25,2024-12-01,Lam Dong,Lam Ha,Robusta / ca phe nhan xo noi dia,116656,,0,interpolated_area,21.414,77.0,16.9,0.377,Dat do vang tren bazan,4,low,0,
2024-12-02,2024-12-08,Dak Lak,Buon Ho,Robusta / ca phe nhan xo noi dia,120789,,0,interpolated_area,21.714,86.0,1.3,0.291,Dat do bazan,5,medium,0,
2024-12-02,2024-12-08,Dak Lak,Cu M'gar,Robusta / ca phe nhan xo noi dia,120922,,0,interpolated_area,23.957,77.286,0.9,0.265,Dat do bazan,5,high,0,
2024-12-02,2024-12-08,Dak Lak,Ea H'leo,Robusta / ca phe nhan xo noi dia,120789,,0,interpolated_area,22.657,80.0,5.1,0.247,Dat do bazan,5,medium,0,
2024-12-02,2024-12-08,Dak Nong,Dak R'lap,Robusta / ca phe nhan xo noi dia,121658,,0,interpolated_area,23.3,78.571,9.0,0.336,Dat do bazan,4,low,0,
2024-12-02,2024-12-08,Dak Nong,Gia Nghia,Robusta / ca phe nhan xo noi dia,121900,,0,interpolated_area,22.757,81.0,6.0,0.272,Dat do bazan,4,low,0,
2024-12-02,2024-12-08,Gia Lai,Chu Prong,Robusta / ca phe nhan xo noi dia,120911,,0,interpolated_area,24.657,68.857,0.5,0.219,Dat do bazan,4,low,0,
2024-12-02,2024-12-08,Gia Lai,Ia Grai,Robusta / ca phe nhan xo noi dia,120733,,0,interpolated_area,25.343,68.143,1.3,0.238,Dat do bazan,4,low,0,
2024-12-02,2024-12-08,Gia Lai,Pleiku,Robusta / ca phe nhan xo noi dia,120733,,0,interpolated_area,22.114,75.429,0.8,0.238,Dat do bazan,4,low,0,
2024-12-02,2024-12-08,Kon Tum,Kon Tum,Robusta / ca phe nhan xo noi dia,120944,,0,interpolated_area,22.914,73.429,0.0,0.247,Dat do vang / dat bazan cuc bo,3,low,0,
2024-12-02,2024-12-08,Lam Dong,Bao Loc,Robusta / ca phe nhan xo noi dia,120078,,0,interpolated_area,21.3,87.571,9.5,0.397,Dat do vang tren bazan,4,low,0,
2024-12-02,2024-12-08,Lam Dong,Di Linh,Robusta / ca phe nhan xo noi dia,120078,,0,interpolated_area,21.457,86.0,20.4,0.438,Dat do vang tren bazan,4,medium,0,
2024-12-02,2024-12-08,Lam Dong,Lam Ha,Robusta / ca phe nhan xo noi dia,120078,,0,interpolated_area,21.686,84.143,24.1,0.467,Dat do vang tren bazan,4,low,0,
2024-12-09,2024-12-15,Dak Lak,Buon Ho,Robusta / ca phe nhan xo noi dia,124467,124466.66666666667,3,observed,21.186,91.143,38.7,0.423,Dat do bazan,5,medium,3,Cong Thuong; Nong Nghiep Moi Truong
2024-12-09,2024-12-15,Dak Lak,Cu M'gar,Robusta / ca phe nhan xo noi dia,124667,124666.66666666667,3,observed,23.3,83.286,39.1,0.404,Dat do bazan,5,high,3,Nong Nghiep Moi Truong
2024-12-09,2024-12-15,Dak Lak,Ea H'leo,Robusta / ca phe nhan xo noi dia,124467,124466.66666666667,3,observed,21.314,92.0,67.5,0.413,Dat do bazan,5,medium,3,Cong Thuong; Nong Nghiep Moi Truong
2024-12-09,2024-12-15,Dak Nong,Dak R'lap,Robusta / ca phe nhan xo noi dia,124500,124500.0,2,observed,22.757,85.143,32.1,0.417,Dat do bazan,4,low,2,Nong Nghiep Moi Truong
2024-12-09,2024-12-15,Dak Nong,Gia Nghia,Robusta / ca phe nhan xo noi dia,124800,124800.0,3,observed,22.257,86.714,28.2,0.383,Dat do bazan,4,low,3,Nong Nghiep Moi Truong
2024-12-09,2024-12-15,Gia Lai,Chu Prong,Robusta / ca phe nhan xo noi dia,124667,124666.66666666667,3,observed,23.757,75.714,25.0,0.348,Dat do bazan,4,low,3,Nong Nghiep Moi Truong
2024-12-09,2024-12-15,Gia Lai,Ia Grai,Robusta / ca phe nhan xo noi dia,124400,124400.0,2,observed,24.7,73.571,15.5,0.354,Dat do bazan,4,low,2,Nong Nghiep Moi Truong
2024-12-09,2024-12-15,Gia Lai,Pleiku,Robusta / ca phe nhan xo noi dia,124400,124400.0,2,observed,21.514,81.0,20.5,0.359,Dat do bazan,4,low,2,Nong Nghiep Moi Truong
2024-12-09,2024-12-15,Kon Tum,Kon Tum,Robusta / ca phe nhan xo noi dia,124667,124666.66666666667,3,observed,23.029,74.714,13.5,0.351,Dat do vang / dat bazan cuc bo,3,low,3,Nong Nghiep Moi Truong
2024-12-09,2024-12-15,Lam Dong,Bao Loc,Robusta / ca phe nhan xo noi dia,123500,123500.0,3,observed,21.343,89.0,40.0,0.459,Dat do vang tren bazan,4,low,3,Cong Thuong; Nong Nghiep Moi Truong
2024-12-09,2024-12-15,Lam Dong,Di Linh,Robusta / ca phe nhan xo noi dia,123500,123500.0,4,observed,20.786,90.286,70.5,0.474,Dat do vang tren bazan,4,medium,4,Cong Thuong; Nong Nghiep Moi Truong
2024-12-09,2024-12-15,Lam Dong,Lam Ha,Robusta / ca phe nhan xo noi dia,123500,123500.0,3,observed,21.643,85.714,57.4,0.485,Dat do vang tren bazan,4,low,3,Cong Thuong; Nong Nghiep Moi Truong
2024-12-16,2024-12-22,Dak Lak,Buon Ho,Robusta / ca phe nhan xo noi dia,124140,124140.0,5,observed,18.714,86.857,3.1,0.426,Dat do bazan,5,medium,5,Nong Nghiep Moi Truong
2024-12-16,2024-12-22,Dak Lak,Cu M'gar,Robusta / ca phe nhan xo noi dia,124200,124200.0,5,observed,20.929,77.857,0.9,0.388,Dat do bazan,5,high,5,Nong Nghiep Moi Truong
2024-12-16,2024-12-22,Dak Lak,Ea H'leo,Robusta / ca phe nhan xo noi dia,124140,124140.0,5,observed,19.129,83.714,2.1,0.42,Dat do bazan,5,medium,5,Nong Nghiep Moi Truong
2024-12-16,2024-12-22,Dak Nong,Dak R'lap,Robusta / ca phe nhan xo noi dia,124260,124260.0,5,observed,20.857,75.857,0.0,0.386,Dat do bazan,4,low,5,Nong Nghiep Moi Truong
2024-12-16,2024-12-22,Dak Nong,Gia Nghia,Robusta / ca phe nhan xo noi dia,124360,124360.0,5,observed,20.171,78.857,0.8,0.376,Dat do bazan,4,low,5,Nong Nghiep Moi Truong
2024-12-16,2024-12-22,Gia Lai,Chu Prong,Robusta / ca phe nhan xo noi dia,124100,124100.0,5,observed,21.543,68.714,1.1,0.314,Dat do bazan,4,low,5,Nong Nghiep Moi Truong
2024-12-16,2024-12-22,Gia Lai,Ia Grai,Robusta / ca phe nhan xo noi dia,124020,124020.0,5,observed,22.343,66.714,0.0,0.298,Dat do bazan,4,low,5,Nong Nghiep Moi Truong
2024-12-16,2024-12-22,Gia Lai,Pleiku,Robusta / ca phe nhan xo noi dia,124020,124020.0,5,observed,19.114,74.429,0.0,0.313,Dat do bazan,4,low,5,Nong Nghiep Moi Truong
2024-12-16,2024-12-22,Kon Tum,Kon Tum,Robusta / ca phe nhan xo noi dia,124100,124100.0,5,observed,20.357,70.0,0.0,0.317,Dat do vang / dat bazan cuc bo,3,low,5,Nong Nghiep Moi Truong
2024-12-16,2024-12-22,Lam Dong,Bao Loc,Robusta / ca phe nhan xo noi dia,122800,122800.0,5,observed,19.071,84.714,0.7,0.432,Dat do vang tren bazan,4,low,5,Nong Nghiep Moi Truong
2024-12-16,2024-12-22,Lam Dong,Di Linh,Robusta / ca phe nhan xo noi dia,122800,122800.0,5,observed,19.286,83.143,4.1,0.466,Dat do vang tren bazan,4,medium,5,Nong Nghiep Moi Truong
2024-12-16,2024-12-22,Lam Dong,Lam Ha,Robusta / ca phe nhan xo noi dia,122800,122800.0,5,observed,19.557,79.857,2.5,0.46,Dat do vang tren bazan,4,low,5,Nong Nghiep Moi Truong
2024-12-23,2024-12-29,Dak Lak,Buon Ho,Robusta / ca phe nhan xo noi dia,122560,,0,interpolated_area,20.329,87.143,10.4,0.415,Dat do bazan,5,medium,0,
2024-12-23,2024-12-29,Dak Lak,Cu M'gar,Robusta / ca phe nhan xo noi dia,122633,,0,interpolated_area,22.457,78.857,5.0,0.354,Dat do bazan,5,high,0,
2024-12-23,2024-12-29,Dak Lak,Ea H'leo,Robusta / ca phe nhan xo noi dia,122560,,0,interpolated_area,20.486,85.571,26.9,0.397,Dat do bazan,5,medium,0,
2024-12-23,2024-12-29,Dak Nong,Dak R'lap,Robusta / ca phe nhan xo noi dia,122707,,0,interpolated_area,22.443,77.286,1.6,0.323,Dat do bazan,4,low,0,
2024-12-23,2024-12-29,Dak Nong,Gia Nghia,Robusta / ca phe nhan xo noi dia,122807,,0,interpolated_area,21.757,80.286,2.3,0.3,Dat do bazan,4,low,0,
2024-12-23,2024-12-29,Gia Lai,Chu Prong,Robusta / ca phe nhan xo noi dia,122567,,0,interpolated_area,23.257,68.143,4.3,0.253,Dat do bazan,4,low,0,
2024-12-23,2024-12-29,Gia Lai,Ia Grai,Robusta / ca phe nhan xo noi dia,122513,,0,interpolated_area,23.929,66.857,1.7,0.243,Dat do bazan,4,low,0,
2024-12-23,2024-12-29,Gia Lai,Pleiku,Robusta / ca phe nhan xo noi dia,122513,,0,interpolated_area,20.771,73.857,2.6,0.254,Dat do bazan,4,low,0,
2024-12-23,2024-12-29,Kon Tum,Kon Tum,Robusta / ca phe nhan xo noi dia,122567,,0,interpolated_area,21.886,70.286,1.2,0.279,Dat do vang / dat bazan cuc bo,3,low,0,
2024-12-23,2024-12-29,Lam Dong,Bao Loc,Robusta / ca phe nhan xo noi dia,121367,,0,interpolated_area,20.271,87.571,8.5,0.401,Dat do vang tren bazan,4,low,0,
2024-12-23,2024-12-29,Lam Dong,Di Linh,Robusta / ca phe nhan xo noi dia,121367,,0,interpolated_area,20.371,85.571,15.5,0.461,Dat do vang tren bazan,4,medium,0,
2024-12-23,2024-12-29,Lam Dong,Lam Ha,Robusta / ca phe nhan xo noi dia,121367,,0,interpolated_area,20.929,83.143,11.3,0.439,Dat do vang tren bazan,4,low,0,
2024-12-30,2025-01-05,Dak Lak,Buon Ho,Robusta / ca phe nhan xo noi dia,120980,,0,interpolated_area,18.929,85.0,1.6,0.389,Dat do bazan,5,medium,0,
2024-12-30,2025-01-05,Dak Lak,Cu M'gar,Robusta / ca phe nhan xo noi dia,121067,,0,interpolated_area,21.214,76.143,0.3,0.316,Dat do bazan,5,high,0,
2024-12-30,2025-01-05,Dak Lak,Ea H'leo,Robusta / ca phe nhan xo noi dia,120980,,0,interpolated_area,19.629,78.857,1.7,0.364,Dat do bazan,5,medium,0,
2024-12-30,2025-01-05,Dak Nong,Dak R'lap,Robusta / ca phe nhan xo noi dia,121153,,0,interpolated_area,21.586,73.143,0.0,0.29,Dat do bazan,4,low,0,
2024-12-30,2025-01-05,Dak Nong,Gia Nghia,Robusta / ca phe nhan xo noi dia,121253,,0,interpolated_area,20.743,76.571,0.0,0.256,Dat do bazan,4,low,0,
2024-12-30,2025-01-05,Gia Lai,Chu Prong,Robusta / ca phe nhan xo noi dia,121033,,0,interpolated_area,22.1,66.286,1.0,0.224,Dat do bazan,4,low,0,
2024-12-30,2025-01-05,Gia Lai,Ia Grai,Robusta / ca phe nhan xo noi dia,121007,,0,interpolated_area,22.814,65.286,0.0,0.221,Dat do bazan,4,low,0,
2024-12-30,2025-01-05,Gia Lai,Pleiku,Robusta / ca phe nhan xo noi dia,121007,,0,interpolated_area,19.643,71.714,0.0,0.217,Dat do bazan,4,low,0,
2024-12-30,2025-01-05,Kon Tum,Kon Tum,Robusta / ca phe nhan xo noi dia,121033,,0,interpolated_area,20.3,71.714,0.0,0.255,Dat do vang / dat bazan cuc bo,3,low,0,
2024-12-30,2025-01-05,Lam Dong,Bao Loc,Robusta / ca phe nhan xo noi dia,119933,,0,interpolated_area,19.529,84.571,1.4,0.382,Dat do vang tren bazan,4,low,0,
2024-12-30,2025-01-05,Lam Dong,Di Linh,Robusta / ca phe nhan xo noi dia,119933,,0,interpolated_area,19.857,84.714,16.5,0.464,Dat do vang tren bazan,4,medium,0,
2024-12-30,2025-01-05,Lam Dong,Lam Ha,Robusta / ca phe nhan xo noi dia,119933,,0,interpolated_area,19.943,82.0,16.6,0.428,Dat do vang tren bazan,4,low,0,
2025-01-06,2025-01-12,Dak Lak,Buon Ho,Robusta / ca phe nhan xo noi dia,119400,119400.0,1,observed,18.214,81.571,0.4,0.31,Dat do bazan,5,medium,1,Nong Nghiep Moi Truong
2025-01-06,2025-01-12,Dak Lak,Cu M'gar,Robusta / ca phe nhan xo noi dia,119500,119500.0,1,observed,20.643,71.714,0.0,0.261,Dat do bazan,5,high,1,Nong Nghiep Moi Truong
2025-01-06,2025-01-12,Dak Lak,Ea H'leo,Robusta / ca phe nhan xo noi dia,119400,119400.0,1,observed,18.786,77.0,0.1,0.262,Dat do bazan,5,medium,1,Nong Nghiep Moi Truong
2025-01-06,2025-01-12,Dak Nong,Dak R'lap,Robusta / ca phe nhan xo noi dia,119600,119600.0,1,observed,20.957,68.286,0.0,0.25,Dat do bazan,4,low,1,Nong Nghiep Moi Truong
2025-01-06,2025-01-12,Dak Nong,Gia Nghia,Robusta / ca phe nhan xo noi dia,119700,119700.0,1,observed,20.043,72.429,0.0,0.208,Dat do bazan,4,low,1,Nong Nghiep Moi Truong
2025-01-06,2025-01-12,Gia Lai,Chu Prong,Robusta / ca phe nhan xo noi dia,119500,119500.0,1,observed,21.443,61.429,0.0,0.184,Dat do bazan,4,low,1,Nong Nghiep Moi Truong
2025-01-06,2025-01-12,Gia Lai,Ia Grai,Robusta / ca phe nhan xo noi dia,119500,119500.0,1,observed,22.1,61.429,0.0,0.183,Dat do bazan,4,low,1,Nong Nghiep Moi Truong
2025-01-06,2025-01-12,Gia Lai,Pleiku,Robusta / ca phe nhan xo noi dia,119500,119500.0,1,observed,18.571,69.857,0.0,0.191,Dat do bazan,4,low,1,Nong Nghiep Moi Truong
2025-01-06,2025-01-12,Kon Tum,Kon Tum,Robusta / ca phe nhan xo noi dia,119500,119500.0,1,observed,19.6,66.857,0.0,0.222,Dat do vang / dat bazan cuc bo,3,low,1,Nong Nghiep Moi Truong
2025-01-06,2025-01-12,Lam Dong,Bao Loc,Robusta / ca phe nhan xo noi dia,118500,118500.0,1,observed,19.057,78.286,0.5,0.305,Dat do vang tren bazan,4,low,1,Nong Nghiep Moi Truong
2025-01-06,2025-01-12,Lam Dong,Di Linh,Robusta / ca phe nhan xo noi dia,118500,118500.0,1,observed,19.543,74.286,0.4,0.404,Dat do vang tren bazan,4,medium,1,Nong Nghiep Moi Truong
2025-01-06,2025-01-12,Lam Dong,Lam Ha,Robusta / ca phe nhan xo noi dia,118500,118500.0,1,observed,19.243,74.143,0.0,0.367,Dat do vang tren bazan,4,low,1,Nong Nghiep Moi Truong
2025-01-13,2025-01-19,Dak Lak,Buon Ho,Robusta / ca phe nhan xo noi dia,116900,116900.0,3,observed,18.371,83.143,0.2,0.284,Dat do bazan,5,medium,3,Nong Nghiep Moi Truong
2025-01-13,2025-01-19,Dak Lak,Cu M'gar,Robusta / ca phe nhan xo noi dia,117000,117000.0,3,observed,20.8,73.571,0.1,0.261,Dat do bazan,5,high,3,Nong Nghiep Moi Truong
2025-01-13,2025-01-19,Dak Lak,Ea H'leo,Robusta / ca phe nhan xo noi dia,116900,116900.0,3,observed,19.043,79.286,2.1,0.25,Dat do bazan,5,medium,3,Nong Nghiep Moi Truong
2025-01-13,2025-01-19,Dak Nong,Dak R'lap,Robusta / ca phe nhan xo noi dia,117133,117133.33333333333,3,observed,21.3,71.857,0.2,0.254,Dat do bazan,4,low,3,Nong Nghiep Moi Truong
2025-01-13,2025-01-19,Dak Nong,Gia Nghia,Robusta / ca phe nhan xo noi dia,117233,117233.33333333333,3,observed,20.257,76.429,0.7,0.226,Dat do bazan,4,low,3,Nong Nghiep Moi Truong
2025-01-13,2025-01-19,Gia Lai,Chu Prong,Robusta / ca phe nhan xo noi dia,117000,117000.0,3,observed,21.943,63.143,1.6,0.207,Dat do bazan,4,low,3,Nong Nghiep Moi Truong
2025-01-13,2025-01-19,Gia Lai,Ia Grai,Robusta / ca phe nhan xo noi dia,116900,116900.0,3,observed,22.671,62.857,2.1,0.198,Dat do bazan,4,low,3,Nong Nghiep Moi Truong
2025-01-13,2025-01-19,Gia Lai,Pleiku,Robusta / ca phe nhan xo noi dia,116900,116900.0,3,observed,19.271,71.143,0.7,0.202,Dat do bazan,4,low,3,Nong Nghiep Moi Truong
2025-01-13,2025-01-19,Kon Tum,Kon Tum,Robusta / ca phe nhan xo noi dia,116967,116966.66666666667,3,observed,19.929,68.714,0.0,0.229,Dat do vang / dat bazan cuc bo,3,low,3,Nong Nghiep Moi Truong
2025-01-13,2025-01-19,Lam Dong,Bao Loc,Robusta / ca phe nhan xo noi dia,116400,116400.0,3,observed,19.271,83.857,3.5,0.371,Dat do vang tren bazan,4,low,3,Nong Nghiep Moi Truong
2025-01-13,2025-01-19,Lam Dong,Di Linh,Robusta / ca phe nhan xo noi dia,116400,116400.0,3,observed,20.2,78.429,17.0,0.42,Dat do vang tren bazan,4,medium,3,Nong Nghiep Moi Truong
2025-01-13,2025-01-19,Lam Dong,Lam Ha,Robusta / ca phe nhan xo noi dia,116400,116400.0,3,observed,20.071,77.714,11.5,0.407,Dat do vang tren bazan,4,low,3,Nong Nghiep Moi Truong
2025-01-20,2025-01-26,Dak Lak,Buon Ho,Robusta / ca phe nhan xo noi dia,120000,,0,province_proxy,18.586,79.286,0.0,0.268,Dat do bazan,5,medium,0,
2025-01-20,2025-01-26,Dak Lak,Cu M'gar,Robusta / ca phe nhan xo noi dia,120000,120000.0,1,observed,21.357,68.0,0.0,0.243,Dat do bazan,5,high,1,Nong Nghiep Moi Truong
2025-01-20,2025-01-26,Dak Lak,Ea H'leo,Robusta / ca phe nhan xo noi dia,120000,,0,province_proxy,19.3,73.0,0.0,0.228,Dat do bazan,5,medium,0,
2025-01-20,2025-01-26,Dak Nong,Dak R'lap,Robusta / ca phe nhan xo noi dia,120500,,0,province_proxy,22.657,69.286,0.0,0.254,Dat do bazan,4,low,0,
2025-01-20,2025-01-26,Dak Nong,Gia Nghia,Robusta / ca phe nhan xo noi dia,120500,120500.0,1,observed,21.786,70.571,0.0,0.207,Dat do bazan,4,low,1,Nong Nghiep Moi Truong
2025-01-20,2025-01-26,Gia Lai,Chu Prong,Robusta / ca phe nhan xo noi dia,119800,119800.0,1,observed,22.429,60.429,0.0,0.167,Dat do bazan,4,low,1,Nong Nghiep Moi Truong
2025-01-20,2025-01-26,Gia Lai,Ia Grai,Robusta / ca phe nhan xo noi dia,119800,,0,province_proxy,23.186,63.571,0.0,0.208,Dat do bazan,4,low,0,
2025-01-20,2025-01-26,Gia Lai,Pleiku,Robusta / ca phe nhan xo noi dia,119800,,0,province_proxy,19.871,69.857,0.0,0.193,Dat do bazan,4,low,0,
2025-01-20,2025-01-26,Kon Tum,Kon Tum,Robusta / ca phe nhan xo noi dia,120394,,0,interpolated_area,20.629,68.286,0.0,0.218,Dat do vang / dat bazan cuc bo,3,low,0,
2025-01-20,2025-01-26,Lam Dong,Bao Loc,Robusta / ca phe nhan xo noi dia,119300,,0,province_proxy,20.671,79.143,1.0,0.309,Dat do vang tren bazan,4,low,0,
2025-01-20,2025-01-26,Lam Dong,Di Linh,Robusta / ca phe nhan xo noi dia,119300,119300.0,1,observed,20.971,75.286,0.5,0.376,Dat do vang tren bazan,4,medium,1,Nong Nghiep Moi Truong
2025-01-20,2025-01-26,Lam Dong,Lam Ha,Robusta / ca phe nhan xo noi dia,119300,,0,province_proxy,20.443,74.0,0.1,0.354,Dat do vang tren bazan,4,low,0,
2025-01-27,2025-02-02,Dak Lak,Buon Ho,Robusta / ca phe nhan xo noi dia,123558,,0,interpolated_area,18.771,75.143,0.2,0.255,Dat do bazan,5,medium,0,
2025-01-27,2025-02-02,Dak Lak,Cu M'gar,Robusta / ca phe nhan xo noi dia,123675,,0,interpolated_area,21.471,63.714,0.0,0.21,Dat do bazan,5,high,0,
2025-01-27,2025-02-02,Dak Lak,Ea H'leo,Robusta / ca phe nhan xo noi dia,123558,,0,interpolated_area,19.5,69.429,0.1,0.206,Dat do bazan,5,medium,0,
2025-01-27,2025-02-02,Dak Nong,Dak R'lap,Robusta / ca phe nhan xo noi dia,123925,,0,interpolated_area,21.357,65.571,0.0,0.247,Dat do bazan,4,low,0,
2025-01-27,2025-02-02,Dak Nong,Gia Nghia,Robusta / ca phe nhan xo noi dia,124042,,0,interpolated_area,20.629,67.143,0.0,0.196,Dat do bazan,4,low,0,
2025-01-27,2025-02-02,Gia Lai,Chu Prong,Robusta / ca phe nhan xo noi dia,123542,,0,interpolated_area,22.257,56.857,0.0,0.167,Dat do bazan,4,low,0,
2025-01-27,2025-02-02,Gia Lai,Ia Grai,Robusta / ca phe nhan xo noi dia,123425,,0,interpolated_area,22.871,57.429,0.0,0.201,Dat do bazan,4,low,0,
2025-01-27,2025-02-02,Gia Lai,Pleiku,Robusta / ca phe nhan xo noi dia,123425,,0,interpolated_area,19.543,64.857,0.0,0.191,Dat do bazan,4,low,0,
2025-01-27,2025-02-02,Kon Tum,Kon Tum,Robusta / ca phe nhan xo noi dia,123821,,0,interpolated_area,20.086,64.0,0.0,0.215,Dat do vang / dat bazan cuc bo,3,low,0,
2025-01-27,2025-02-02,Lam Dong,Bao Loc,Robusta / ca phe nhan xo noi dia,122783,,0,interpolated_area,19.214,74.714,0.0,0.272,Dat do vang tren bazan,4,low,0,
2025-01-27,2025-02-02,Lam Dong,Di Linh,Robusta / ca phe nhan xo noi dia,122783,,0,interpolated_area,19.329,70.286,0.0,0.326,Dat do vang tren bazan,4,medium,0,
2025-01-27,2025-02-02,Lam Dong,Lam Ha,Robusta / ca phe nhan xo noi dia,122783,,0,interpolated_area,19.243,70.714,0.0,0.303,Dat do vang tren bazan,4,low,0,
2025-02-03,2025-02-09,Dak Lak,Buon Ho,Robusta / ca phe nhan xo noi dia,127117,,0,interpolated_area,18.971,79.857,0.3,0.27,Dat do bazan,5,medium,0,
2025-02-03,2025-02-09,Dak Lak,Cu M'gar,Robusta / ca phe nhan xo noi dia,127350,,0,interpolated_area,21.543,68.857,0.0,0.199,Dat do bazan,5,high,0,
2025-02-03,2025-02-09,Dak Lak,Ea H'leo,Robusta / ca phe nhan xo noi dia,127117,,0,interpolated_area,19.757,73.857,0.9,0.212,Dat do bazan,5,medium,0,
2025-02-03,2025-02-09,Dak Nong,Dak R'lap,Robusta / ca phe nhan xo noi dia,127350,,0,interpolated_area,21.8,61.857,0.0,0.239,Dat do bazan,4,low,0,
2025-02-03,2025-02-09,Dak Nong,Gia Nghia,Robusta / ca phe nhan xo noi dia,127583,,0,interpolated_area,20.929,64.857,0.0,0.199,Dat do bazan,4,low,0,
2025-02-03,2025-02-09,Gia Lai,Chu Prong,Robusta / ca phe nhan xo noi dia,127283,,0,interpolated_area,22.571,59.286,0.0,0.175,Dat do bazan,4,low,0,
2025-02-03,2025-02-09,Gia Lai,Ia Grai,Robusta / ca phe nhan xo noi dia,127050,,0,interpolated_area,23.8,57.286,0.0,0.199,Dat do bazan,4,low,0,
2025-02-03,2025-02-09,Gia Lai,Pleiku,Robusta / ca phe nhan xo noi dia,127050,,0,interpolated_area,19.914,66.0,0.0,0.192,Dat do bazan,4,low,0,
2025-02-03,2025-02-09,Kon Tum,Kon Tum,Robusta / ca phe nhan xo noi dia,127248,,0,interpolated_area,21.0,64.286,0.0,0.22,Dat do vang / dat bazan cuc bo,3,low,0,
2025-02-03,2025-02-09,Lam Dong,Bao Loc,Robusta / ca phe nhan xo noi dia,126267,,0,interpolated_area,19.914,70.571,0.0,0.248,Dat do vang tren bazan,4,low,0,
2025-02-03,2025-02-09,Lam Dong,Di Linh,Robusta / ca phe nhan xo noi dia,126267,,0,interpolated_area,19.871,69.143,0.0,0.307,Dat do vang tren bazan,4,medium,0,
2025-02-03,2025-02-09,Lam Dong,Lam Ha,Robusta / ca phe nhan xo noi dia,126267,,0,interpolated_area,19.614,68.429,0.0,0.278,Dat do vang tren bazan,4,low,0,
2025-02-10,2025-02-16,Dak Lak,Buon Ho,Robusta / ca phe nhan xo noi dia,130675,130675.0,4,observed,21.0,83.0,3.3,0.3,Dat do bazan,5,medium,4,Nong Nghiep Moi Truong
2025-02-10,2025-02-16,Dak Lak,Cu M'gar,Robusta / ca phe nhan xo noi dia,131025,131025.0,4,observed,23.671,72.286,3.0,0.219,Dat do bazan,5,high,4,Nong Nghiep Moi Truong
2025-02-10,2025-02-16,Dak Lak,Ea H'leo,Robusta / ca phe nhan xo noi dia,130675,130675.0,4,observed,22.057,76.571,1.2,0.232,Dat do bazan,5,medium,4,Nong Nghiep Moi Truong
2025-02-10,2025-02-16,Dak Nong,Dak R'lap,Robusta / ca phe nhan xo noi dia,130775,130775.0,4,observed,23.671,73.286,6.2,0.272,Dat do bazan,4,low,4,Nong Nghiep Moi Truong
2025-02-10,2025-02-16,Dak Nong,Gia Nghia,Robusta / ca phe nhan xo noi dia,131125,131125.0,4,observed,23.186,73.286,4.5,0.21,Dat do bazan,4,low,4,Nong Nghiep Moi Truong
2025-02-10,2025-02-16,Gia Lai,Chu Prong,Robusta / ca phe nhan xo noi dia,131025,131025.0,4,observed,24.614,64.286,3.1,0.197,Dat do bazan,4,low,4,Nong Nghiep Moi Truong
2025-02-10,2025-02-16,Gia Lai,Ia Grai,Robusta / ca phe nhan xo noi dia,130675,130675.0,4,observed,25.643,62.143,0.6,0.204,Dat do bazan,4,low,4,Nong Nghiep Moi Truong
2025-02-10,2025-02-16,Gia Lai,Pleiku,Robusta / ca phe nhan xo noi dia,130675,130675.0,4,observed,22.286,69.286,2.2,0.196,Dat do bazan,4,low,4,Nong Nghiep Moi Truong
2025-02-10,2025-02-16,Kon Tum,Kon Tum,Robusta / ca phe nhan xo noi dia,130675,130675.0,4,observed,23.3,66.714,1.5,0.222,Dat do vang / dat bazan cuc bo,3,low,4,Nong Nghiep Moi Truong
2025-02-10,2025-02-16,Lam Dong,Bao Loc,Robusta / ca phe nhan xo noi dia,129750,129750.0,4,observed,21.671,80.714,12.5,0.274,Dat do vang tren bazan,4,low,4,Nong Nghiep Moi Truong
2025-02-10,2025-02-16,Lam Dong,Di Linh,Robusta / ca phe nhan xo noi dia,129750,129750.0,4,observed,20.857,84.571,18.9,0.389,Dat do vang tren bazan,4,medium,4,Nong Nghiep Moi Truong
2025-02-10,2025-02-16,Lam Dong,Lam Ha,Robusta / ca phe nhan xo noi dia,129750,129750.0,4,observed,21.2,80.714,13.6,0.315,Dat do vang tren bazan,4,low,4,Nong Nghiep Moi Truong
2025-02-17,2025-02-23,Dak Lak,Buon Ho,Robusta / ca phe nhan xo noi dia,131475,131475.0,4,observed,20.857,84.857,2.3,0.274,Dat do bazan,5,medium,4,Nong Nghiep Moi Truong
2025-02-17,2025-02-23,Dak Lak,Cu M'gar,Robusta / ca phe nhan xo noi dia,131825,131825.0,4,observed,23.471,73.714,1.3,0.217,Dat do bazan,5,high,4,Nong Nghiep Moi Truong
2025-02-17,2025-02-23,Dak Lak,Ea H'leo,Robusta / ca phe nhan xo noi dia,131475,131475.0,4,observed,21.757,80.429,6.7,0.213,Dat do bazan,5,medium,4,Nong Nghiep Moi Truong
2025-02-17,2025-02-23,Dak Nong,Dak R'lap,Robusta / ca phe nhan xo noi dia,131525,131525.0,4,observed,23.486,75.143,14.0,0.322,Dat do bazan,4,low,4,Nong Nghiep Moi Truong
2025-02-17,2025-02-23,Dak Nong,Gia Nghia,Robusta / ca phe nhan xo noi dia,131875,131875.0,4,observed,23.014,75.286,8.6,0.223,Dat do bazan,4,low,4,Nong Nghiep Moi Truong
2025-02-17,2025-02-23,Gia Lai,Chu Prong,Robusta / ca phe nhan xo noi dia,131825,131825.0,4,observed,24.6,64.0,0.2,0.172,Dat do bazan,4,low,4,Nong Nghiep Moi Truong
2025-02-17,2025-02-23,Gia Lai,Ia Grai,Robusta / ca phe nhan xo noi dia,131475,131475.0,4,observed,25.971,60.286,2.9,0.189,Dat do bazan,4,low,4,Nong Nghiep Moi Truong
2025-02-17,2025-02-23,Gia Lai,Pleiku,Robusta / ca phe nhan xo noi dia,131475,131475.0,4,observed,22.0,70.429,1.4,0.18,Dat do bazan,4,low,4,Nong Nghiep Moi Truong
2025-02-17,2025-02-23,Kon Tum,Kon Tum,Robusta / ca phe nhan xo noi dia,131475,131475.0,4,observed,23.571,65.143,0.3,0.203,Dat do vang / dat bazan cuc bo,3,low,4,Nong Nghiep Moi Truong
2025-02-17,2025-02-23,Lam Dong,Bao Loc,Robusta / ca phe nhan xo noi dia,130375,130375.0,4,observed,21.086,85.0,47.1,0.397,Dat do vang tren bazan,4,low,4,Nong Nghiep Moi Truong
2025-02-17,2025-02-23,Lam Dong,Di Linh,Robusta / ca phe nhan xo noi dia,130375,130375.0,4,observed,20.814,81.857,45.0,0.445,Dat do vang tren bazan,4,medium,4,Nong Nghiep Moi Truong
2025-02-17,2025-02-23,Lam Dong,Lam Ha,Robusta / ca phe nhan xo noi dia,130375,130375.0,4,observed,20.714,83.143,60.2,0.417,Dat do vang tren bazan,4,low,4,Nong Nghiep Moi Truong
2025-02-24,2025-03-02,Dak Lak,Buon Ho,Robusta / ca phe nhan xo noi dia,129250,129250.0,2,observed,21.186,85.0,5.6,0.305,Dat do bazan,5,medium,2,Nong Nghiep Moi Truong
2025-02-24,2025-03-02,Dak Lak,Cu M'gar,Robusta / ca phe nhan xo noi dia,129250,129250.0,2,observed,24.0,73.286,2.0,0.246,Dat do bazan,5,high,2,Nong Nghiep Moi Truong
2025-02-24,2025-03-02,Dak Lak,Ea H'leo,Robusta / ca phe nhan xo noi dia,129250,129250.0,2,observed,22.129,79.857,11.4,0.297,Dat do bazan,5,medium,2,Nong Nghiep Moi Truong
2025-02-24,2025-03-02,Dak Nong,Dak R'lap,Robusta / ca phe nhan xo noi dia,129200,129200.0,2,observed,24.171,73.286,2.5,0.317,Dat do bazan,4,low,2,Nong Nghiep Moi Truong
2025-02-24,2025-03-02,Dak Nong,Gia Nghia,Robusta / ca phe nhan xo noi dia,129250,129250.0,2,observed,23.743,73.429,2.5,0.229,Dat do bazan,4,low,2,Nong Nghiep Moi Truong
2025-02-24,2025-03-02,Gia Lai,Chu Prong,Robusta / ca phe nhan xo noi dia,129250,129250.0,2,observed,25.043,64.286,0.6,0.208,Dat do bazan,4,low,2,Nong Nghiep Moi Truong
2025-02-24,2025-03-02,Gia Lai,Ia Grai,Robusta / ca phe nhan xo noi dia,129200,129200.0,2,observed,26.457,61.0,1.0,0.205,Dat do bazan,4,low,2,Nong Nghiep Moi Truong
2025-02-24,2025-03-02,Gia Lai,Pleiku,Robusta / ca phe nhan xo noi dia,129200,129200.0,2,observed,22.657,70.571,0.6,0.193,Dat do bazan,4,low,2,Nong Nghiep Moi Truong
2025-02-24,2025-03-02,Kon Tum,Kon Tum,Robusta / ca phe nhan xo noi dia,129200,129200.0,2,observed,24.586,64.286,2.5,0.224,Dat do vang / dat bazan cuc bo,3,low,2,Nong Nghiep Moi Truong
2025-02-24,2025-03-02,Lam Dong,Bao Loc,Robusta / ca phe nhan xo noi dia,127250,127250.0,2,observed,22.0,79.143,6.3,0.414,Dat do vang tren bazan,4,low,2,Nong Nghiep Moi Truong
2025-02-24,2025-03-02,Lam Dong,Di Linh,Robusta / ca phe nhan xo noi dia,127250,127250.0,2,observed,21.771,74.143,2.7,0.429,Dat do vang tren bazan,4,medium,2,Nong Nghiep Moi Truong
2025-02-24,2025-03-02,Lam Dong,Lam Ha,Robusta / ca phe nhan xo noi dia,127250,127250.0,2,observed,22.014,73.714,0.5,0.41,Dat do vang tren bazan,4,low,2,Nong Nghiep Moi Truong
2025-03-03,2025-03-09,Dak Lak,Buon Ho,Robusta / ca phe nhan xo noi dia,130618,,0,interpolated_area,23.314,78.0,3.1,0.261,Dat do bazan,5,medium,0,
2025-03-03,2025-03-09,Dak Lak,Cu M'gar,Robusta / ca phe nhan xo noi dia,130658,,0,interpolated_area,25.943,68.571,4.5,0.238,Dat do bazan,5,high,0,
2025-03-03,2025-03-09,Dak Lak,Ea H'leo,Robusta / ca phe nhan xo noi dia,130618,,0,interpolated_area,24.371,72.429,1.7,0.213,Dat do bazan,5,medium,0,
2025-03-03,2025-03-09,Dak Nong,Dak R'lap,Robusta / ca phe nhan xo noi dia,130621,,0,interpolated_area,24.557,76.143,10.0,0.296,Dat do bazan,4,low,0,
2025-03-03,2025-03-09,Dak Nong,Gia Nghia,Robusta / ca phe nhan xo noi dia,130692,,0,interpolated_area,24.386,75.143,8.5,0.216,Dat do bazan,4,low,0,
2025-03-03,2025-03-09,Gia Lai,Chu Prong,Robusta / ca phe nhan xo noi dia,130475,,0,interpolated_area,26.957,61.143,0.5,0.207,Dat do bazan,4,low,0,
2025-03-03,2025-03-09,Gia Lai,Ia Grai,Robusta / ca phe nhan xo noi dia,130407,,0,interpolated_area,28.029,59.0,1.4,0.203,Dat do bazan,4,low,0,
2025-03-03,2025-03-09,Gia Lai,Pleiku,Robusta / ca phe nhan xo noi dia,130407,,0,interpolated_area,24.414,67.429,1.1,0.195,Dat do bazan,4,low,0,
2025-03-03,2025-03-09,Kon Tum,Kon Tum,Robusta / ca phe nhan xo noi dia,130425,,0,interpolated_area,25.914,63.286,3.6,0.224,Dat do vang / dat bazan cuc bo,3,low,0,
2025-03-03,2025-03-09,Lam Dong,Bao Loc,Robusta / ca phe nhan xo noi dia,128954,,0,interpolated_area,22.214,82.0,8.7,0.353,Dat do vang tren bazan,4,low,0,
2025-03-03,2025-03-09,Lam Dong,Di Linh,Robusta / ca phe nhan xo noi dia,129008,,0,interpolated_area,22.229,79.0,12.8,0.413,Dat do vang tren bazan,4,medium,0,
2025-03-03,2025-03-09,Lam Dong,Lam Ha,Robusta / ca phe nhan xo noi dia,128954,,0,interpolated_area,22.529,76.286,9.0,0.336,Dat do vang tren bazan,4,low,0,
2025-03-10,2025-03-16,Dak Lak,Buon Ho,Robusta / ca phe nhan xo noi dia,131986,131985.7142857143,7,observed,23.229,82.0,2.8,0.269,Dat do bazan,5,medium,7,Nong Nghiep Moi Truong
2025-03-10,2025-03-16,Dak Lak,Cu M'gar,Robusta / ca phe nhan xo noi dia,132067,132066.66666666666,6,observed,25.857,72.429,2.8,0.279,Dat do bazan,5,high,6,Nong Nghiep Moi Truong
2025-03-10,2025-03-16,Dak Lak,Ea H'leo,Robusta / ca phe nhan xo noi dia,131986,131985.7142857143,7,observed,24.314,76.571,7.2,0.244,Dat do bazan,5,medium,7,Nong Nghiep Moi Truong
2025-03-10,2025-03-16,Dak Nong,Dak R'lap,Robusta / ca phe nhan xo noi dia,132043,132042.85714285713,7,observed,25.1,75.857,5.4,0.38,Dat do bazan,4,low,7,Nong Nghiep Moi Truong
2025-03-10,2025-03-16,Dak Nong,Gia Nghia,Robusta / ca phe nhan xo noi dia,132133,132133.33333333334,6,observed,24.829,75.286,1.7,0.315,Dat do bazan,4,low,6,Nong Nghiep Moi Truong
2025-03-10,2025-03-16,Gia Lai,Chu Prong,Robusta / ca phe nhan xo noi dia,131700,131700.0,6,observed,26.843,63.571,4.2,0.206,Dat do bazan,4,low,6,Nong Nghiep Moi Truong
2025-03-10,2025-03-16,Gia Lai,Ia Grai,Robusta / ca phe nhan xo noi dia,131614,131614.2857142857,7,observed,27.914,61.714,4.8,0.189,Dat do bazan,4,low,7,Nong Nghiep Moi Truong
2025-03-10,2025-03-16,Gia Lai,Pleiku,Robusta / ca phe nhan xo noi dia,131614,131614.2857142857,7,observed,24.286,71.0,4.0,0.195,Dat do bazan,4,low,7,Nong Nghiep Moi Truong
2025-03-10,2025-03-16,Kon Tum,Kon Tum,Robusta / ca phe nhan xo noi dia,131650,131650.0,6,observed,26.243,63.857,4.2,0.203,Dat do vang / dat bazan cuc bo,3,low,6,Nong Nghiep Moi Truong
2025-03-10,2025-03-16,Lam Dong,Bao Loc,Robusta / ca phe nhan xo noi dia,130657,130657.14285714286,7,observed,22.986,77.286,13.5,0.381,Dat do vang tren bazan,4,low,7,Nong Nghiep Moi Truong
2025-03-10,2025-03-16,Lam Dong,Di Linh,Robusta / ca phe nhan xo noi dia,130767,130766.66666666667,6,observed,22.729,75.286,4.3,0.405,Dat do vang tren bazan,4,medium,6,Nong Nghiep Moi Truong
2025-03-10,2025-03-16,Lam Dong,Lam Ha,Robusta / ca phe nhan xo noi dia,130657,130657.14285714286,7,observed,23.043,73.0,3.7,0.39,Dat do vang tren bazan,4,low,7,Nong Nghiep Moi Truong
2025-03-17,2025-03-23,Dak Lak,Buon Ho,Robusta / ca phe nhan xo noi dia,130214,,0,interpolated_area,20.329,79.143,0.8,0.269,Dat do bazan,5,medium,0,
2025-03-17,2025-03-23,Dak Lak,Cu M'gar,Robusta / ca phe nhan xo noi dia,130300,,0,interpolated_area,22.971,68.714,0.2,0.236,Dat do bazan,5,high,0,
2025-03-17,2025-03-23,Dak Lak,Ea H'leo,Robusta / ca phe nhan xo noi dia,130214,,0,interpolated_area,21.214,73.286,0.8,0.221,Dat do bazan,5,medium,0,
2025-03-17,2025-03-23,Dak Nong,Dak R'lap,Robusta / ca phe nhan xo noi dia,130257,,0,interpolated_area,23.386,67.143,1.3,0.284,Dat do bazan,4,low,0,
2025-03-17,2025-03-23,Dak Nong,Gia Nghia,Robusta / ca phe nhan xo noi dia,130350,,0,interpolated_area,22.643,69.571,2.0,0.246,Dat do bazan,4,low,0,
2025-03-17,2025-03-23,Gia Lai,Chu Prong,Robusta / ca phe nhan xo noi dia,130025,,0,interpolated_area,24.057,59.143,0.6,0.211,Dat do bazan,4,low,0,
2025-03-17,2025-03-23,Gia Lai,Ia Grai,Robusta / ca phe nhan xo noi dia,129936,,0,interpolated_area,25.3,56.429,0.9,0.204,Dat do bazan,4,low,0,
2025-03-17,2025-03-23,Gia Lai,Pleiku,Robusta / ca phe nhan xo noi dia,129936,,0,interpolated_area,21.257,66.571,1.3,0.206,Dat do bazan,4,low,0,
2025-03-17,2025-03-23,Kon Tum,Kon Tum,Robusta / ca phe nhan xo noi dia,133200,133200.0,2,observed,22.457,62.429,0.0,0.225,Dat do vang / dat bazan cuc bo,3,low,2,Nong Nghiep Moi Truong
2025-03-17,2025-03-23,Lam Dong,Bao Loc,Robusta / ca phe nhan xo noi dia,128918,,0,interpolated_area,21.643,76.0,5.8,0.302,Dat do vang tren bazan,4,low,0,
2025-03-17,2025-03-23,Lam Dong,Di Linh,Robusta / ca phe nhan xo noi dia,129000,,0,interpolated_area,21.543,73.429,12.8,0.35,Dat do vang tren bazan,4,medium,0,
2025-03-17,2025-03-23,Lam Dong,Lam Ha,Robusta / ca phe nhan xo noi dia,128918,,0,interpolated_area,21.757,71.571,7.8,0.323,Dat do vang tren bazan,4,low,0,
2025-03-24,2025-03-30,Dak Lak,Buon Ho,Robusta / ca phe nhan xo noi dia,128443,,0,interpolated_area,23.5,75.0,2.2,0.255,Dat do bazan,5,medium,0,
2025-03-24,2025-03-30,Dak Lak,Cu M'gar,Robusta / ca phe nhan xo noi dia,128533,,0,interpolated_area,26.371,63.571,1.9,0.243,Dat do bazan,5,high,0,
2025-03-24,2025-03-30,Dak Lak,Ea H'leo,Robusta / ca phe nhan xo noi dia,128443,,0,interpolated_area,24.814,67.571,3.7,0.214,Dat do bazan,5,medium,0,
2025-03-24,2025-03-30,Dak Nong,Dak R'lap,Robusta / ca phe nhan xo noi dia,128471,,0,interpolated_area,24.7,70.857,6.7,0.285,Dat do bazan,4,low,0,
2025-03-24,2025-03-30,Dak Nong,Gia Nghia,Robusta / ca phe nhan xo noi dia,128567,,0,interpolated_area,24.543,70.286,7.2,0.214,Dat do bazan,4,low,0,
2025-03-24,2025-03-30,Gia Lai,Chu Prong,Robusta / ca phe nhan xo noi dia,128350,,0,interpolated_area,26.957,60.0,1.6,0.205,Dat do bazan,4,low,0,
2025-03-24,2025-03-30,Gia Lai,Ia Grai,Robusta / ca phe nhan xo noi dia,128257,,0,interpolated_area,28.0,58.571,1.5,0.211,Dat do bazan,4,low,0,
2025-03-24,2025-03-30,Gia Lai,Pleiku,Robusta / ca phe nhan xo noi dia,128257,,0,interpolated_area,24.643,65.286,4.3,0.194,Dat do bazan,4,low,0,
2025-03-24,2025-03-30,Kon Tum,Kon Tum,Robusta / ca phe nhan xo noi dia,130433,,0,interpolated_area,26.529,60.571,1.0,0.223,Dat do vang / dat bazan cuc bo,3,low,0,
2025-03-24,2025-03-30,Lam Dong,Bao Loc,Robusta / ca phe nhan xo noi dia,127179,,0,interpolated_area,22.557,75.0,26.7,0.282,Dat do vang tren bazan,4,low,0,
2025-03-24,2025-03-30,Lam Dong,Di Linh,Robusta / ca phe nhan xo noi dia,127233,,0,interpolated_area,22.4,72.143,14.3,0.304,Dat do vang tren bazan,4,medium,0,
2025-03-24,2025-03-30,Lam Dong,Lam Ha,Robusta / ca phe nhan xo noi dia,127179,,0,interpolated_area,22.571,71.0,9.1,0.293,Dat do vang tren bazan,4,low,0,
2025-03-31,2025-04-06,Dak Lak,Buon Ho,Robusta / ca phe nhan xo noi dia,126671,,0,interpolated_area,21.843,83.429,26.1,0.345,Dat do bazan,5,medium,0,
2025-03-31,2025-04-06,Dak Lak,Cu M'gar,Robusta / ca phe nhan xo noi dia,126767,,0,interpolated_area,24.386,73.571,59.8,0.332,Dat do bazan,5,high,0,
2025-03-31,2025-04-06,Dak Lak,Ea H'leo,Robusta / ca phe nhan xo noi dia,126671,,0,interpolated_area,23.486,73.143,2.9,0.218,Dat do bazan,5,medium,0,
2025-03-31,2025-04-06,Dak Nong,Dak R'lap,Robusta / ca phe nhan xo noi dia,126686,,0,interpolated_area,25.014,70.571,3.1,0.337,Dat do bazan,4,low,0,
2025-03-31,2025-04-06,Dak Nong,Gia Nghia,Robusta / ca phe nhan xo noi dia,126783,,0,interpolated_area,24.743,70.286,0.1,0.233,Dat do bazan,4,low,0,
2025-03-31,2025-04-06,Gia Lai,Chu Prong,Robusta / ca phe nhan xo noi dia,126675,,0,interpolated_area,26.571,59.429,1.6,0.206,Dat do bazan,4,low,0,
2025-03-31,2025-04-06,Gia Lai,Ia Grai,Robusta / ca phe nhan xo noi dia,126579,,0,interpolated_area,27.9,56.857,0.9,0.198,Dat do bazan,4,low,0,
2025-03-31,2025-04-06,Gia Lai,Pleiku,Robusta / ca phe nhan xo noi dia,126579,,0,interpolated_area,24.171,65.0,0.7,0.18,Dat do bazan,4,low,0,
2025-03-31,2025-04-06,Kon Tum,Kon Tum,Robusta / ca phe nhan xo noi dia,127667,,0,interpolated_area,25.5,61.714,2.1,0.209,Dat do vang / dat bazan cuc bo,3,low,0,
2025-03-31,2025-04-06,Lam Dong,Bao Loc,Robusta / ca phe nhan xo noi dia,125439,,0,interpolated_area,22.571,79.714,26.7,0.379,Dat do vang tren bazan,4,low,0,
2025-03-31,2025-04-06,Lam Dong,Di Linh,Robusta / ca phe nhan xo noi dia,125467,,0,interpolated_area,22.343,78.571,35.9,0.429,Dat do vang tren bazan,4,medium,0,
2025-03-31,2025-04-06,Lam Dong,Lam Ha,Robusta / ca phe nhan xo noi dia,125439,,0,interpolated_area,22.714,76.0,21.9,0.423,Dat do vang tren bazan,4,low,0,
2025-04-07,2025-04-13,Dak Lak,Buon Ho,Robusta / ca phe nhan xo noi dia,124900,124900.0,1,observed,24.386,79.0,4.2,0.283,Dat do bazan,5,medium,1,Nong Nghiep Moi Truong
2025-04-07,2025-04-13,Dak Lak,Cu M'gar,Robusta / ca phe nhan xo noi dia,125000,125000.0,1,observed,26.571,72.143,5.9,0.268,Dat do bazan,5,high,1,Nong Nghiep Moi Truong
2025-04-07,2025-04-13,Dak Lak,Ea H'leo,Robusta / ca phe nhan xo noi dia,124900,124900.0,1,observed,25.943,71.143,2.2,0.206,Dat do bazan,5,medium,1,Nong Nghiep Moi Truong
2025-04-07,2025-04-13,Dak Nong,Dak R'lap,Robusta / ca phe nhan xo noi dia,124900,124900.0,1,observed,25.7,75.571,14.1,0.286,Dat do bazan,4,low,1,Nong Nghiep Moi Truong
2025-04-07,2025-04-13,Dak Nong,Gia Nghia,Robusta / ca phe nhan xo noi dia,125000,125000.0,1,observed,25.514,74.571,10.9,0.223,Dat do bazan,4,low,1,Nong Nghiep Moi Truong
2025-04-07,2025-04-13,Gia Lai,Chu Prong,Robusta / ca phe nhan xo noi dia,125000,125000.0,1,observed,27.314,66.571,8.1,0.233,Dat do bazan,4,low,1,Nong Nghiep Moi Truong
2025-04-07,2025-04-13,Gia Lai,Ia Grai,Robusta / ca phe nhan xo noi dia,124900,124900.0,1,observed,27.943,68.571,16.2,0.228,Dat do bazan,4,low,1,Nong Nghiep Moi Truong
2025-04-07,2025-04-13,Gia Lai,Pleiku,Robusta / ca phe nhan xo noi dia,124900,124900.0,1,observed,25.2,70.143,4.0,0.192,Dat do bazan,4,low,1,Nong Nghiep Moi Truong
2025-04-07,2025-04-13,Kon Tum,Kon Tum,Robusta / ca phe nhan xo noi dia,124900,124900.0,1,observed,27.071,65.286,11.2,0.194,Dat do vang / dat bazan cuc bo,3,low,1,Nong Nghiep Moi Truong
2025-04-07,2025-04-13,Lam Dong,Bao Loc,Robusta / ca phe nhan xo noi dia,123700,123700.0,1,observed,23.286,78.571,16.2,0.314,Dat do vang tren bazan,4,low,1,Nong Nghiep Moi Truong
2025-04-07,2025-04-13,Lam Dong,Di Linh,Robusta / ca phe nhan xo noi dia,123700,123700.0,1,observed,22.8,77.714,21.3,0.402,Dat do vang tren bazan,4,medium,1,Nong Nghiep Moi Truong
2025-04-07,2025-04-13,Lam Dong,Lam Ha,Robusta / ca phe nhan xo noi dia,123700,123700.0,1,observed,23.343,75.143,7.2,0.313,Dat do vang tren bazan,4,low,1,Nong Nghiep Moi Truong
2025-04-14,2025-04-20,Dak Lak,Buon Ho,Robusta / ca phe nhan xo noi dia,130029,130028.57142857143,7,observed,25.243,73.429,3.6,0.25,Dat do bazan,5,medium,7,Nong Nghiep Moi Truong
2025-04-14,2025-04-20,Dak Lak,Cu M'gar,Robusta / ca phe nhan xo noi dia,128720,128720.0,5,observed,27.314,68.143,2.3,0.25,Dat do bazan,5,high,5,Nong Nghiep Moi Truong
2025-04-14,2025-04-20,Dak Lak,Ea H'leo,Robusta / ca phe nhan xo noi dia,130029,130028.57142857143,7,observed,26.786,67.286,2.3,0.213,Dat do bazan,5,medium,7,Nong Nghiep Moi Truong
2025-04-14,2025-04-20,Dak Nong,Dak R'lap,Robusta / ca phe nhan xo noi dia,128660,128660.0,5,observed,25.314,81.571,38.8,0.405,Dat do bazan,4,low,5,Nong Nghiep Moi Truong
2025-04-14,2025-04-20,Dak Nong,Gia Nghia,Robusta / ca phe nhan xo noi dia,128760,128760.0,5,observed,25.371,79.0,20.1,0.328,Dat do bazan,4,low,5,Nong Nghiep Moi Truong
2025-04-14,2025-04-20,Gia Lai,Chu Prong,Robusta / ca phe nhan xo noi dia,128600,128600.0,5,observed,27.5,67.143,13.9,0.247,Dat do bazan,4,low,5,Nong Nghiep Moi Truong
2025-04-14,2025-04-20,Gia Lai,Ia Grai,Robusta / ca phe nhan xo noi dia,129943,129942.85714285714,7,observed,27.771,72.0,32.3,0.258,Dat do bazan,4,low,7,Nong Nghiep Moi Truong
2025-04-14,2025-04-20,Gia Lai,Pleiku,Robusta / ca phe nhan xo noi dia,129943,129942.85714285714,7,observed,25.186,72.857,18.3,0.249,Dat do bazan,4,low,7,Nong Nghiep Moi Truong
2025-04-14,2025-04-20,Kon Tum,Kon Tum,Robusta / ca phe nhan xo noi dia,129943,129942.85714285714,7,observed,26.886,69.286,14.3,0.269,Dat do vang / dat bazan cuc bo,3,low,7,Nong Nghiep Moi Truong
2025-04-14,2025-04-20,Lam Dong,Bao Loc,Robusta / ca phe nhan xo noi dia,129229,129228.57142857143,7,observed,23.443,82.143,27.5,0.401,Dat do vang tren bazan,4,low,7,Nong Nghiep Moi Truong
2025-04-14,2025-04-20,Lam Dong,Di Linh,Robusta / ca phe nhan xo noi dia,129229,129228.57142857143,7,observed,23.029,81.429,18.2,0.422,Dat do vang tren bazan,4,medium,7,Nong Nghiep Moi Truong
2025-04-14,2025-04-20,Lam Dong,Lam Ha,Robusta / ca phe nhan xo noi dia,129229,129228.57142857143,7,observed,23.771,77.429,9.6,0.357,Dat do vang tren bazan,4,low,7,Nong Nghiep Moi Truong
2025-04-21,2025-04-27,Dak Lak,Buon Ho,Robusta / ca phe nhan xo noi dia,130364,,0,interpolated_area,25.657,72.286,8.3,0.275,Dat do bazan,5,medium,0,
2025-04-21,2025-04-27,Dak Lak,Cu M'gar,Robusta / ca phe nhan xo noi dia,129710,,0,interpolated_area,27.643,67.571,3.2,0.252,Dat do bazan,5,high,0,
2025-04-21,2025-04-27,Dak Lak,Ea H'leo,Robusta / ca phe nhan xo noi dia,130364,,0,interpolated_area,26.343,71.0,15.1,0.3,Dat do bazan,5,medium,0,
2025-04-21,2025-04-27,Dak Nong,Dak R'lap,Robusta / ca phe nhan xo noi dia,129680,,0,interpolated_area,24.957,80.0,50.0,0.391,Dat do bazan,4,low,0,
2025-04-21,2025-04-27,Dak Nong,Gia Nghia,Robusta / ca phe nhan xo noi dia,129730,,0,interpolated_area,24.9,78.857,29.5,0.357,Dat do bazan,4,low,0,
2025-04-21,2025-04-27,Gia Lai,Chu Prong,Robusta / ca phe nhan xo noi dia,129600,,0,interpolated_area,27.914,64.143,11.6,0.253,Dat do bazan,4,low,0,
2025-04-21,2025-04-27,Gia Lai,Ia Grai,Robusta / ca phe nhan xo noi dia,130271,,0,interpolated_area,28.314,67.143,11.0,0.246,Dat do bazan,4,low,0,
2025-04-21,2025-04-27,Gia Lai,Pleiku,Robusta / ca phe nhan xo noi dia,130271,,0,interpolated_area,25.629,68.143,21.7,0.237,Dat do bazan,4,low,0,
2025-04-21,2025-04-27,Kon Tum,Kon Tum,Robusta / ca phe nhan xo noi dia,130271,,0,interpolated_area,26.814,67.857,17.2,0.32,Dat do vang / dat bazan cuc bo,3,low,0,
2025-04-21,2025-04-27,Lam Dong,Bao Loc,Robusta / ca phe nhan xo noi dia,129714,,0,interpolated_area,22.786,82.571,27.2,0.353,Dat do vang tren bazan,4,low,0,
2025-04-21,2025-04-27,Lam Dong,Di Linh,Robusta / ca phe nhan xo noi dia,129714,,0,interpolated_area,22.557,80.857,24.4,0.419,Dat do vang tren bazan,4,medium,0,
2025-04-21,2025-04-27,Lam Dong,Lam Ha,Robusta / ca phe nhan xo noi dia,129714,,0,interpolated_area,23.114,77.143,19.9,0.331,Dat do vang tren bazan,4,low,0,
2025-04-28,2025-05-04,Dak Lak,Buon Ho,Robusta / ca phe nhan xo noi dia,130700,130700.0,1,observed,24.914,75.286,10.7,0.267,Dat do bazan,5,medium,1,Nong Nghiep Moi Truong
2025-04-28,2025-05-04,Dak Lak,Cu M'gar,Robusta / ca phe nhan xo noi dia,130700,,0,province_proxy,26.843,69.714,27.9,0.275,Dat do bazan,5,high,0,
2025-04-28,2025-05-04,Dak Lak,Ea H'leo,Robusta / ca phe nhan xo noi dia,130700,130700.0,1,observed,25.814,71.143,9.9,0.241,Dat do bazan,5,medium,1,Nong Nghiep Moi Truong
2025-04-28,2025-05-04,Dak Nong,Dak R'lap,Robusta / ca phe nhan xo noi dia,130700,130700.0,1,observed,25.3,76.714,66.3,0.367,Dat do bazan,4,low,1,Nong Nghiep Moi Truong
2025-04-28,2025-05-04,Dak Nong,Gia Nghia,Robusta / ca phe nhan xo noi dia,130700,,0,province_proxy,25.329,74.143,29.9,0.339,Dat do bazan,4,low,0,
2025-04-28,2025-05-04,Gia Lai,Chu Prong,Robusta / ca phe nhan xo noi dia,130600,,0,province_proxy,27.557,62.143,11.5,0.227,Dat do bazan,4,low,0,
2025-04-28,2025-05-04,Gia Lai,Ia Grai,Robusta / ca phe nhan xo noi dia,130600,130600.0,1,observed,28.371,63.143,28.3,0.24,Dat do bazan,4,low,1,Nong Nghiep Moi Truong
2025-04-28,2025-05-04,Gia Lai,Pleiku,Robusta / ca phe nhan xo noi dia,130600,130600.0,1,observed,25.314,66.857,19.6,0.215,Dat do bazan,4,low,1,Nong Nghiep Moi Truong
2025-04-28,2025-05-04,Kon Tum,Kon Tum,Robusta / ca phe nhan xo noi dia,130600,130600.0,1,observed,26.714,64.857,7.9,0.258,Dat do vang / dat bazan cuc bo,3,low,1,Nong Nghiep Moi Truong
2025-04-28,2025-05-04,Lam Dong,Bao Loc,Robusta / ca phe nhan xo noi dia,130200,130200.0,1,observed,23.043,79.714,34.5,0.348,Dat do vang tren bazan,4,low,1,Nong Nghiep Moi Truong
2025-04-28,2025-05-04,Lam Dong,Di Linh,Robusta / ca phe nhan xo noi dia,130200,,0,province_proxy,22.857,77.429,34.1,0.401,Dat do vang tren bazan,4,medium,0,
2025-04-28,2025-05-04,Lam Dong,Lam Ha,Robusta / ca phe nhan xo noi dia,130200,130200.0,1,observed,23.086,75.571,39.8,0.371,Dat do vang tren bazan,4,low,1,Nong Nghiep Moi Truong
2025-05-05,2025-05-11,Dak Lak,Buon Ho,Robusta / ca phe nhan xo noi dia,128000,128000.0,1,observed,25.729,78.286,42.9,0.305,Dat do bazan,5,medium,1,Nong Nghiep Moi Truong
2025-05-05,2025-05-11,Dak Lak,Cu M'gar,Robusta / ca phe nhan xo noi dia,128000,128000.0,1,observed,26.6,79.286,58.3,0.408,Dat do bazan,5,high,1,Nong Nghiep Moi Truong
2025-05-05,2025-05-11,Dak Lak,Ea H'leo,Robusta / ca phe nhan xo noi dia,128000,128000.0,1,observed,26.257,77.714,73.5,0.334,Dat do bazan,5,medium,1,Nong Nghiep Moi Truong
2025-05-05,2025-05-11,Dak Nong,Dak R'lap,Robusta / ca phe nhan xo noi dia,128100,128100.0,1,observed,25.029,84.714,33.2,0.398,Dat do bazan,4,low,1,Nong Nghiep Moi Truong
2025-05-05,2025-05-11,Dak Nong,Gia Nghia,Robusta / ca phe nhan xo noi dia,128200,128200.0,1,observed,24.729,85.0,31.3,0.411,Dat do bazan,4,low,1,Nong Nghiep Moi Truong
2025-05-05,2025-05-11,Gia Lai,Chu Prong,Robusta / ca phe nhan xo noi dia,128000,128000.0,1,observed,26.614,79.286,31.6,0.344,Dat do bazan,4,low,1,Nong Nghiep Moi Truong
2025-05-05,2025-05-11,Gia Lai,Ia Grai,Robusta / ca phe nhan xo noi dia,128000,128000.0,1,observed,27.1,82.286,46.7,0.369,Dat do bazan,4,low,1,Nong Nghiep Moi Truong
2025-05-05,2025-05-11,Gia Lai,Pleiku,Robusta / ca phe nhan xo noi dia,128000,128000.0,1,observed,24.686,81.857,39.1,0.37,Dat do bazan,4,low,1,Nong Nghiep Moi Truong
2025-05-05,2025-05-11,Kon Tum,Kon Tum,Robusta / ca phe nhan xo noi dia,128000,128000.0,1,observed,26.143,80.286,49.5,0.389,Dat do vang / dat bazan cuc bo,3,low,1,Nong Nghiep Moi Truong
2025-05-05,2025-05-11,Lam Dong,Bao Loc,Robusta / ca phe nhan xo noi dia,128000,128000.0,1,observed,23.5,85.571,21.9,0.377,Dat do vang tren bazan,4,low,1,Nong Nghiep Moi Truong
2025-05-05,2025-05-11,Lam Dong,Di Linh,Robusta / ca phe nhan xo noi dia,128000,128000.0,1,observed,22.986,86.143,33.1,0.428,Dat do vang tren bazan,4,medium,1,Nong Nghiep Moi Truong
2025-05-05,2025-05-11,Lam Dong,Lam Ha,Robusta / ca phe nhan xo noi dia,128000,128000.0,1,observed,23.486,81.857,15.5,0.388,Dat do vang tren bazan,4,low,1,Nong Nghiep Moi Truong
2025-05-12,2025-05-18,Dak Lak,Buon Ho,Robusta / ca phe nhan xo noi dia,126025,126025.0,4,observed,24.457,85.429,31.5,0.396,Dat do bazan,5,medium,4,Nong Nghiep Moi Truong
2025-05-12,2025-05-18,Dak Lak,Cu M'gar,Robusta / ca phe nhan xo noi dia,126100,126100.0,2,observed,26.271,80.714,45.1,0.423,Dat do bazan,5,high,2,Nong Nghiep Moi Truong
2025-05-12,2025-05-18,Dak Lak,Ea H'leo,Robusta / ca phe nhan xo noi dia,126025,126025.0,4,observed,25.029,84.143,50.2,0.411,Dat do bazan,5,medium,4,Nong Nghiep Moi Truong
2025-05-12,2025-05-18,Dak Nong,Dak R'lap,Robusta / ca phe nhan xo noi dia,126100,126100.0,2,observed,24.686,86.714,44.6,0.47,Dat do bazan,4,low,2,Nong Nghiep Moi Truong
2025-05-12,2025-05-18,Dak Nong,Gia Nghia,Robusta / ca phe nhan xo noi dia,126200,126200.0,2,observed,24.4,86.429,52.9,0.454,Dat do bazan,4,low,2,Nong Nghiep Moi Truong
2025-05-12,2025-05-18,Gia Lai,Chu Prong,Robusta / ca phe nhan xo noi dia,126000,126000.0,2,observed,26.343,78.714,37.0,0.407,Dat do bazan,4,low,2,Nong Nghiep Moi Truong
2025-05-12,2025-05-18,Gia Lai,Ia Grai,Robusta / ca phe nhan xo noi dia,125850,125850.0,4,observed,26.671,81.714,31.2,0.385,Dat do bazan,4,low,4,Nong Nghiep Moi Truong
2025-05-12,2025-05-18,Gia Lai,Pleiku,Robusta / ca phe nhan xo noi dia,125850,125850.0,4,observed,24.029,83.857,65.9,0.449,Dat do bazan,4,low,4,Nong Nghiep Moi Truong
2025-05-12,2025-05-18,Kon Tum,Kon Tum,Robusta / ca phe nhan xo noi dia,125875,125875.0,4,observed,25.4,81.714,44.4,0.402,Dat do vang / dat bazan cuc bo,3,low,4,Nong Nghiep Moi Truong
2025-05-12,2025-05-18,Lam Dong,Bao Loc,Robusta / ca phe nhan xo noi dia,125750,125750.0,4,observed,23.257,85.714,20.6,0.4,Dat do vang tren bazan,4,low,4,Nong Nghiep Moi Truong
2025-05-12,2025-05-18,Lam Dong,Di Linh,Robusta / ca phe nhan xo noi dia,125750,125750.0,4,observed,22.786,85.857,22.1,0.466,Dat do vang tren bazan,4,medium,4,Nong Nghiep Moi Truong
2025-05-12,2025-05-18,Lam Dong,Lam Ha,Robusta / ca phe nhan xo noi dia,125750,125750.0,4,observed,23.057,82.714,24.5,0.404,Dat do vang tren bazan,4,low,4,Nong Nghiep Moi Truong
2025-05-19,2025-05-25,Dak Lak,Buon Ho,Robusta / ca phe nhan xo noi dia,126400,126400.0,1,observed,24.229,86.429,49.3,0.387,Dat do bazan,5,medium,1,Nong Nghiep Moi Truong
2025-05-19,2025-05-25,Dak Lak,Cu M'gar,Robusta / ca phe nhan xo noi dia,126400,,0,province_proxy,25.571,84.571,68.8,0.415,Dat do bazan,5,high,0,
2025-05-19,2025-05-25,Dak Lak,Ea H'leo,Robusta / ca phe nhan xo noi dia,126400,126400.0,1,observed,24.929,85.286,64.4,0.384,Dat do bazan,5,medium,1,Nong Nghiep Moi Truong
2025-05-19,2025-05-25,Dak Nong,Dak R'lap,Robusta / ca phe nhan xo noi dia,122800,,0,interpolated_area,23.886,90.286,114.2,0.485,Dat do bazan,4,low,0,
2025-05-19,2025-05-25,Dak Nong,Gia Nghia,Robusta / ca phe nhan xo noi dia,122900,,0,interpolated_area,23.814,89.286,122.0,0.485,Dat do bazan,4,low,0,
2025-05-19,2025-05-25,Gia Lai,Chu Prong,Robusta / ca phe nhan xo noi dia,126400,,0,province_proxy,25.9,82.571,75.3,0.395,Dat do bazan,4,low,0,
2025-05-19,2025-05-25,Gia Lai,Ia Grai,Robusta / ca phe nhan xo noi dia,126400,126400.0,1,observed,26.471,84.286,86.9,0.392,Dat do bazan,4,low,1,Nong Nghiep Moi Truong
2025-05-19,2025-05-25,Gia Lai,Pleiku,Robusta / ca phe nhan xo noi dia,126400,126400.0,1,observed,24.143,84.857,59.9,0.437,Dat do bazan,4,low,1,Nong Nghiep Moi Truong
2025-05-19,2025-05-25,Kon Tum,Kon Tum,Robusta / ca phe nhan xo noi dia,126400,126400.0,1,observed,25.729,80.571,35.3,0.373,Dat do vang / dat bazan cuc bo,3,low,1,Nong Nghiep Moi Truong
2025-05-19,2025-05-25,Lam Dong,Bao Loc,Robusta / ca phe nhan xo noi dia,126000,126000.0,1,observed,22.643,89.286,107.8,0.455,Dat do vang tren bazan,4,low,1,Nong Nghiep Moi Truong
2025-05-19,2025-05-25,Lam Dong,Di Linh,Robusta / ca phe nhan xo noi dia,126000,126000.0,1,observed,22.229,89.571,88.3,0.479,Dat do vang tren bazan,4,medium,1,Nong Nghiep Moi Truong
2025-05-19,2025-05-25,Lam Dong,Lam Ha,Robusta / ca phe nhan xo noi dia,126000,126000.0,1,observed,22.443,87.714,52.4,0.443,Dat do vang tren bazan,4,low,1,Nong Nghiep Moi Truong
2025-05-26,2025-06-01,Dak Lak,Buon Ho,Robusta / ca phe nhan xo noi dia,122000,,0,interpolated_area,23.971,86.857,29.6,0.416,Dat do bazan,5,medium,0,
2025-05-26,2025-06-01,Dak Lak,Cu M'gar,Robusta / ca phe nhan xo noi dia,121933,,0,interpolated_area,25.486,84.143,36.8,0.397,Dat do bazan,5,high,0,
2025-05-26,2025-06-01,Dak Lak,Ea H'leo,Robusta / ca phe nhan xo noi dia,122000,,0,interpolated_area,24.357,87.143,46.4,0.424,Dat do bazan,5,medium,0,
2025-05-26,2025-06-01,Dak Nong,Dak R'lap,Robusta / ca phe nhan xo noi dia,119500,,0,interpolated_area,24.0,89.429,77.6,0.493,Dat do bazan,4,low,0,
2025-05-26,2025-06-01,Dak Nong,Gia Nghia,Robusta / ca phe nhan xo noi dia,119600,,0,interpolated_area,23.871,88.429,50.1,0.483,Dat do bazan,4,low,0,
2025-05-26,2025-06-01,Gia Lai,Chu Prong,Robusta / ca phe nhan xo noi dia,121883,,0,interpolated_area,25.029,85.571,62.5,0.435,Dat do bazan,4,low,0,
2025-05-26,2025-06-01,Gia Lai,Ia Grai,Robusta / ca phe nhan xo noi dia,121942,,0,interpolated_area,25.5,87.714,106.6,0.476,Dat do bazan,4,low,0,
2025-05-26,2025-06-01,Gia Lai,Pleiku,Robusta / ca phe nhan xo noi dia,121942,,0,interpolated_area,23.214,87.571,66.3,0.442,Dat do bazan,4,low,0,
2025-05-26,2025-06-01,Kon Tum,Kon Tum,Robusta / ca phe nhan xo noi dia,121958,,0,interpolated_area,25.271,81.0,54.2,0.408,Dat do vang / dat bazan cuc bo,3,low,0,
2025-05-26,2025-06-01,Lam Dong,Bao Loc,Robusta / ca phe nhan xo noi dia,121583,,0,interpolated_area,22.786,89.0,65.3,0.483,Dat do vang tren bazan,4,low,0,
2025-05-26,2025-06-01,Lam Dong,Di Linh,Robusta / ca phe nhan xo noi dia,121583,,0,interpolated_area,22.371,89.0,51.9,0.49,Dat do vang tren bazan,4,medium,0,
2025-05-26,2025-06-01,Lam Dong,Lam Ha,Robusta / ca phe nhan xo noi dia,121583,,0,interpolated_area,22.843,85.571,65.8,0.465,Dat do vang tren bazan,4,low,0,
2025-06-02,2025-06-08,Dak Lak,Buon Ho,Robusta / ca phe nhan xo noi dia,117600,,0,interpolated_area,24.1,87.143,40.9,0.404,Dat do bazan,5,medium,0,
2025-06-02,2025-06-08,Dak Lak,Cu M'gar,Robusta / ca phe nhan xo noi dia,117467,,0,interpolated_area,25.329,85.714,53.2,0.433,Dat do bazan,5,high,0,
2025-06-02,2025-06-08,Dak Lak,Ea H'leo,Robusta / ca phe nhan xo noi dia,117600,,0,interpolated_area,24.243,89.0,62.1,0.441,Dat do bazan,5,medium,0,
2025-06-02,2025-06-08,Dak Nong,Dak R'lap,Robusta / ca phe nhan xo noi dia,116200,,0,interpolated_area,23.671,91.286,64.0,0.485,Dat do bazan,4,low,0,
2025-06-02,2025-06-08,Dak Nong,Gia Nghia,Robusta / ca phe nhan xo noi dia,116300,,0,interpolated_area,23.543,90.571,37.7,0.467,Dat do bazan,4,low,0,
2025-06-02,2025-06-08,Gia Lai,Chu Prong,Robusta / ca phe nhan xo noi dia,117367,,0,interpolated_area,24.686,89.571,95.2,0.483,Dat do bazan,4,low,0,
2025-06-02,2025-06-08,Gia Lai,Ia Grai,Robusta / ca phe nhan xo noi dia,117483,,0,interpolated_area,25.271,90.714,91.2,0.485,Dat do bazan,4,low,0,
2025-06-02,2025-06-08,Gia Lai,Pleiku,Robusta / ca phe nhan xo noi dia,117483,,0,interpolated_area,23.157,90.714,53.4,0.466,Dat do bazan,4,low,0,
2025-06-02,2025-06-08,Kon Tum,Kon Tum,Robusta / ca phe nhan xo noi dia,117517,,0,interpolated_area,24.914,85.0,67.4,0.448,Dat do vang / dat bazan cuc bo,3,low,0,
2025-06-02,2025-06-08,Lam Dong,Bao Loc,Robusta / ca phe nhan xo noi dia,117167,,0,interpolated_area,22.586,90.571,39.7,0.461,Dat do vang tren bazan,4,low,0,
2025-06-02,2025-06-08,Lam Dong,Di Linh,Robusta / ca phe nhan xo noi dia,117167,,0,interpolated_area,21.957,91.857,47.6,0.485,Dat do vang tren bazan,4,medium,0,
2025-06-02,2025-06-08,Lam Dong,Lam Ha,Robusta / ca phe nhan xo noi dia,117167,,0,interpolated_area,22.829,86.143,39.9,0.44,Dat do vang tren bazan,4,low,0,
2025-06-09,2025-06-15,Dak Lak,Buon Ho,Robusta / ca phe nhan xo noi dia,113200,113200.0,4,observed,23.229,89.571,65.0,0.464,Dat do bazan,5,medium,4,Nong Nghiep Moi Truong
2025-06-09,2025-06-15,Dak Lak,Cu M'gar,Robusta / ca phe nhan xo noi dia,113000,113000.0,2,observed,24.543,88.0,78.4,0.471,Dat do bazan,5,high,2,Nong Nghiep Moi Truong
2025-06-09,2025-06-15,Dak Lak,Ea H'leo,Robusta / ca phe nhan xo noi dia,113200,113200.0,4,observed,23.571,90.714,88.9,0.462,Dat do bazan,5,medium,4,Nong Nghiep Moi Truong
2025-06-09,2025-06-15,Dak Nong,Dak R'lap,Robusta / ca phe nhan xo noi dia,112900,112900.0,2,observed,23.129,93.714,69.4,0.5,Dat do bazan,4,low,2,Nong Nghiep Moi Truong
2025-06-09,2025-06-15,Dak Nong,Gia Nghia,Robusta / ca phe nhan xo noi dia,113000,113000.0,2,observed,23.057,92.571,63.4,0.494,Dat do bazan,4,low,2,Nong Nghiep Moi Truong
2025-06-09,2025-06-15,Gia Lai,Chu Prong,Robusta / ca phe nhan xo noi dia,112850,112850.0,2,observed,23.871,92.857,140.5,0.499,Dat do bazan,4,low,2,Nong Nghiep Moi Truong
2025-06-09,2025-06-15,Gia Lai,Ia Grai,Robusta / ca phe nhan xo noi dia,113025,113025.0,4,observed,24.5,93.714,179.6,0.501,Dat do bazan,4,low,4,Nong Nghiep Moi Truong
2025-06-09,2025-06-15,Gia Lai,Pleiku,Robusta / ca phe nhan xo noi dia,113025,113025.0,4,observed,22.286,94.0,156.4,0.5,Dat do bazan,4,low,4,Nong Nghiep Moi Truong
2025-06-09,2025-06-15,Kon Tum,Kon Tum,Robusta / ca phe nhan xo noi dia,113075,113075.0,4,observed,24.029,89.143,149.3,0.494,Dat do vang / dat bazan cuc bo,3,low,4,Nong Nghiep Moi Truong
2025-06-09,2025-06-15,Lam Dong,Bao Loc,Robusta / ca phe nhan xo noi dia,112750,112750.0,4,observed,22.086,92.429,57.5,0.489,Dat do vang tren bazan,4,low,4,Nong Nghiep Moi Truong
2025-06-09,2025-06-15,Lam Dong,Di Linh,Robusta / ca phe nhan xo noi dia,112750,112750.0,4,observed,21.357,93.857,79.7,0.501,Dat do vang tren bazan,4,medium,4,Nong Nghiep Moi Truong
2025-06-09,2025-06-15,Lam Dong,Lam Ha,Robusta / ca phe nhan xo noi dia,112750,112750.0,4,observed,22.343,87.286,23.9,0.471,Dat do vang tren bazan,4,low,4,Nong Nghiep Moi Truong
2025-06-16,2025-06-22,Dak Lak,Buon Ho,Robusta / ca phe nhan xo noi dia,110325,110325.0,4,observed,23.971,87.286,53.7,0.453,Dat do bazan,5,medium,4,Nong Nghiep Moi Truong
2025-06-16,2025-06-22,Dak Lak,Cu M'gar,Robusta / ca phe nhan xo noi dia,108850,108850.0,2,observed,25.257,85.857,57.7,0.439,Dat do bazan,5,high,2,Nong Nghiep Moi Truong
2025-06-16,2025-06-22,Dak Lak,Ea H'leo,Robusta / ca phe nhan xo noi dia,110325,110325.0,4,observed,24.386,87.571,86.1,0.45,Dat do bazan,5,medium,4,Nong Nghiep Moi Truong
2025-06-16,2025-06-22,Dak Nong,Dak R'lap,Robusta / ca phe nhan xo noi dia,109867,109866.66666666667,3,observed,23.829,90.0,78.9,0.492,Dat do bazan,4,low,3,Nong Nghiep Moi Truong
2025-06-16,2025-06-22,Dak Nong,Gia Nghia,Robusta / ca phe nhan xo noi dia,108800,108800.0,2,observed,23.686,89.143,69.3,0.482,Dat do bazan,4,low,2,Nong Nghiep Moi Truong
2025-06-16,2025-06-22,Gia Lai,Chu Prong,Robusta / ca phe nhan xo noi dia,108750,108750.0,2,observed,25.043,87.714,77.6,0.477,Dat do bazan,4,low,2,Nong Nghiep Moi Truong
2025-06-16,2025-06-22,Gia Lai,Ia Grai,Robusta / ca phe nhan xo noi dia,110125,110125.0,4,observed,25.686,88.286,73.1,0.48,Dat do bazan,4,low,4,Nong Nghiep Moi Truong
2025-06-16,2025-06-22,Gia Lai,Pleiku,Robusta / ca phe nhan xo noi dia,110125,110125.0,4,observed,23.543,87.714,60.3,0.481,Dat do bazan,4,low,4,Nong Nghiep Moi Truong
2025-06-16,2025-06-22,Kon Tum,Kon Tum,Robusta / ca phe nhan xo noi dia,110125,110125.0,4,observed,24.971,85.0,51.4,0.459,Dat do vang / dat bazan cuc bo,3,low,4,Nong Nghiep Moi Truong
2025-06-16,2025-06-22,Lam Dong,Bao Loc,Robusta / ca phe nhan xo noi dia,109875,109875.0,4,observed,22.557,89.857,52.2,0.48,Dat do vang tren bazan,4,low,4,Nong Nghiep Moi Truong
2025-06-16,2025-06-22,Lam Dong,Di Linh,Robusta / ca phe nhan xo noi dia,109167,109166.66666666667,3,observed,22.2,89.429,76.0,0.489,Dat do vang tren bazan,4,medium,3,Nong Nghiep Moi Truong
2025-06-16,2025-06-22,Lam Dong,Lam Ha,Robusta / ca phe nhan xo noi dia,109875,109875.0,4,observed,22.5,87.0,54.3,0.429,Dat do vang tren bazan,4,low,4,Nong Nghiep Moi Truong
2025-06-23,2025-06-29,Dak Lak,Buon Ho,Robusta / ca phe nhan xo noi dia,102862,,0,interpolated_area,23.343,87.286,30.9,0.409,Dat do bazan,5,medium,0,
2025-06-23,2025-06-29,Dak Lak,Cu M'gar,Robusta / ca phe nhan xo noi dia,102175,,0,interpolated_area,24.5,86.571,60.6,0.476,Dat do bazan,5,high,0,
2025-06-23,2025-06-29,Dak Lak,Ea H'leo,Robusta / ca phe nhan xo noi dia,102862,,0,interpolated_area,23.571,89.0,37.2,0.451,Dat do bazan,5,medium,0,
2025-06-23,2025-06-29,Dak Nong,Dak R'lap,Robusta / ca phe nhan xo noi dia,102683,,0,interpolated_area,23.129,91.143,61.5,0.491,Dat do bazan,4,low,0,
2025-06-23,2025-06-29,Dak Nong,Gia Nghia,Robusta / ca phe nhan xo noi dia,102200,,0,interpolated_area,23.071,89.714,53.7,0.478,Dat do bazan,4,low,0,
2025-06-23,2025-06-29,Gia Lai,Chu Prong,Robusta / ca phe nhan xo noi dia,102075,,0,interpolated_area,23.814,91.429,83.4,0.495,Dat do bazan,4,low,0,
2025-06-23,2025-06-29,Gia Lai,Ia Grai,Robusta / ca phe nhan xo noi dia,102212,,0,interpolated_area,24.4,92.857,123.7,0.499,Dat do bazan,4,low,0,
2025-06-23,2025-06-29,Gia Lai,Pleiku,Robusta / ca phe nhan xo noi dia,102212,,0,interpolated_area,22.371,92.143,57.8,0.489,Dat do bazan,4,low,0,
2025-06-23,2025-06-29,Kon Tum,Kon Tum,Robusta / ca phe nhan xo noi dia,102212,,0,interpolated_area,24.129,86.571,80.2,0.479,Dat do vang / dat bazan cuc bo,3,low,0,
2025-06-23,2025-06-29,Lam Dong,Bao Loc,Robusta / ca phe nhan xo noi dia,102488,,0,interpolated_area,22.057,90.286,33.3,0.48,Dat do vang tren bazan,4,low,0,
2025-06-23,2025-06-29,Lam Dong,Di Linh,Robusta / ca phe nhan xo noi dia,102133,,0,interpolated_area,21.486,91.0,33.1,0.48,Dat do vang tren bazan,4,medium,0,
2025-06-23,2025-06-29,Lam Dong,Lam Ha,Robusta / ca phe nhan xo noi dia,102488,,0,interpolated_area,22.443,85.143,31.2,0.423,Dat do vang tren bazan,4,low,0,
2025-06-30,2025-07-06,Dak Lak,Buon Ho,Robusta / ca phe nhan xo noi dia,95400,95400.0,1,observed,23.186,88.714,19.6,0.421,Dat do bazan,5,medium,1,Nong Nghiep Moi Truong
2025-06-30,2025-07-06,Dak Lak,Cu M'gar,Robusta / ca phe nhan xo noi dia,95500,95500.0,1,observed,24.343,88.286,55.7,0.481,Dat do bazan,5,high,1,Nong Nghiep Moi Truong
2025-06-30,2025-07-06,Dak Lak,Ea H'leo,Robusta / ca phe nhan xo noi dia,95400,95400.0,1,observed,23.429,90.143,46.7,0.462,Dat do bazan,5,medium,1,Nong Nghiep Moi Truong
2025-06-30,2025-07-06,Dak Nong,Dak R'lap,Robusta / ca phe nhan xo noi dia,95500,95500.0,1,observed,23.414,89.429,88.5,0.492,Dat do bazan,4,low,1,Nong Nghiep Moi Truong
2025-06-30,2025-07-06,Dak Nong,Gia Nghia,Robusta / ca phe nhan xo noi dia,95600,95600.0,1,observed,23.343,88.571,72.4,0.484,Dat do bazan,4,low,1,Nong Nghiep Moi Truong
2025-06-30,2025-07-06,Gia Lai,Chu Prong,Robusta / ca phe nhan xo noi dia,95400,95400.0,1,observed,23.914,92.286,87.3,0.499,Dat do bazan,4,low,1,Nong Nghiep Moi Truong
2025-06-30,2025-07-06,Gia Lai,Ia Grai,Robusta / ca phe nhan xo noi dia,94300,94300.0,1,observed,24.471,93.571,97.3,0.499,Dat do bazan,4,low,1,Nong Nghiep Moi Truong
2025-06-30,2025-07-06,Gia Lai,Pleiku,Robusta / ca phe nhan xo noi dia,94300,94300.0,1,observed,22.4,92.286,71.6,0.492,Dat do bazan,4,low,1,Nong Nghiep Moi Truong
2025-06-30,2025-07-06,Kon Tum,Kon Tum,Robusta / ca phe nhan xo noi dia,94300,94300.0,1,observed,24.171,87.714,123.8,0.494,Dat do vang / dat bazan cuc bo,3,low,1,Nong Nghiep Moi Truong
2025-06-30,2025-07-06,Lam Dong,Bao Loc,Robusta / ca phe nhan xo noi dia,95100,95100.0,1,observed,22.329,89.143,35.4,0.476,Dat do vang tren bazan,4,low,1,Nong Nghiep Moi Truong
2025-06-30,2025-07-06,Lam Dong,Di Linh,Robusta / ca phe nhan xo noi dia,95100,95100.0,1,observed,21.729,90.714,43.2,0.483,Dat do vang tren bazan,4,medium,1,Nong Nghiep Moi Truong
2025-06-30,2025-07-06,Lam Dong,Lam Ha,Robusta / ca phe nhan xo noi dia,95100,95100.0,1,observed,22.7,84.0,47.5,0.399,Dat do vang tren bazan,4,low,1,Nong Nghiep Moi Truong
2025-07-07,2025-07-13,Dak Lak,Buon Ho,Robusta / ca phe nhan xo noi dia,90350,90350.0,2,observed,23.929,86.429,34.6,0.377,Dat do bazan,5,medium,2,Nong Nghiep Moi Truong
2025-07-07,2025-07-13,Dak Lak,Cu M'gar,Robusta / ca phe nhan xo noi dia,90450,90450.0,2,observed,25.2,85.571,38.0,0.459,Dat do bazan,5,high,2,Nong Nghiep Moi Truong
2025-07-07,2025-07-13,Dak Lak,Ea H'leo,Robusta / ca phe nhan xo noi dia,90350,90350.0,2,observed,24.1,88.429,32.9,0.393,Dat do bazan,5,medium,2,Nong Nghiep Moi Truong
2025-07-07,2025-07-13,Dak Nong,Dak R'lap,Robusta / ca phe nhan xo noi dia,90400,90400.0,2,observed,23.329,92.429,84.5,0.499,Dat do bazan,4,low,2,Nong Nghiep Moi Truong
2025-07-07,2025-07-13,Dak Nong,Gia Nghia,Robusta / ca phe nhan xo noi dia,90500,90500.0,2,observed,23.357,91.143,55.3,0.49,Dat do bazan,4,low,2,Nong Nghiep Moi Truong
2025-07-07,2025-07-13,Gia Lai,Chu Prong,Robusta / ca phe nhan xo noi dia,90350,90350.0,2,observed,24.371,91.143,80.6,0.499,Dat do bazan,4,low,2,Nong Nghiep Moi Truong
2025-07-07,2025-07-13,Gia Lai,Ia Grai,Robusta / ca phe nhan xo noi dia,90250,90250.0,2,observed,24.857,92.429,90.4,0.5,Dat do bazan,4,low,2,Nong Nghiep Moi Truong
2025-07-07,2025-07-13,Gia Lai,Pleiku,Robusta / ca phe nhan xo noi dia,90250,90250.0,2,observed,22.757,92.143,45.8,0.495,Dat do bazan,4,low,2,Nong Nghiep Moi Truong
2025-07-07,2025-07-13,Kon Tum,Kon Tum,Robusta / ca phe nhan xo noi dia,90250,90250.0,2,observed,24.771,85.429,44.6,0.477,Dat do vang / dat bazan cuc bo,3,low,2,Nong Nghiep Moi Truong
2025-07-07,2025-07-13,Lam Dong,Bao Loc,Robusta / ca phe nhan xo noi dia,89900,89900.0,2,observed,22.4,91.429,40.1,0.472,Dat do vang tren bazan,4,low,2,Nong Nghiep Moi Truong
2025-07-07,2025-07-13,Lam Dong,Di Linh,Robusta / ca phe nhan xo noi dia,89900,89900.0,2,observed,21.814,92.0,44.1,0.484,Dat do vang tren bazan,4,medium,2,Nong Nghiep Moi Truong
2025-07-07,2025-07-13,Lam Dong,Lam Ha,Robusta / ca phe nhan xo noi dia,89900,89900.0,2,observed,23.0,84.429,31.4,0.394,Dat do vang tren bazan,4,low,2,Nong Nghiep Moi Truong
2025-07-14,2025-07-20,Dak Lak,Buon Ho,Robusta / ca phe nhan xo noi dia,91650,91650.0,6,observed,23.4,88.571,27.1,0.377,Dat do bazan,5,medium,6,Nong Nghiep Moi Truong
2025-07-14,2025-07-20,Dak Lak,Cu M'gar,Robusta / ca phe nhan xo noi dia,91750,91750.0,6,observed,24.457,88.286,74.0,0.476,Dat do bazan,5,high,6,Nong Nghiep Moi Truong
2025-07-14,2025-07-20,Dak Lak,Ea H'leo,Robusta / ca phe nhan xo noi dia,91650,91650.0,6,observed,23.714,90.143,27.5,0.375,Dat do bazan,5,medium,6,Nong Nghiep Moi Truong
2025-07-14,2025-07-20,Dak Nong,Dak R'lap,Robusta / ca phe nhan xo noi dia,91750,91750.0,6,observed,23.014,93.714,83.6,0.499,Dat do bazan,4,low,6,Nong Nghiep Moi Truong
2025-07-14,2025-07-20,Dak Nong,Gia Nghia,Robusta / ca phe nhan xo noi dia,91850,91850.0,6,observed,22.886,92.429,61.4,0.5,Dat do bazan,4,low,6,Nong Nghiep Moi Truong
2025-07-14,2025-07-20,Gia Lai,Chu Prong,Robusta / ca phe nhan xo noi dia,91683,91683.33333333333,6,observed,23.871,93.286,93.3,0.5,Dat do bazan,4,low,6,Nong Nghiep Moi Truong
2025-07-14,2025-07-20,Gia Lai,Ia Grai,Robusta / ca phe nhan xo noi dia,91583,91583.33333333333,6,observed,24.529,94.0,151.5,0.503,Dat do bazan,4,low,6,Nong Nghiep Moi Truong
2025-07-14,2025-07-20,Gia Lai,Pleiku,Robusta / ca phe nhan xo noi dia,91583,91583.33333333333,6,observed,22.414,93.571,80.3,0.496,Dat do bazan,4,low,6,Nong Nghiep Moi Truong
2025-07-14,2025-07-20,Kon Tum,Kon Tum,Robusta / ca phe nhan xo noi dia,91583,91583.33333333333,6,observed,24.529,86.857,66.7,0.494,Dat do vang / dat bazan cuc bo,3,low,6,Nong Nghiep Moi Truong
2025-07-14,2025-07-20,Lam Dong,Bao Loc,Robusta / ca phe nhan xo noi dia,91367,91366.66666666667,6,observed,22.029,92.714,41.2,0.486,Dat do vang tren bazan,4,low,6,Nong Nghiep Moi Truong
2025-07-14,2025-07-20,Lam Dong,Di Linh,Robusta / ca phe nhan xo noi dia,91367,91366.66666666667,6,observed,21.343,93.857,46.4,0.491,Dat do vang tren bazan,4,medium,6,Nong Nghiep Moi Truong
2025-07-14,2025-07-20,Lam Dong,Lam Ha,Robusta / ca phe nhan xo noi dia,91367,91366.66666666667,6,observed,22.457,86.857,34.4,0.446,Dat do vang tren bazan,4,low,6,Nong Nghiep Moi Truong
2025-07-21,2025-07-27,Dak Lak,Buon Ho,Robusta / ca phe nhan xo noi dia,95900,95900.0,1,observed,23.286,88.571,47.9,0.421,Dat do bazan,5,medium,1,Nong Nghiep Moi Truong
2025-07-21,2025-07-27,Dak Lak,Cu M'gar,Robusta / ca phe nhan xo noi dia,96000,96000.0,1,observed,24.829,86.143,42.5,0.49,Dat do bazan,5,high,1,Nong Nghiep Moi Truong
2025-07-21,2025-07-27,Dak Lak,Ea H'leo,Robusta / ca phe nhan xo noi dia,95900,95900.0,1,observed,23.243,91.714,66.8,0.449,Dat do bazan,5,medium,1,Nong Nghiep Moi Truong
2025-07-21,2025-07-27,Dak Nong,Dak R'lap,Robusta / ca phe nhan xo noi dia,96100,96100.0,1,observed,23.286,92.143,91.8,0.498,Dat do bazan,4,low,1,Nong Nghiep Moi Truong
2025-07-21,2025-07-27,Dak Nong,Gia Nghia,Robusta / ca phe nhan xo noi dia,96200,96200.0,1,observed,23.086,91.714,77.3,0.499,Dat do bazan,4,low,1,Nong Nghiep Moi Truong
2025-07-21,2025-07-27,Gia Lai,Chu Prong,Robusta / ca phe nhan xo noi dia,96000,96000.0,1,observed,23.4,95.286,175.2,0.505,Dat do bazan,4,low,1,Nong Nghiep Moi Truong
2025-07-21,2025-07-27,Gia Lai,Ia Grai,Robusta / ca phe nhan xo noi dia,95900,95900.0,1,observed,23.943,96.143,183.8,0.505,Dat do bazan,4,low,1,Nong Nghiep Moi Truong
2025-07-21,2025-07-27,Gia Lai,Pleiku,Robusta / ca phe nhan xo noi dia,95900,95900.0,1,observed,21.7,96.286,150.4,0.509,Dat do bazan,4,low,1,Nong Nghiep Moi Truong
2025-07-21,2025-07-27,Kon Tum,Kon Tum,Robusta / ca phe nhan xo noi dia,95900,95900.0,1,observed,23.614,90.143,93.6,0.505,Dat do vang / dat bazan cuc bo,3,low,1,Nong Nghiep Moi Truong
2025-07-21,2025-07-27,Lam Dong,Bao Loc,Robusta / ca phe nhan xo noi dia,95700,95700.0,1,observed,22.029,92.714,75.3,0.498,Dat do vang tren bazan,4,low,1,Nong Nghiep Moi Truong
2025-07-21,2025-07-27,Lam Dong,Di Linh,Robusta / ca phe nhan xo noi dia,95700,95700.0,1,observed,21.371,94.0,79.2,0.504,Dat do vang tren bazan,4,medium,1,Nong Nghiep Moi Truong
2025-07-21,2025-07-27,Lam Dong,Lam Ha,Robusta / ca phe nhan xo noi dia,95700,95700.0,1,observed,22.529,86.286,36.3,0.445,Dat do vang tren bazan,4,low,1,Nong Nghiep Moi Truong
2025-07-28,2025-08-03,Dak Lak,Buon Ho,Robusta / ca phe nhan xo noi dia,98900,98900.0,2,observed,24.729,83.857,24.7,0.388,Dat do bazan,5,medium,2,Nong Nghiep Moi Truong
2025-07-28,2025-08-03,Dak Lak,Cu M'gar,Robusta / ca phe nhan xo noi dia,99000,99000.0,2,observed,26.314,80.286,21.0,0.438,Dat do bazan,5,high,2,Nong Nghiep Moi Truong
2025-07-28,2025-08-03,Dak Lak,Ea H'leo,Robusta / ca phe nhan xo noi dia,98900,98900.0,2,observed,24.757,86.571,31.8,0.419,Dat do bazan,5,medium,2,Nong Nghiep Moi Truong
2025-07-28,2025-08-03,Dak Nong,Dak R'lap,Robusta / ca phe nhan xo noi dia,98900,98900.0,2,observed,23.843,91.857,55.0,0.496,Dat do bazan,4,low,2,Nong Nghiep Moi Truong
2025-07-28,2025-08-03,Dak Nong,Gia Nghia,Robusta / ca phe nhan xo noi dia,99000,99000.0,2,observed,23.786,90.143,36.6,0.484,Dat do bazan,4,low,2,Nong Nghiep Moi Truong
2025-07-28,2025-08-03,Gia Lai,Chu Prong,Robusta / ca phe nhan xo noi dia,98900,98900.0,2,observed,24.571,92.286,90.5,0.504,Dat do bazan,4,low,2,Nong Nghiep Moi Truong
2025-07-28,2025-08-03,Gia Lai,Ia Grai,Robusta / ca phe nhan xo noi dia,98700,98700.0,2,observed,25.014,93.857,144.1,0.504,Dat do bazan,4,low,2,Nong Nghiep Moi Truong
2025-07-28,2025-08-03,Gia Lai,Pleiku,Robusta / ca phe nhan xo noi dia,98800,98800.0,2,observed,22.814,94.286,94.6,0.505,Dat do bazan,4,low,2,Nong Nghiep Moi Truong
2025-07-28,2025-08-03,Kon Tum,Kon Tum,Robusta / ca phe nhan xo noi dia,98700,98700.0,2,observed,24.857,86.143,45.5,0.49,Dat do vang / dat bazan cuc bo,3,low,2,Nong Nghiep Moi Truong
2025-07-28,2025-08-03,Lam Dong,Bao Loc,Robusta / ca phe nhan xo noi dia,98800,98800.0,2,observed,22.957,90.571,38.5,0.485,Dat do vang tren bazan,4,low,2,Nong Nghiep Moi Truong
2025-07-28,2025-08-03,Lam Dong,Di Linh,Robusta / ca phe nhan xo noi dia,98800,98800.0,2,observed,22.343,91.286,29.1,0.487,Dat do vang tren bazan,4,medium,2,Nong Nghiep Moi Truong
2025-07-28,2025-08-03,Lam Dong,Lam Ha,Robusta / ca phe nhan xo noi dia,98800,98800.0,2,observed,23.714,82.857,13.2,0.391,Dat do vang tren bazan,4,low,2,Nong Nghiep Moi Truong
2025-08-04,2025-08-10,Dak Lak,Buon Ho,Robusta / ca phe nhan xo noi dia,107083,,0,interpolated_area,24.8,82.143,47.5,0.295,Dat do bazan,5,medium,0,
2025-08-04,2025-08-10,Dak Lak,Cu M'gar,Robusta / ca phe nhan xo noi dia,107183,,0,interpolated_area,25.829,82.0,32.8,0.351,Dat do bazan,5,high,0,
2025-08-04,2025-08-10,Dak Lak,Ea H'leo,Robusta / ca phe nhan xo noi dia,107083,,0,interpolated_area,25.014,83.0,29.9,0.317,Dat do bazan,5,medium,0,
2025-08-04,2025-08-10,Dak Nong,Dak R'lap,Robusta / ca phe nhan xo noi dia,107167,,0,interpolated_area,24.129,87.286,44.4,0.466,Dat do bazan,4,low,0,
2025-08-04,2025-08-10,Dak Nong,Gia Nghia,Robusta / ca phe nhan xo noi dia,107267,,0,interpolated_area,23.943,87.0,31.8,0.413,Dat do bazan,4,low,0,
2025-08-04,2025-08-10,Gia Lai,Chu Prong,Robusta / ca phe nhan xo noi dia,107050,,0,interpolated_area,25.271,86.714,45.8,0.469,Dat do bazan,4,low,0,
2025-08-04,2025-08-10,Gia Lai,Ia Grai,Robusta / ca phe nhan xo noi dia,106900,,0,interpolated_area,25.771,88.429,63.6,0.479,Dat do bazan,4,low,0,
2025-08-04,2025-08-10,Gia Lai,Pleiku,Robusta / ca phe nhan xo noi dia,106950,,0,interpolated_area,23.586,87.857,35.5,0.448,Dat do bazan,4,low,0,
2025-08-04,2025-08-10,Kon Tum,Kon Tum,Robusta / ca phe nhan xo noi dia,106900,,0,interpolated_area,24.943,84.286,35.3,0.439,Dat do vang / dat bazan cuc bo,3,low,0,
2025-08-04,2025-08-10,Lam Dong,Bao Loc,Robusta / ca phe nhan xo noi dia,106833,,0,interpolated_area,22.857,88.286,39.6,0.428,Dat do vang tren bazan,4,low,0,
2025-08-04,2025-08-10,Lam Dong,Di Linh,Robusta / ca phe nhan xo noi dia,106833,,0,interpolated_area,22.386,88.286,36.7,0.467,Dat do vang tren bazan,4,medium,0,
2025-08-04,2025-08-10,Lam Dong,Lam Ha,Robusta / ca phe nhan xo noi dia,106833,,0,interpolated_area,23.071,83.286,26.4,0.325,Dat do vang tren bazan,4,low,0,
2025-08-11,2025-08-17,Dak Lak,Buon Ho,Robusta / ca phe nhan xo noi dia,115267,115266.66666666667,3,observed,23.014,88.714,70.7,0.433,Dat do bazan,5,medium,3,Nong Nghiep Moi Truong
2025-08-11,2025-08-17,Dak Lak,Cu M'gar,Robusta / ca phe nhan xo noi dia,115367,115366.66666666667,3,observed,24.086,88.143,80.8,0.471,Dat do bazan,5,high,3,Nong Nghiep Moi Truong
2025-08-11,2025-08-17,Dak Lak,Ea H'leo,Robusta / ca phe nhan xo noi dia,115267,115266.66666666667,3,observed,23.386,88.857,65.5,0.44,Dat do bazan,5,medium,3,Nong Nghiep Moi Truong
2025-08-11,2025-08-17,Dak Nong,Dak R'lap,Robusta / ca phe nhan xo noi dia,115433,115433.33333333333,3,observed,22.871,91.286,110.7,0.498,Dat do bazan,4,low,3,Nong Nghiep Moi Truong
2025-08-11,2025-08-17,Dak Nong,Gia Nghia,Robusta / ca phe nhan xo noi dia,115533,115533.33333333333,3,observed,22.757,90.429,80.7,0.482,Dat do bazan,4,low,3,Nong Nghiep Moi Truong
2025-08-11,2025-08-17,Gia Lai,Chu Prong,Robusta / ca phe nhan xo noi dia,115200,115200.0,3,observed,23.971,90.714,105.7,0.487,Dat do bazan,4,low,3,Nong Nghiep Moi Truong
2025-08-11,2025-08-17,Gia Lai,Ia Grai,Robusta / ca phe nhan xo noi dia,115100,115100.0,3,observed,24.757,91.143,84.3,0.49,Dat do bazan,4,low,3,Nong Nghiep Moi Truong
2025-08-11,2025-08-17,Gia Lai,Pleiku,Robusta / ca phe nhan xo noi dia,115100,115100.0,3,observed,22.514,90.429,91.5,0.489,Dat do bazan,4,low,3,Nong Nghiep Moi Truong
2025-08-11,2025-08-17,Kon Tum,Kon Tum,Robusta / ca phe nhan xo noi dia,115100,115100.0,3,observed,23.943,87.571,73.1,0.479,Dat do vang / dat bazan cuc bo,3,low,3,Nong Nghiep Moi Truong
2025-08-11,2025-08-17,Lam Dong,Bao Loc,Robusta / ca phe nhan xo noi dia,114867,114866.66666666667,3,observed,21.8,91.143,86.9,0.478,Dat do vang tren bazan,4,low,3,Nong Nghiep Moi Truong
2025-08-11,2025-08-17,Lam Dong,Di Linh,Robusta / ca phe nhan xo noi dia,114867,114866.66666666667,3,observed,21.243,91.571,85.6,0.491,Dat do vang tren bazan,4,medium,3,Nong Nghiep Moi Truong
2025-08-11,2025-08-17,Lam Dong,Lam Ha,Robusta / ca phe nhan xo noi dia,114867,114866.66666666667,3,observed,21.986,87.714,102.9,0.468,Dat do vang tren bazan,4,low,3,Nong Nghiep Moi Truong
2025-08-18,2025-08-24,Dak Lak,Buon Ho,Robusta / ca phe nhan xo noi dia,117100,117100.0,2,observed,22.943,88.429,40.6,0.439,Dat do bazan,5,medium,2,Nong Nghiep Moi Truong
2025-08-18,2025-08-24,Dak Lak,Cu M'gar,Robusta / ca phe nhan xo noi dia,117100,117100.0,1,observed,24.186,87.143,88.2,0.476,Dat do bazan,5,high,1,Nong Nghiep Moi Truong
2025-08-18,2025-08-24,Dak Lak,Ea H'leo,Robusta / ca phe nhan xo noi dia,117100,117100.0,2,observed,23.357,89.0,44.9,0.435,Dat do bazan,5,medium,2,Nong Nghiep Moi Truong
2025-08-18,2025-08-24,Dak Nong,Dak R'lap,Robusta / ca phe nhan xo noi dia,117300,117300.0,2,observed,22.929,90.0,70.4,0.486,Dat do bazan,4,low,2,Nong Nghiep Moi Truong
2025-08-18,2025-08-24,Dak Nong,Gia Nghia,Robusta / ca phe nhan xo noi dia,117300,117300.0,1,observed,22.714,89.714,59.6,0.484,Dat do bazan,4,low,1,Nong Nghiep Moi Truong
2025-08-18,2025-08-24,Gia Lai,Chu Prong,Robusta / ca phe nhan xo noi dia,117100,117100.0,1,observed,23.9,89.429,72.5,0.491,Dat do bazan,4,low,1,Nong Nghiep Moi Truong
2025-08-18,2025-08-24,Gia Lai,Ia Grai,Robusta / ca phe nhan xo noi dia,117050,117050.0,2,observed,24.557,90.143,129.3,0.491,Dat do bazan,4,low,2,Nong Nghiep Moi Truong
2025-08-18,2025-08-24,Gia Lai,Pleiku,Robusta / ca phe nhan xo noi dia,117050,117050.0,2,observed,22.429,89.714,43.5,0.483,Dat do bazan,4,low,2,Nong Nghiep Moi Truong
2025-08-18,2025-08-24,Kon Tum,Kon Tum,Robusta / ca phe nhan xo noi dia,117000,117000.0,1,observed,23.986,86.571,43.5,0.482,Dat do vang / dat bazan cuc bo,3,low,1,Nong Nghiep Moi Truong
2025-08-18,2025-08-24,Lam Dong,Bao Loc,Robusta / ca phe nhan xo noi dia,116750,116750.0,2,observed,21.729,89.714,34.6,0.481,Dat do vang tren bazan,4,low,2,Nong Nghiep Moi Truong
2025-08-18,2025-08-24,Lam Dong,Di Linh,Robusta / ca phe nhan xo noi dia,116700,116700.0,1,observed,21.186,91.0,44.7,0.491,Dat do vang tren bazan,4,medium,1,Nong Nghiep Moi Truong
2025-08-18,2025-08-24,Lam Dong,Lam Ha,Robusta / ca phe nhan xo noi dia,116750,116750.0,2,observed,21.814,86.857,30.3,0.471,Dat do vang tren bazan,4,low,2,Nong Nghiep Moi Truong
2025-08-25,2025-08-31,Dak Lak,Buon Ho,Robusta / ca phe nhan xo noi dia,117150,,0,interpolated_area,22.614,91.0,49.0,0.456,Dat do bazan,5,medium,0,
2025-08-25,2025-08-31,Dak Lak,Cu M'gar,Robusta / ca phe nhan xo noi dia,117183,,0,interpolated_area,23.8,89.857,86.0,0.492,Dat do bazan,5,high,0,
2025-08-25,2025-08-31,Dak Lak,Ea H'leo,Robusta / ca phe nhan xo noi dia,117150,,0,interpolated_area,23.0,91.0,52.2,0.449,Dat do bazan,5,medium,0,
2025-08-25,2025-08-31,Dak Nong,Dak R'lap,Robusta / ca phe nhan xo noi dia,117350,,0,interpolated_area,22.5,93.286,105.6,0.502,Dat do bazan,4,low,0,
2025-08-25,2025-08-31,Dak Nong,Gia Nghia,Robusta / ca phe nhan xo noi dia,117367,,0,interpolated_area,22.486,91.714,80.9,0.498,Dat do bazan,4,low,0,
2025-08-25,2025-08-31,Gia Lai,Chu Prong,Robusta / ca phe nhan xo noi dia,117150,,0,interpolated_area,23.214,93.714,148.3,0.503,Dat do bazan,4,low,0,
2025-08-25,2025-08-31,Gia Lai,Ia Grai,Robusta / ca phe nhan xo noi dia,117083,,0,interpolated_area,23.957,93.714,155.5,0.504,Dat do bazan,4,low,0,
2025-08-25,2025-08-31,Gia Lai,Pleiku,Robusta / ca phe nhan xo noi dia,117083,,0,interpolated_area,21.914,93.143,86.4,0.503,Dat do bazan,4,low,0,
2025-08-25,2025-08-31,Kon Tum,Kon Tum,Robusta / ca phe nhan xo noi dia,117050,,0,interpolated_area,23.929,86.571,105.1,0.498,Dat do vang / dat bazan cuc bo,3,low,0,
2025-08-25,2025-08-31,Lam Dong,Bao Loc,Robusta / ca phe nhan xo noi dia,116717,,0,interpolated_area,21.571,91.857,59.0,0.498,Dat do vang tren bazan,4,low,0,
2025-08-25,2025-08-31,Lam Dong,Di Linh,Robusta / ca phe nhan xo noi dia,116683,,0,interpolated_area,20.929,93.429,47.0,0.497,Dat do vang tren bazan,4,medium,0,
2025-08-25,2025-08-31,Lam Dong,Lam Ha,Robusta / ca phe nhan xo noi dia,116717,,0,interpolated_area,21.886,87.571,37.5,0.466,Dat do vang tren bazan,4,low,0,
2025-09-01,2025-09-07,Dak Lak,Buon Ho,Robusta / ca phe nhan xo noi dia,117200,,0,interpolated_area,22.957,92.0,113.9,0.488,Dat do bazan,5,medium,0,
2025-09-01,2025-09-07,Dak Lak,Cu M'gar,Robusta / ca phe nhan xo noi dia,117267,,0,interpolated_area,24.114,91.429,95.5,0.497,Dat do bazan,5,high,0,
2025-09-01,2025-09-07,Dak Lak,Ea H'leo,Robusta / ca phe nhan xo noi dia,117200,,0,interpolated_area,23.329,92.429,101.5,0.494,Dat do bazan,5,medium,0,
2025-09-01,2025-09-07,Dak Nong,Dak R'lap,Robusta / ca phe nhan xo noi dia,117400,,0,interpolated_area,23.214,92.571,158.3,0.501,Dat do bazan,4,low,0,
2025-09-01,2025-09-07,Dak Nong,Gia Nghia,Robusta / ca phe nhan xo noi dia,117433,,0,interpolated_area,23.057,92.143,144.6,0.501,Dat do bazan,4,low,0,
2025-09-01,2025-09-07,Gia Lai,Chu Prong,Robusta / ca phe nhan xo noi dia,117200,,0,interpolated_area,23.943,92.429,139.9,0.501,Dat do bazan,4,low,0,
2025-09-01,2025-09-07,Gia Lai,Ia Grai,Robusta / ca phe nhan xo noi dia,117117,,0,interpolated_area,24.743,92.286,120.6,0.499,Dat do bazan,4,low,0,
2025-09-01,2025-09-07,Gia Lai,Pleiku,Robusta / ca phe nhan xo noi dia,117117,,0,interpolated_area,22.557,91.714,113.2,0.498,Dat do bazan,4,low,0,
2025-09-01,2025-09-07,Kon Tum,Kon Tum,Robusta / ca phe nhan xo noi dia,117100,,0,interpolated_area,24.043,88.857,88.7,0.49,Dat do vang / dat bazan cuc bo,3,low,0,
2025-09-01,2025-09-07,Lam Dong,Bao Loc,Robusta / ca phe nhan xo noi dia,116683,,0,interpolated_area,22.229,92.143,82.5,0.498,Dat do vang tren bazan,4,low,0,
2025-09-01,2025-09-07,Lam Dong,Di Linh,Robusta / ca phe nhan xo noi dia,116667,,0,interpolated_area,21.514,93.714,74.3,0.502,Dat do vang tren bazan,4,medium,0,
2025-09-01,2025-09-07,Lam Dong,Lam Ha,Robusta / ca phe nhan xo noi dia,116683,,0,interpolated_area,22.014,91.143,101.8,0.493,Dat do vang tren bazan,4,low,0,
2025-09-08,2025-09-14,Dak Lak,Buon Ho,Robusta / ca phe nhan xo noi dia,117250,117250.0,2,observed,23.257,88.571,40.5,0.47,Dat do bazan,5,medium,2,Nong Nghiep Moi Truong
2025-09-08,2025-09-14,Dak Lak,Cu M'gar,Robusta / ca phe nhan xo noi dia,117350,117350.0,2,observed,24.629,86.286,59.4,0.48,Dat do bazan,5,high,2,Nong Nghiep Moi Truong
2025-09-08,2025-09-14,Dak Lak,Ea H'leo,Robusta / ca phe nhan xo noi dia,117250,117250.0,2,observed,23.714,87.857,28.1,0.45,Dat do bazan,5,medium,2,Nong Nghiep Moi Truong
2025-09-08,2025-09-14,Dak Nong,Dak R'lap,Robusta / ca phe nhan xo noi dia,117450,117450.0,2,observed,23.286,89.714,67.7,0.491,Dat do bazan,4,low,2,Nong Nghiep Moi Truong
2025-09-08,2025-09-14,Dak Nong,Gia Nghia,Robusta / ca phe nhan xo noi dia,117500,117500.0,2,observed,22.971,89.857,64.4,0.488,Dat do bazan,4,low,2,Nong Nghiep Moi Truong
2025-09-08,2025-09-14,Gia Lai,Chu Prong,Robusta / ca phe nhan xo noi dia,117250,117250.0,2,observed,24.5,86.571,48.1,0.481,Dat do bazan,4,low,2,Nong Nghiep Moi Truong
2025-09-08,2025-09-14,Gia Lai,Ia Grai,Robusta / ca phe nhan xo noi dia,117150,117150.0,2,observed,25.029,88.143,68.4,0.48,Dat do bazan,4,low,2,Nong Nghiep Moi Truong
2025-09-08,2025-09-14,Gia Lai,Pleiku,Robusta / ca phe nhan xo noi dia,117150,117150.0,2,observed,22.871,87.714,43.8,0.485,Dat do bazan,4,low,2,Nong Nghiep Moi Truong
2025-09-08,2025-09-14,Kon Tum,Kon Tum,Robusta / ca phe nhan xo noi dia,117150,117150.0,2,observed,24.071,85.714,44.0,0.47,Dat do vang / dat bazan cuc bo,3,low,2,Nong Nghiep Moi Truong
2025-09-08,2025-09-14,Lam Dong,Bao Loc,Robusta / ca phe nhan xo noi dia,116650,116650.0,2,observed,21.686,91.0,72.7,0.491,Dat do vang tren bazan,4,low,2,Nong Nghiep Moi Truong
2025-09-08,2025-09-14,Lam Dong,Di Linh,Robusta / ca phe nhan xo noi dia,116650,116650.0,2,observed,21.457,90.143,49.2,0.492,Dat do vang tren bazan,4,medium,2,Nong Nghiep Moi Truong
2025-09-08,2025-09-14,Lam Dong,Lam Ha,Robusta / ca phe nhan xo noi dia,116650,116650.0,2,observed,21.657,87.857,39.8,0.488,Dat do vang tren bazan,4,low,2,Nong Nghiep Moi Truong
2025-09-15,2025-09-21,Dak Lak,Buon Ho,Robusta / ca phe nhan xo noi dia,119060,119060.0,5,observed,22.871,90.857,66.4,0.481,Dat do bazan,5,medium,5,Nong Nghiep Moi Truong
2025-09-15,2025-09-21,Dak Lak,Cu M'gar,Robusta / ca phe nhan xo noi dia,119160,119160.0,5,observed,23.957,90.0,87.4,0.498,Dat do bazan,5,high,5,Nong Nghiep Moi Truong
2025-09-15,2025-09-21,Dak Lak,Ea H'leo,Robusta / ca phe nhan xo noi dia,119060,119060.0,5,observed,23.286,91.143,86.5,0.485,Dat do bazan,5,medium,5,Nong Nghiep Moi Truong
2025-09-15,2025-09-21,Dak Nong,Dak R'lap,Robusta / ca phe nhan xo noi dia,119480,119480.0,5,observed,23.171,91.571,72.8,0.492,Dat do bazan,4,low,5,Nong Nghiep Moi Truong
2025-09-15,2025-09-21,Dak Nong,Gia Nghia,Robusta / ca phe nhan xo noi dia,119580,119580.0,5,observed,23.0,91.0,76.3,0.492,Dat do bazan,4,low,5,Nong Nghiep Moi Truong
2025-09-15,2025-09-21,Gia Lai,Chu Prong,Robusta / ca phe nhan xo noi dia,119200,119200.0,5,observed,23.757,91.857,139.2,0.499,Dat do bazan,4,low,5,Nong Nghiep Moi Truong
2025-09-15,2025-09-21,Gia Lai,Ia Grai,Robusta / ca phe nhan xo noi dia,119100,119100.0,5,observed,24.457,92.286,141.2,0.499,Dat do bazan,4,low,5,Nong Nghiep Moi Truong
2025-09-15,2025-09-21,Gia Lai,Pleiku,Robusta / ca phe nhan xo noi dia,119100,119100.0,5,observed,22.343,91.571,80.8,0.493,Dat do bazan,4,low,5,Nong Nghiep Moi Truong
2025-09-15,2025-09-21,Kon Tum,Kon Tum,Robusta / ca phe nhan xo noi dia,119100,119100.0,5,observed,23.986,88.286,69.3,0.486,Dat do vang / dat bazan cuc bo,3,low,5,Nong Nghiep Moi Truong
2025-09-15,2025-09-21,Lam Dong,Bao Loc,Robusta / ca phe nhan xo noi dia,118680,118680.0,5,observed,21.9,91.143,61.7,0.489,Dat do vang tren bazan,4,low,5,Nong Nghiep Moi Truong
2025-09-15,2025-09-21,Lam Dong,Di Linh,Robusta / ca phe nhan xo noi dia,118680,118680.0,5,observed,21.329,92.286,45.2,0.497,Dat do vang tren bazan,4,medium,5,Nong Nghiep Moi Truong
2025-09-15,2025-09-21,Lam Dong,Lam Ha,Robusta / ca phe nhan xo noi dia,118680,118680.0,5,observed,22.086,87.571,46.2,0.478,Dat do vang tren bazan,4,low,5,Nong Nghiep Moi Truong
2025-09-22,2025-09-28,Dak Lak,Buon Ho,Robusta / ca phe nhan xo noi dia,117507,,0,interpolated_area,22.286,93.143,72.0,0.499,Dat do bazan,5,medium,0,
2025-09-22,2025-09-28,Dak Lak,Cu M'gar,Robusta / ca phe nhan xo noi dia,117607,,0,interpolated_area,23.557,92.143,127.5,0.502,Dat do bazan,5,high,0,
2025-09-22,2025-09-28,Dak Lak,Ea H'leo,Robusta / ca phe nhan xo noi dia,117507,,0,interpolated_area,22.6,94.286,98.2,0.502,Dat do bazan,5,medium,0,
2025-09-22,2025-09-28,Dak Nong,Dak R'lap,Robusta / ca phe nhan xo noi dia,117787,,0,interpolated_area,22.371,95.429,111.8,0.505,Dat do bazan,4,low,0,
2025-09-22,2025-09-28,Dak Nong,Gia Nghia,Robusta / ca phe nhan xo noi dia,117887,,0,interpolated_area,22.357,94.143,119.2,0.502,Dat do bazan,4,low,0,
2025-09-22,2025-09-28,Gia Lai,Chu Prong,Robusta / ca phe nhan xo noi dia,117467,,0,interpolated_area,22.971,95.714,201.8,0.508,Dat do bazan,4,low,0,
2025-09-22,2025-09-28,Gia Lai,Ia Grai,Robusta / ca phe nhan xo noi dia,117367,,0,interpolated_area,23.529,96.571,211.3,0.507,Dat do bazan,4,low,0,
2025-09-22,2025-09-28,Gia Lai,Pleiku,Robusta / ca phe nhan xo noi dia,117367,,0,interpolated_area,21.529,96.143,120.0,0.507,Dat do bazan,4,low,0,
2025-09-22,2025-09-28,Kon Tum,Kon Tum,Robusta / ca phe nhan xo noi dia,117367,,0,interpolated_area,23.414,90.143,129.1,0.505,Dat do vang / dat bazan cuc bo,3,low,0,
2025-09-22,2025-09-28,Lam Dong,Bao Loc,Robusta / ca phe nhan xo noi dia,116987,,0,interpolated_area,21.357,94.429,114.7,0.506,Dat do vang tren bazan,4,low,0,
2025-09-22,2025-09-28,Lam Dong,Di Linh,Robusta / ca phe nhan xo noi dia,116987,,0,interpolated_area,20.714,96.0,118.3,0.505,Dat do vang tren bazan,4,medium,0,
2025-09-22,2025-09-28,Lam Dong,Lam Ha,Robusta / ca phe nhan xo noi dia,116987,,0,interpolated_area,21.686,90.429,96.6,0.495,Dat do vang tren bazan,4,low,0,
2025-09-29,2025-10-05,Dak Lak,Buon Ho,Robusta / ca phe nhan xo noi dia,115953,,0,interpolated_area,23.014,87.143,32.9,0.462,Dat do bazan,5,medium,0,
2025-09-29,2025-10-05,Dak Lak,Cu M'gar,Robusta / ca phe nhan xo noi dia,116053,,0,interpolated_area,24.671,82.857,43.9,0.449,Dat do bazan,5,high,0,
2025-09-29,2025-10-05,Dak Lak,Ea H'leo,Robusta / ca phe nhan xo noi dia,115953,,0,interpolated_area,23.529,86.0,45.4,0.454,Dat do bazan,5,medium,0,
2025-09-29,2025-10-05,Dak Nong,Dak R'lap,Robusta / ca phe nhan xo noi dia,116093,,0,interpolated_area,23.014,89.571,57.7,0.489,Dat do bazan,4,low,0,
2025-09-29,2025-10-05,Dak Nong,Gia Nghia,Robusta / ca phe nhan xo noi dia,116193,,0,interpolated_area,22.957,88.143,35.8,0.473,Dat do bazan,4,low,0,
2025-09-29,2025-10-05,Gia Lai,Chu Prong,Robusta / ca phe nhan xo noi dia,115733,,0,interpolated_area,24.229,85.429,54.0,0.467,Dat do bazan,4,low,0,
2025-09-29,2025-10-05,Gia Lai,Ia Grai,Robusta / ca phe nhan xo noi dia,115633,,0,interpolated_area,24.729,88.429,96.6,0.463,Dat do bazan,4,low,0,
2025-09-29,2025-10-05,Gia Lai,Pleiku,Robusta / ca phe nhan xo noi dia,115633,,0,interpolated_area,22.543,87.0,41.9,0.458,Dat do bazan,4,low,0,
2025-09-29,2025-10-05,Kon Tum,Kon Tum,Robusta / ca phe nhan xo noi dia,115633,,0,interpolated_area,23.857,83.857,43.5,0.461,Dat do vang / dat bazan cuc bo,3,low,0,
2025-09-29,2025-10-05,Lam Dong,Bao Loc,Robusta / ca phe nhan xo noi dia,115293,,0,interpolated_area,21.714,89.429,28.2,0.471,Dat do vang tren bazan,4,low,0,
2025-09-29,2025-10-05,Lam Dong,Di Linh,Robusta / ca phe nhan xo noi dia,115293,,0,interpolated_area,21.329,88.714,29.4,0.486,Dat do vang tren bazan,4,medium,0,
2025-09-29,2025-10-05,Lam Dong,Lam Ha,Robusta / ca phe nhan xo noi dia,115293,,0,interpolated_area,21.643,87.0,36.0,0.485,Dat do vang tren bazan,4,low,0,
2025-10-06,2025-10-12,Dak Lak,Buon Ho,Robusta / ca phe nhan xo noi dia,114400,114400.0,1,observed,22.843,88.286,26.9,0.43,Dat do bazan,5,medium,1,Nong Nghiep Moi Truong
2025-10-06,2025-10-12,Dak Lak,Cu M'gar,Robusta / ca phe nhan xo noi dia,114500,114500.0,1,observed,24.414,84.714,30.2,0.427,Dat do bazan,5,high,1,Nong Nghiep Moi Truong
2025-10-06,2025-10-12,Dak Lak,Ea H'leo,Robusta / ca phe nhan xo noi dia,114400,114400.0,1,observed,23.314,87.857,15.6,0.428,Dat do bazan,5,medium,1,Nong Nghiep Moi Truong
2025-10-06,2025-10-12,Dak Nong,Dak R'lap,Robusta / ca phe nhan xo noi dia,114400,114400.0,1,observed,23.229,89.0,56.0,0.463,Dat do bazan,4,low,1,Nong Nghiep Moi Truong
2025-10-06,2025-10-12,Dak Nong,Gia Nghia,Robusta / ca phe nhan xo noi dia,114500,114500.0,1,observed,22.871,89.286,60.5,0.435,Dat do bazan,4,low,1,Nong Nghiep Moi Truong
2025-10-06,2025-10-12,Gia Lai,Chu Prong,Robusta / ca phe nhan xo noi dia,114000,114000.0,1,observed,24.243,86.0,53.4,0.474,Dat do bazan,4,low,1,Nong Nghiep Moi Truong
2025-10-06,2025-10-12,Gia Lai,Ia Grai,Robusta / ca phe nhan xo noi dia,113900,113900.0,1,observed,24.514,88.714,69.9,0.461,Dat do bazan,4,low,1,Nong Nghiep Moi Truong
2025-10-06,2025-10-12,Gia Lai,Pleiku,Robusta / ca phe nhan xo noi dia,113900,113900.0,1,observed,22.614,86.429,48.4,0.46,Dat do bazan,4,low,1,Nong Nghiep Moi Truong
2025-10-06,2025-10-12,Kon Tum,Kon Tum,Robusta / ca phe nhan xo noi dia,113900,113900.0,1,observed,23.529,85.714,36.5,0.44,Dat do vang / dat bazan cuc bo,3,low,1,Nong Nghiep Moi Truong
2025-10-06,2025-10-12,Lam Dong,Bao Loc,Robusta / ca phe nhan xo noi dia,113600,113600.0,1,observed,21.671,90.286,63.7,0.461,Dat do vang tren bazan,4,low,1,Nong Nghiep Moi Truong
2025-10-06,2025-10-12,Lam Dong,Di Linh,Robusta / ca phe nhan xo noi dia,113600,113600.0,1,observed,21.086,90.714,57.8,0.488,Dat do vang tren bazan,4,medium,1,Nong Nghiep Moi Truong
2025-10-06,2025-10-12,Lam Dong,Lam Ha,Robusta / ca phe nhan xo noi dia,113600,113600.0,1,observed,21.286,88.429,55.4,0.477,Dat do vang tren bazan,4,low,1,Nong Nghiep Moi Truong
2025-10-13,2025-10-19,Dak Lak,Buon Ho,Robusta / ca phe nhan xo noi dia,114400,114400.0,1,observed,22.771,90.857,30.8,0.418,Dat do bazan,5,medium,1,Nong Nghiep Moi Truong
2025-10-13,2025-10-19,Dak Lak,Cu M'gar,Robusta / ca phe nhan xo noi dia,114500,114500.0,1,observed,24.629,84.714,33.8,0.401,Dat do bazan,5,high,1,Nong Nghiep Moi Truong
2025-10-13,2025-10-19,Dak Lak,Ea H'leo,Robusta / ca phe nhan xo noi dia,114400,114400.0,1,observed,23.529,87.714,59.7,0.42,Dat do bazan,5,medium,1,Nong Nghiep Moi Truong
2025-10-13,2025-10-19,Dak Nong,Dak R'lap,Robusta / ca phe nhan xo noi dia,114400,114400.0,1,observed,23.671,87.429,26.7,0.479,Dat do bazan,4,low,1,Nong Nghiep Moi Truong
2025-10-13,2025-10-19,Dak Nong,Gia Nghia,Robusta / ca phe nhan xo noi dia,114500,114500.0,1,observed,23.314,87.714,41.1,0.461,Dat do bazan,4,low,1,Nong Nghiep Moi Truong
2025-10-13,2025-10-19,Gia Lai,Chu Prong,Robusta / ca phe nhan xo noi dia,114000,114000.0,1,observed,25.086,80.429,27.0,0.451,Dat do bazan,4,low,1,Nong Nghiep Moi Truong
2025-10-13,2025-10-19,Gia Lai,Ia Grai,Robusta / ca phe nhan xo noi dia,113900,113900.0,1,observed,25.386,83.0,29.8,0.456,Dat do bazan,4,low,1,Nong Nghiep Moi Truong
2025-10-13,2025-10-19,Gia Lai,Pleiku,Robusta / ca phe nhan xo noi dia,113900,113900.0,1,observed,23.143,83.143,19.3,0.441,Dat do bazan,4,low,1,Nong Nghiep Moi Truong
2025-10-13,2025-10-19,Kon Tum,Kon Tum,Robusta / ca phe nhan xo noi dia,113900,113900.0,1,observed,24.157,81.714,24.4,0.452,Dat do vang / dat bazan cuc bo,3,low,1,Nong Nghiep Moi Truong
2025-10-13,2025-10-19,Lam Dong,Bao Loc,Robusta / ca phe nhan xo noi dia,113500,113500.0,1,observed,21.971,88.286,38.0,0.48,Dat do vang tren bazan,4,low,1,Nong Nghiep Moi Truong
2025-10-13,2025-10-19,Lam Dong,Di Linh,Robusta / ca phe nhan xo noi dia,113500,113500.0,1,observed,21.771,85.857,33.1,0.486,Dat do vang tren bazan,4,medium,1,Nong Nghiep Moi Truong
2025-10-13,2025-10-19,Lam Dong,Lam Ha,Robusta / ca phe nhan xo noi dia,113500,113500.0,1,observed,21.757,84.857,26.0,0.483,Dat do vang tren bazan,4,low,1,Nong Nghiep Moi Truong
2025-10-20,2025-10-26,Dak Lak,Buon Ho,Robusta / ca phe nhan xo noi dia,114400,114400.0,1,observed,22.714,89.143,34.1,0.356,Dat do bazan,5,medium,1,Nong Nghiep Moi Truong
2025-10-20,2025-10-26,Dak Lak,Cu M'gar,Robusta / ca phe nhan xo noi dia,114500,114500.0,1,observed,24.486,84.143,27.8,0.374,Dat do bazan,5,high,1,Nong Nghiep Moi Truong
2025-10-20,2025-10-26,Dak Lak,Ea H'leo,Robusta / ca phe nhan xo noi dia,114400,114400.0,1,observed,23.343,86.143,24.8,0.331,Dat do bazan,5,medium,1,Nong Nghiep Moi Truong
2025-10-20,2025-10-26,Dak Nong,Dak R'lap,Robusta / ca phe nhan xo noi dia,114400,114400.0,1,observed,23.657,86.429,36.0,0.446,Dat do bazan,4,low,1,Nong Nghiep Moi Truong
2025-10-20,2025-10-26,Dak Nong,Gia Nghia,Robusta / ca phe nhan xo noi dia,114500,114500.0,1,observed,23.257,87.286,31.5,0.47,Dat do bazan,4,low,1,Nong Nghiep Moi Truong
2025-10-20,2025-10-26,Gia Lai,Chu Prong,Robusta / ca phe nhan xo noi dia,114000,114000.0,1,observed,24.586,82.429,38.8,0.396,Dat do bazan,4,low,1,Nong Nghiep Moi Truong
2025-10-20,2025-10-26,Gia Lai,Ia Grai,Robusta / ca phe nhan xo noi dia,113900,113900.0,1,observed,25.014,85.714,31.7,0.403,Dat do bazan,4,low,1,Nong Nghiep Moi Truong
2025-10-20,2025-10-26,Gia Lai,Pleiku,Robusta / ca phe nhan xo noi dia,113900,113900.0,1,observed,22.757,83.429,30.6,0.385,Dat do bazan,4,low,1,Nong Nghiep Moi Truong
2025-10-20,2025-10-26,Kon Tum,Kon Tum,Robusta / ca phe nhan xo noi dia,113900,113900.0,1,observed,23.686,83.286,21.2,0.402,Dat do vang / dat bazan cuc bo,3,low,1,Nong Nghiep Moi Truong
2025-10-20,2025-10-26,Lam Dong,Bao Loc,Robusta / ca phe nhan xo noi dia,113500,113500.0,1,observed,21.757,92.0,41.0,0.483,Dat do vang tren bazan,4,low,1,Nong Nghiep Moi Truong
2025-10-20,2025-10-26,Lam Dong,Di Linh,Robusta / ca phe nhan xo noi dia,113500,113500.0,1,observed,21.386,91.714,70.8,0.496,Dat do vang tren bazan,4,medium,1,Nong Nghiep Moi Truong
2025-10-20,2025-10-26,Lam Dong,Lam Ha,Robusta / ca phe nhan xo noi dia,113500,113500.0,1,observed,21.3,91.714,72.4,0.493,Dat do vang tren bazan,4,low,1,Nong Nghiep Moi Truong
2025-10-27,2025-11-02,Dak Lak,Buon Ho,Robusta / ca phe nhan xo noi dia,114300,,0,interpolated_area,22.3,94.0,76.5,0.496,Dat do bazan,5,medium,0,
2025-10-27,2025-11-02,Dak Lak,Cu M'gar,Robusta / ca phe nhan xo noi dia,114389,,0,interpolated_area,23.714,91.571,150.3,0.495,Dat do bazan,5,high,0,
2025-10-27,2025-11-02,Dak Lak,Ea H'leo,Robusta / ca phe nhan xo noi dia,114289,,0,interpolated_area,22.729,94.0,72.3,0.492,Dat do bazan,5,medium,0,
2025-10-27,2025-11-02,Dak Nong,Dak R'lap,Robusta / ca phe nhan xo noi dia,114289,,0,interpolated_area,22.957,92.429,118.3,0.494,Dat do bazan,4,low,0,
2025-10-27,2025-11-02,Dak Nong,Gia Nghia,Robusta / ca phe nhan xo noi dia,114389,,0,interpolated_area,22.786,91.714,99.3,0.494,Dat do bazan,4,low,0,
2025-10-27,2025-11-02,Gia Lai,Chu Prong,Robusta / ca phe nhan xo noi dia,113844,,0,interpolated_area,23.857,90.143,114.1,0.495,Dat do bazan,4,low,0,
2025-10-27,2025-11-02,Gia Lai,Ia Grai,Robusta / ca phe nhan xo noi dia,113744,,0,interpolated_area,24.229,94.286,149.3,0.496,Dat do bazan,4,low,0,
2025-10-27,2025-11-02,Gia Lai,Pleiku,Robusta / ca phe nhan xo noi dia,113744,,0,interpolated_area,21.986,92.714,139.3,0.498,Dat do bazan,4,low,0,
2025-10-27,2025-11-02,Kon Tum,Kon Tum,Robusta / ca phe nhan xo noi dia,113744,,0,interpolated_area,23.171,90.286,163.7,0.499,Dat do vang / dat bazan cuc bo,3,low,0,
2025-10-27,2025-11-02,Lam Dong,Bao Loc,Robusta / ca phe nhan xo noi dia,113133,,0,interpolated_area,21.814,92.286,123.6,0.497,Dat do vang tren bazan,4,low,0,
2025-10-27,2025-11-02,Lam Dong,Di Linh,Robusta / ca phe nhan xo noi dia,113133,,0,interpolated_area,21.243,93.429,107.6,0.502,Dat do vang tren bazan,4,medium,0,
2025-10-27,2025-11-02,Lam Dong,Lam Ha,Robusta / ca phe nhan xo noi dia,113133,,0,interpolated_area,21.543,91.286,108.1,0.498,Dat do vang tren bazan,4,low,0,
2025-11-03,2025-11-09,Dak Lak,Buon Ho,Robusta / ca phe nhan xo noi dia,114200,,0,interpolated_area,22.514,91.286,139.3,0.48,Dat do bazan,5,medium,0,
2025-11-03,2025-11-09,Dak Lak,Cu M'gar,Robusta / ca phe nhan xo noi dia,114278,,0,interpolated_area,24.129,87.714,175.4,0.489,Dat do bazan,5,high,0,
2025-11-03,2025-11-09,Dak Lak,Ea H'leo,Robusta / ca phe nhan xo noi dia,114178,,0,interpolated_area,23.014,89.286,186.9,0.482,Dat do bazan,5,medium,0,
2025-11-03,2025-11-09,Dak Nong,Dak R'lap,Robusta / ca phe nhan xo noi dia,114178,,0,interpolated_area,22.9,92.429,124.3,0.493,Dat do bazan,4,low,0,
2025-11-03,2025-11-09,Dak Nong,Gia Nghia,Robusta / ca phe nhan xo noi dia,114278,,0,interpolated_area,22.671,91.714,109.6,0.494,Dat do bazan,4,low,0,
2025-11-03,2025-11-09,Gia Lai,Chu Prong,Robusta / ca phe nhan xo noi dia,113689,,0,interpolated_area,24.129,85.714,121.4,0.479,Dat do bazan,4,low,0,
2025-11-03,2025-11-09,Gia Lai,Ia Grai,Robusta / ca phe nhan xo noi dia,113589,,0,interpolated_area,24.471,88.429,99.4,0.48,Dat do bazan,4,low,0,
2025-11-03,2025-11-09,Gia Lai,Pleiku,Robusta / ca phe nhan xo noi dia,113589,,0,interpolated_area,22.429,86.286,149.7,0.485,Dat do bazan,4,low,0,
2025-11-03,2025-11-09,Kon Tum,Kon Tum,Robusta / ca phe nhan xo noi dia,113589,,0,interpolated_area,23.629,83.714,49.3,0.483,Dat do vang / dat bazan cuc bo,3,low,0,
2025-11-03,2025-11-09,Lam Dong,Bao Loc,Robusta / ca phe nhan xo noi dia,112767,,0,interpolated_area,21.643,92.429,97.8,0.495,Dat do vang tren bazan,4,low,0,
2025-11-03,2025-11-09,Lam Dong,Di Linh,Robusta / ca phe nhan xo noi dia,112767,,0,interpolated_area,21.2,92.571,97.8,0.496,Dat do vang tren bazan,4,medium,0,
2025-11-03,2025-11-09,Lam Dong,Lam Ha,Robusta / ca phe nhan xo noi dia,112767,,0,interpolated_area,21.371,91.143,87.7,0.495,Dat do vang tren bazan,4,low,0,
2025-11-10,2025-11-16,Dak Lak,Buon Ho,Robusta / ca phe nhan xo noi dia,114100,114100.0,3,observed,21.786,87.714,15.1,0.415,Dat do bazan,5,medium,3,Nong Nghiep Moi Truong
2025-11-10,2025-11-16,Dak Lak,Cu M'gar,Robusta / ca phe nhan xo noi dia,114167,114166.66666666667,3,observed,23.771,80.571,14.6,0.389,Dat do bazan,5,high,3,Nong Nghiep Moi Truong
2025-11-10,2025-11-16,Dak Lak,Ea H'leo,Robusta / ca phe nhan xo noi dia,114067,114066.66666666667,3,observed,22.414,83.286,20.3,0.386,Dat do bazan,5,medium,3,Nong Nghiep Moi Truong
2025-11-10,2025-11-16,Dak Nong,Dak R'lap,Robusta / ca phe nhan xo noi dia,114067,114066.66666666667,3,observed,22.871,82.714,35.6,0.436,Dat do bazan,4,low,3,Nong Nghiep Moi Truong
2025-11-10,2025-11-16,Dak Nong,Gia Nghia,Robusta / ca phe nhan xo noi dia,114167,114166.66666666667,3,observed,22.5,83.429,19.4,0.422,Dat do bazan,4,low,3,Nong Nghiep Moi Truong
2025-11-10,2025-11-16,Gia Lai,Chu Prong,Robusta / ca phe nhan xo noi dia,113533,113533.33333333333,3,observed,23.7,79.714,31.6,0.391,Dat do bazan,4,low,3,Nong Nghiep Moi Truong
2025-11-10,2025-11-16,Gia Lai,Ia Grai,Robusta / ca phe nhan xo noi dia,113433,113433.33333333333,3,observed,24.014,82.714,24.2,0.384,Dat do bazan,4,low,3,Nong Nghiep Moi Truong
2025-11-10,2025-11-16,Gia Lai,Pleiku,Robusta / ca phe nhan xo noi dia,113433,113433.33333333333,3,observed,21.9,80.714,25.5,0.395,Dat do bazan,4,low,3,Nong Nghiep Moi Truong
2025-11-10,2025-11-16,Kon Tum,Kon Tum,Robusta / ca phe nhan xo noi dia,113433,113433.33333333333,3,observed,22.629,81.286,24.2,0.39,Dat do vang / dat bazan cuc bo,3,low,3,Nong Nghiep Moi Truong
2025-11-10,2025-11-16,Lam Dong,Bao Loc,Robusta / ca phe nhan xo noi dia,112400,112400.0,3,observed,21.371,86.143,22.2,0.437,Dat do vang tren bazan,4,low,3,Nong Nghiep Moi Truong
2025-11-10,2025-11-16,Lam Dong,Di Linh,Robusta / ca phe nhan xo noi dia,112400,112400.0,3,observed,20.986,86.571,22.2,0.477,Dat do vang tren bazan,4,medium,3,Nong Nghiep Moi Truong
2025-11-10,2025-11-16,Lam Dong,Lam Ha,Robusta / ca phe nhan xo noi dia,112400,112400.0,3,observed,20.914,85.0,30.2,0.452,Dat do vang tren bazan,4,low,3,Nong Nghiep Moi Truong
2025-11-17,2025-11-23,Dak Lak,Buon Ho,Robusta / ca phe nhan xo noi dia,113867,113866.66666666667,3,observed,20.714,91.286,69.0,0.487,Dat do bazan,5,medium,3,Nong Nghiep Moi Truong
2025-11-17,2025-11-23,Dak Lak,Cu M'gar,Robusta / ca phe nhan xo noi dia,113967,113966.66666666667,3,observed,22.643,84.429,92.8,0.477,Dat do bazan,5,high,3,Nong Nghiep Moi Truong
2025-11-17,2025-11-23,Dak Lak,Ea H'leo,Robusta / ca phe nhan xo noi dia,113867,113866.66666666667,3,observed,20.743,90.857,90.1,0.489,Dat do bazan,5,medium,3,Nong Nghiep Moi Truong
2025-11-17,2025-11-23,Dak Nong,Dak R'lap,Robusta / ca phe nhan xo noi dia,113933,113933.33333333333,3,observed,22.229,85.571,62.4,0.488,Dat do bazan,4,low,3,Nong Nghiep Moi Truong
2025-11-17,2025-11-23,Dak Nong,Gia Nghia,Robusta / ca phe nhan xo noi dia,114033,114033.33333333333,3,observed,21.657,87.714,73.5,0.49,Dat do bazan,4,low,3,Nong Nghiep Moi Truong
2025-11-17,2025-11-23,Gia Lai,Chu Prong,Robusta / ca phe nhan xo noi dia,113367,113366.66666666667,3,observed,23.114,76.0,58.3,0.447,Dat do bazan,4,low,3,Nong Nghiep Moi Truong
2025-11-17,2025-11-23,Gia Lai,Ia Grai,Robusta / ca phe nhan xo noi dia,113267,113266.66666666667,3,observed,23.8,74.143,35.0,0.436,Dat do bazan,4,low,3,Nong Nghiep Moi Truong
2025-11-17,2025-11-23,Gia Lai,Pleiku,Robusta / ca phe nhan xo noi dia,113267,113266.66666666667,3,observed,20.857,80.0,40.3,0.465,Dat do bazan,4,low,3,Nong Nghiep Moi Truong
2025-11-17,2025-11-23,Kon Tum,Kon Tum,Robusta / ca phe nhan xo noi dia,113267,113266.66666666667,3,observed,22.443,74.286,21.8,0.453,Dat do vang / dat bazan cuc bo,3,low,3,Nong Nghiep Moi Truong
2025-11-17,2025-11-23,Lam Dong,Bao Loc,Robusta / ca phe nhan xo noi dia,112600,112600.0,3,observed,20.771,90.286,69.8,0.494,Dat do vang tren bazan,4,low,3,Nong Nghiep Moi Truong
2025-11-17,2025-11-23,Lam Dong,Di Linh,Robusta / ca phe nhan xo noi dia,112600,112600.0,3,observed,20.714,88.286,90.8,0.5,Dat do vang tren bazan,4,medium,3,Nong Nghiep Moi Truong
2025-11-17,2025-11-23,Lam Dong,Lam Ha,Robusta / ca phe nhan xo noi dia,112600,112600.0,3,observed,21.486,84.714,111.0,0.498,Dat do vang tren bazan,4,low,3,Nong Nghiep Moi Truong
2025-11-24,2025-11-30,Dak Lak,Buon Ho,Robusta / ca phe nhan xo noi dia,112133,,0,interpolated_area,20.257,81.857,1.9,0.423,Dat do bazan,5,medium,0,
2025-11-24,2025-11-30,Dak Lak,Cu M'gar,Robusta / ca phe nhan xo noi dia,112233,,0,interpolated_area,22.2,75.857,0.4,0.392,Dat do bazan,5,high,0,
2025-11-24,2025-11-30,Dak Lak,Ea H'leo,Robusta / ca phe nhan xo noi dia,112133,,0,interpolated_area,20.486,80.143,4.8,0.433,Dat do bazan,5,medium,0,
2025-11-24,2025-11-30,Dak Nong,Dak R'lap,Robusta / ca phe nhan xo noi dia,112267,,0,interpolated_area,22.057,74.857,7.6,0.386,Dat do bazan,4,low,0,
2025-11-24,2025-11-30,Dak Nong,Gia Nghia,Robusta / ca phe nhan xo noi dia,112367,,0,interpolated_area,21.471,76.714,2.5,0.386,Dat do bazan,4,low,0,
2025-11-24,2025-11-30,Gia Lai,Chu Prong,Robusta / ca phe nhan xo noi dia,111783,,0,interpolated_area,22.214,72.429,3.2,0.352,Dat do bazan,4,low,0,
2025-11-24,2025-11-30,Gia Lai,Ia Grai,Robusta / ca phe nhan xo noi dia,111683,,0,interpolated_area,22.857,72.857,2.0,0.333,Dat do bazan,4,low,0,
2025-11-24,2025-11-30,Gia Lai,Pleiku,Robusta / ca phe nhan xo noi dia,111683,,0,interpolated_area,20.457,73.429,3.6,0.37,Dat do bazan,4,low,0,
2025-11-24,2025-11-30,Kon Tum,Kon Tum,Robusta / ca phe nhan xo noi dia,111683,,0,interpolated_area,21.4,73.143,1.2,0.378,Dat do vang / dat bazan cuc bo,3,low,0,
2025-11-24,2025-11-30,Lam Dong,Bao Loc,Robusta / ca phe nhan xo noi dia,111300,,0,interpolated_area,20.229,83.0,4.5,0.422,Dat do vang tren bazan,4,low,0,
2025-11-24,2025-11-30,Lam Dong,Di Linh,Robusta / ca phe nhan xo noi dia,111300,,0,interpolated_area,20.129,82.143,4.6,0.441,Dat do vang tren bazan,4,medium,0,
2025-11-24,2025-11-30,Lam Dong,Lam Ha,Robusta / ca phe nhan xo noi dia,111300,,0,interpolated_area,20.386,80.143,9.7,0.429,Dat do vang tren bazan,4,low,0,
2025-12-01,2025-12-07,Dak Lak,Buon Ho,Robusta / ca phe nhan xo noi dia,110400,110400.0,1,observed,21.214,88.0,28.6,0.423,Dat do bazan,5,medium,1,Nong Nghiep Moi Truong
2025-12-01,2025-12-07,Dak Lak,Cu M'gar,Robusta / ca phe nhan xo noi dia,110500,110500.0,1,observed,23.257,80.857,26.9,0.35,Dat do bazan,5,high,1,Nong Nghiep Moi Truong
2025-12-01,2025-12-07,Dak Lak,Ea H'leo,Robusta / ca phe nhan xo noi dia,110400,110400.0,1,observed,21.714,85.571,20.2,0.427,Dat do bazan,5,medium,1,Nong Nghiep Moi Truong
2025-12-01,2025-12-07,Dak Nong,Dak R'lap,Robusta / ca phe nhan xo noi dia,110600,110600.0,1,observed,22.343,83.143,31.1,0.444,Dat do bazan,4,low,1,Nong Nghiep Moi Truong
2025-12-01,2025-12-07,Dak Nong,Gia Nghia,Robusta / ca phe nhan xo noi dia,110700,110700.0,1,observed,21.843,84.429,20.8,0.394,Dat do bazan,4,low,1,Nong Nghiep Moi Truong
2025-12-01,2025-12-07,Gia Lai,Chu Prong,Robusta / ca phe nhan xo noi dia,110200,110200.0,1,observed,23.529,76.0,15.4,0.363,Dat do bazan,4,low,1,Nong Nghiep Moi Truong
2025-12-01,2025-12-07,Gia Lai,Ia Grai,Robusta / ca phe nhan xo noi dia,110100,110100.0,1,observed,24.143,76.286,7.1,0.352,Dat do bazan,4,low,1,Nong Nghiep Moi Truong
2025-12-01,2025-12-07,Gia Lai,Pleiku,Robusta / ca phe nhan xo noi dia,110100,110100.0,1,observed,21.371,80.0,5.1,0.362,Dat do bazan,4,low,1,Nong Nghiep Moi Truong
2025-12-01,2025-12-07,Kon Tum,Kon Tum,Robusta / ca phe nhan xo noi dia,110100,110100.0,1,observed,22.571,76.429,4.9,0.32,Dat do vang / dat bazan cuc bo,3,low,1,Nong Nghiep Moi Truong
2025-12-01,2025-12-07,Lam Dong,Bao Loc,Robusta / ca phe nhan xo noi dia,110000,110000.0,1,observed,20.643,87.0,28.3,0.446,Dat do vang tren bazan,4,low,1,Nong Nghiep Moi Truong
2025-12-01,2025-12-07,Lam Dong,Di Linh,Robusta / ca phe nhan xo noi dia,110000,110000.0,1,observed,20.457,85.429,34.6,0.466,Dat do vang tren bazan,4,medium,1,Nong Nghiep Moi Truong
2025-12-01,2025-12-07,Lam Dong,Lam Ha,Robusta / ca phe nhan xo noi dia,110000,110000.0,1,observed,20.686,82.714,12.2,0.464,Dat do vang tren bazan,4,low,1,Nong Nghiep Moi Truong
2025-12-08,2025-12-14,Dak Lak,Buon Ho,Robusta / ca phe nhan xo noi dia,101200,101200.0,1,observed,20.529,87.571,7.9,0.389,Dat do bazan,5,medium,1,Nong Nghiep Moi Truong
2025-12-08,2025-12-14,Dak Lak,Cu M'gar,Robusta / ca phe nhan xo noi dia,101300,101300.0,1,observed,22.629,78.857,2.5,0.308,Dat do bazan,5,high,1,Nong Nghiep Moi Truong
2025-12-08,2025-12-14,Dak Lak,Ea H'leo,Robusta / ca phe nhan xo noi dia,101200,101200.0,1,observed,21.0,86.0,12.6,0.394,Dat do bazan,5,medium,1,Nong Nghiep Moi Truong
2025-12-08,2025-12-14,Dak Nong,Dak R'lap,Robusta / ca phe nhan xo noi dia,101300,101300.0,1,observed,22.443,78.0,5.9,0.394,Dat do bazan,4,low,1,Nong Nghiep Moi Truong
2025-12-08,2025-12-14,Dak Nong,Gia Nghia,Robusta / ca phe nhan xo noi dia,101400,101400.0,1,observed,21.886,79.857,3.0,0.327,Dat do bazan,4,low,1,Nong Nghiep Moi Truong
2025-12-08,2025-12-14,Gia Lai,Chu Prong,Robusta / ca phe nhan xo noi dia,100800,100800.0,1,observed,23.357,69.714,0.5,0.278,Dat do bazan,4,low,1,Nong Nghiep Moi Truong
2025-12-08,2025-12-14,Gia Lai,Ia Grai,Robusta / ca phe nhan xo noi dia,100700,100700.0,1,observed,24.186,68.571,0.0,0.283,Dat do bazan,4,low,1,Nong Nghiep Moi Truong
2025-12-08,2025-12-14,Gia Lai,Pleiku,Robusta / ca phe nhan xo noi dia,100700,100700.0,1,observed,21.129,75.0,0.4,0.282,Dat do bazan,4,low,1,Nong Nghiep Moi Truong
2025-12-08,2025-12-14,Kon Tum,Kon Tum,Robusta / ca phe nhan xo noi dia,100700,100700.0,1,observed,22.486,71.0,0.0,0.254,Dat do vang / dat bazan cuc bo,3,low,1,Nong Nghiep Moi Truong
2025-12-08,2025-12-14,Lam Dong,Bao Loc,Robusta / ca phe nhan xo noi dia,100700,100700.0,1,observed,20.414,84.286,10.8,0.424,Dat do vang tren bazan,4,low,1,Nong Nghiep Moi Truong
2025-12-08,2025-12-14,Lam Dong,Di Linh,Robusta / ca phe nhan xo noi dia,100700,100700.0,1,observed,20.443,80.714,3.8,0.439,Dat do vang tren bazan,4,medium,1,Nong Nghiep Moi Truong
2025-12-08,2025-12-14,Lam Dong,Lam Ha,Robusta / ca phe nhan xo noi dia,100700,100700.0,1,observed,20.614,78.571,2.4,0.442,Dat do vang tren bazan,4,low,1,Nong Nghiep Moi Truong
2025-12-15,2025-12-21,Dak Lak,Buon Ho,Robusta / ca phe nhan xo noi dia,93980,93980.0,5,observed,20.757,88.286,4.9,0.359,Dat do bazan,5,medium,5,Nong Nghiep Moi Truong
2025-12-15,2025-12-21,Dak Lak,Cu M'gar,Robusta / ca phe nhan xo noi dia,94080,94080.0,5,observed,22.971,79.429,4.0,0.285,Dat do bazan,5,high,5,Nong Nghiep Moi Truong
2025-12-15,2025-12-21,Dak Lak,Ea H'leo,Robusta / ca phe nhan xo noi dia,93980,93980.0,5,observed,21.229,86.143,8.3,0.364,Dat do bazan,5,medium,5,Nong Nghiep Moi Truong
2025-12-15,2025-12-21,Dak Nong,Dak R'lap,Robusta / ca phe nhan xo noi dia,94200,94200.0,5,observed,22.943,76.286,1.8,0.323,Dat do bazan,4,low,5,Nong Nghiep Moi Truong
2025-12-15,2025-12-21,Dak Nong,Gia Nghia,Robusta / ca phe nhan xo noi dia,94300,94300.0,5,observed,22.3,78.857,0.8,0.265,Dat do bazan,4,low,5,Nong Nghiep Moi Truong
2025-12-15,2025-12-21,Gia Lai,Chu Prong,Robusta / ca phe nhan xo noi dia,93840,93840.0,5,observed,23.814,69.714,3.9,0.235,Dat do bazan,4,low,5,Nong Nghiep Moi Truong
2025-12-15,2025-12-21,Gia Lai,Ia Grai,Robusta / ca phe nhan xo noi dia,93740,93740.0,5,observed,24.714,68.143,7.5,0.24,Dat do bazan,4,low,5,Nong Nghiep Moi Truong
2025-12-15,2025-12-21,Gia Lai,Pleiku,Robusta / ca phe nhan xo noi dia,93740,93740.0,5,observed,21.629,74.286,1.6,0.226,Dat do bazan,4,low,5,Nong Nghiep Moi Truong
2025-12-15,2025-12-21,Kon Tum,Kon Tum,Robusta / ca phe nhan xo noi dia,93740,93740.0,5,observed,22.886,70.714,1.5,0.227,Dat do vang / dat bazan cuc bo,3,low,5,Nong Nghiep Moi Truong
2025-12-15,2025-12-21,Lam Dong,Bao Loc,Robusta / ca phe nhan xo noi dia,93380,93380.0,5,observed,20.657,86.143,7.8,0.399,Dat do vang tren bazan,4,low,5,Nong Nghiep Moi Truong
2025-12-15,2025-12-21,Lam Dong,Di Linh,Robusta / ca phe nhan xo noi dia,93380,93380.0,5,observed,20.771,79.714,7.0,0.392,Dat do vang tren bazan,4,medium,5,Nong Nghiep Moi Truong
2025-12-15,2025-12-21,Lam Dong,Lam Ha,Robusta / ca phe nhan xo noi dia,93380,93380.0,5,observed,20.814,80.571,5.0,0.397,Dat do vang tren bazan,4,low,5,Nong Nghiep Moi Truong
2025-12-22,2025-12-28,Dak Lak,Buon Ho,Robusta / ca phe nhan xo noi dia,96090,,0,interpolated_area,20.514,86.857,1.2,0.316,Dat do bazan,5,medium,0,
2025-12-22,2025-12-28,Dak Lak,Cu M'gar,Robusta / ca phe nhan xo noi dia,96190,,0,interpolated_area,22.871,77.0,3.4,0.269,Dat do bazan,5,high,0,
2025-12-22,2025-12-28,Dak Lak,Ea H'leo,Robusta / ca phe nhan xo noi dia,96090,,0,interpolated_area,21.029,84.143,3.8,0.329,Dat do bazan,5,medium,0,
2025-12-22,2025-12-28,Dak Nong,Dak R'lap,Robusta / ca phe nhan xo noi dia,96200,,0,interpolated_area,22.671,74.714,3.1,0.307,Dat do bazan,4,low,0,
2025-12-22,2025-12-28,Dak Nong,Gia Nghia,Robusta / ca phe nhan xo noi dia,96300,,0,interpolated_area,22.086,76.714,2.9,0.222,Dat do bazan,4,low,0,
2025-12-22,2025-12-28,Gia Lai,Chu Prong,Robusta / ca phe nhan xo noi dia,95920,,0,interpolated_area,23.871,65.429,0.1,0.207,Dat do bazan,4,low,0,
2025-12-22,2025-12-28,Gia Lai,Ia Grai,Robusta / ca phe nhan xo noi dia,95820,,0,interpolated_area,24.714,64.571,0.0,0.211,Dat do bazan,4,low,0,
2025-12-22,2025-12-28,Gia Lai,Pleiku,Robusta / ca phe nhan xo noi dia,95820,,0,interpolated_area,21.214,72.714,0.0,0.202,Dat do bazan,4,low,0,
2025-12-22,2025-12-28,Kon Tum,Kon Tum,Robusta / ca phe nhan xo noi dia,95820,,0,interpolated_area,22.471,68.429,0.0,0.214,Dat do vang / dat bazan cuc bo,3,low,0,
2025-12-22,2025-12-28,Lam Dong,Bao Loc,Robusta / ca phe nhan xo noi dia,95440,,0,interpolated_area,20.343,86.0,20.5,0.405,Dat do vang tren bazan,4,low,0,
2025-12-22,2025-12-28,Lam Dong,Di Linh,Robusta / ca phe nhan xo noi dia,95440,,0,interpolated_area,20.486,82.857,13.4,0.406,Dat do vang tren bazan,4,medium,0,
2025-12-22,2025-12-28,Lam Dong,Lam Ha,Robusta / ca phe nhan xo noi dia,95440,,0,interpolated_area,20.743,83.0,22.9,0.423,Dat do vang tren bazan,4,low,0,
2025-12-29,2026-01-04,Dak Lak,Buon Ho,Robusta / ca phe nhan xo noi dia,98200,98200.0,1,observed,18.571,83.429,0.9,0.282,Dat do bazan,5,medium,1,Nong Nghiep Moi Truong
2025-12-29,2026-01-04,Dak Lak,Cu M'gar,Robusta / ca phe nhan xo noi dia,98300,98300.0,1,observed,21.071,72.429,0.0,0.241,Dat do bazan,5,high,1,Nong Nghiep Moi Truong
2025-12-29,2026-01-04,Dak Lak,Ea H'leo,Robusta / ca phe nhan xo noi dia,98200,98200.0,1,observed,19.271,79.143,0.7,0.253,Dat do bazan,5,medium,1,Nong Nghiep Moi Truong
2025-12-29,2026-01-04,Dak Nong,Dak R'lap,Robusta / ca phe nhan xo noi dia,98200,98200.0,1,observed,20.857,69.429,0.0,0.274,Dat do bazan,4,low,1,Nong Nghiep Moi Truong
2025-12-29,2026-01-04,Dak Nong,Gia Nghia,Robusta / ca phe nhan xo noi dia,98300,98300.0,1,observed,20.071,72.0,0.0,0.201,Dat do bazan,4,low,1,Nong Nghiep Moi Truong
2025-12-29,2026-01-04,Gia Lai,Chu Prong,Robusta / ca phe nhan xo noi dia,98000,98000.0,1,observed,21.9,65.286,0.0,0.185,Dat do bazan,4,low,1,Nong Nghiep Moi Truong
2025-12-29,2026-01-04,Gia Lai,Ia Grai,Robusta / ca phe nhan xo noi dia,97900,97900.0,1,observed,22.871,63.286,0.0,0.187,Dat do bazan,4,low,1,Nong Nghiep Moi Truong
2025-12-29,2026-01-04,Gia Lai,Pleiku,Robusta / ca phe nhan xo noi dia,97900,97900.0,1,observed,19.314,72.429,0.0,0.179,Dat do bazan,4,low,1,Nong Nghiep Moi Truong
2025-12-29,2026-01-04,Kon Tum,Kon Tum,Robusta / ca phe nhan xo noi dia,97900,97900.0,1,observed,20.443,68.286,0.0,0.195,Dat do vang / dat bazan cuc bo,3,low,1,Nong Nghiep Moi Truong
2025-12-29,2026-01-04,Lam Dong,Bao Loc,Robusta / ca phe nhan xo noi dia,97500,97500.0,1,observed,18.514,78.429,0.2,0.323,Dat do vang tren bazan,4,low,1,Nong Nghiep Moi Truong
2025-12-29,2026-01-04,Lam Dong,Di Linh,Robusta / ca phe nhan xo noi dia,97500,97500.0,1,observed,18.686,73.714,1.7,0.354,Dat do vang tren bazan,4,medium,1,Nong Nghiep Moi Truong
2025-12-29,2026-01-04,Lam Dong,Lam Ha,Robusta / ca phe nhan xo noi dia,97500,97500.0,1,observed,18.2,75.429,0.6,0.392,Dat do vang tren bazan,4,low,1,Nong Nghiep Moi Truong
2026-01-05,2026-01-11,Dak Lak,Buon Ho,Robusta / ca phe nhan xo noi dia,97200,97200.0,1,observed,17.271,80.429,0.8,0.286,Dat do bazan,5,medium,1,Nong Nghiep Moi Truong
2026-01-05,2026-01-11,Dak Lak,Cu M'gar,Robusta / ca phe nhan xo noi dia,97300,97300.0,1,observed,19.743,70.429,0.0,0.239,Dat do bazan,5,high,1,Nong Nghiep Moi Truong
2026-01-05,2026-01-11,Dak Lak,Ea H'leo,Robusta / ca phe nhan xo noi dia,97200,97200.0,1,observed,17.943,76.0,0.3,0.244,Dat do bazan,5,medium,1,Nong Nghiep Moi Truong
2026-01-05,2026-01-11,Dak Nong,Dak R'lap,Robusta / ca phe nhan xo noi dia,97400,97400.0,1,observed,19.914,67.714,0.1,0.263,Dat do bazan,4,low,1,Nong Nghiep Moi Truong
2026-01-05,2026-01-11,Dak Nong,Gia Nghia,Robusta / ca phe nhan xo noi dia,97500,97500.0,1,observed,19.157,70.857,0.0,0.208,Dat do bazan,4,low,1,Nong Nghiep Moi Truong
2026-01-05,2026-01-11,Gia Lai,Chu Prong,Robusta / ca phe nhan xo noi dia,97200,97200.0,1,observed,20.629,59.286,0.0,0.178,Dat do bazan,4,low,1,Nong Nghiep Moi Truong
2026-01-05,2026-01-11,Gia Lai,Ia Grai,Robusta / ca phe nhan xo noi dia,97100,97100.0,1,observed,21.357,58.0,0.0,0.18,Dat do bazan,4,low,1,Nong Nghiep Moi Truong
2026-01-05,2026-01-11,Gia Lai,Pleiku,Robusta / ca phe nhan xo noi dia,97100,97100.0,1,observed,17.771,67.286,0.0,0.183,Dat do bazan,4,low,1,Nong Nghiep Moi Truong
2026-01-05,2026-01-11,Kon Tum,Kon Tum,Robusta / ca phe nhan xo noi dia,97100,97100.0,1,observed,18.657,65.429,0.0,0.19,Dat do vang / dat bazan cuc bo,3,low,1,Nong Nghiep Moi Truong
2026-01-05,2026-01-11,Lam Dong,Bao Loc,Robusta / ca phe nhan xo noi dia,96800,96800.0,1,observed,17.8,78.857,2.8,0.293,Dat do vang tren bazan,4,low,1,Nong Nghiep Moi Truong
2026-01-05,2026-01-11,Lam Dong,Di Linh,Robusta / ca phe nhan xo noi dia,96800,96800.0,1,observed,17.786,79.286,8.5,0.363,Dat do vang tren bazan,4,medium,1,Nong Nghiep Moi Truong
2026-01-05,2026-01-11,Lam Dong,Lam Ha,Robusta / ca phe nhan xo noi dia,96800,96800.0,1,observed,17.871,77.429,10.7,0.402,Dat do vang tren bazan,4,low,1,Nong Nghiep Moi Truong
2026-01-12,2026-01-18,Dak Lak,Buon Ho,Robusta / ca phe nhan xo noi dia,98329,98328.57142857143,7,observed,18.771,82.143,0.0,0.267,Dat do bazan,5,medium,7,Nong Nghiep Moi Truong
2026-01-12,2026-01-18,Dak Lak,Cu M'gar,Robusta / ca phe nhan xo noi dia,98429,98428.57142857143,7,observed,21.714,69.286,0.0,0.236,Dat do bazan,5,high,7,Nong Nghiep Moi Truong
2026-01-12,2026-01-18,Dak Lak,Ea H'leo,Robusta / ca phe nhan xo noi dia,98329,98328.57142857143,7,observed,19.843,74.857,0.0,0.226,Dat do bazan,5,medium,7,Nong Nghiep Moi Truong
2026-01-12,2026-01-18,Dak Nong,Dak R'lap,Robusta / ca phe nhan xo noi dia,98543,98542.85714285714,7,observed,22.214,65.571,0.0,0.249,Dat do bazan,4,low,7,Nong Nghiep Moi Truong
2026-01-12,2026-01-18,Dak Nong,Gia Nghia,Robusta / ca phe nhan xo noi dia,98643,98642.85714285714,7,observed,21.357,66.857,0.0,0.202,Dat do bazan,4,low,7,Nong Nghiep Moi Truong
2026-01-12,2026-01-18,Gia Lai,Chu Prong,Robusta / ca phe nhan xo noi dia,98357,98357.14285714286,7,observed,22.686,63.286,0.0,0.17,Dat do bazan,4,low,7,Nong Nghiep Moi Truong
2026-01-12,2026-01-18,Gia Lai,Ia Grai,Robusta / ca phe nhan xo noi dia,98243,98242.85714285714,7,observed,23.4,63.571,0.0,0.181,Dat do bazan,4,low,7,Nong Nghiep Moi Truong
2026-01-12,2026-01-18,Gia Lai,Pleiku,Robusta / ca phe nhan xo noi dia,98243,98242.85714285714,7,observed,20.229,70.429,0.0,0.189,Dat do bazan,4,low,7,Nong Nghiep Moi Truong
2026-01-12,2026-01-18,Kon Tum,Kon Tum,Robusta / ca phe nhan xo noi dia,98243,98242.85714285714,7,observed,21.357,65.714,0.0,0.197,Dat do vang / dat bazan cuc bo,3,low,7,Nong Nghiep Moi Truong
2026-01-12,2026-01-18,Lam Dong,Bao Loc,Robusta / ca phe nhan xo noi dia,97929,97928.57142857143,7,observed,19.829,76.143,0.1,0.261,Dat do vang tren bazan,4,low,7,Nong Nghiep Moi Truong
2026-01-12,2026-01-18,Lam Dong,Di Linh,Robusta / ca phe nhan xo noi dia,97929,97928.57142857143,7,observed,19.8,74.857,0.4,0.322,Dat do vang tren bazan,4,medium,7,Nong Nghiep Moi Truong
2026-01-12,2026-01-18,Lam Dong,Lam Ha,Robusta / ca phe nhan xo noi dia,97929,97928.57142857143,7,observed,19.4,71.286,0.2,0.35,Dat do vang tren bazan,4,low,7,Nong Nghiep Moi Truong
2026-01-19,2026-01-25,Dak Lak,Buon Ho,Robusta / ca phe nhan xo noi dia,99200,99200.0,1,observed,18.843,80.857,0.1,0.254,Dat do bazan,5,medium,1,Nong Nghiep Moi Truong
2026-01-19,2026-01-25,Dak Lak,Cu M'gar,Robusta / ca phe nhan xo noi dia,99300,99300.0,1,observed,21.4,69.571,0.0,0.229,Dat do bazan,5,high,1,Nong Nghiep Moi Truong
2026-01-19,2026-01-25,Dak Lak,Ea H'leo,Robusta / ca phe nhan xo noi dia,99200,99200.0,1,observed,19.629,74.286,0.8,0.218,Dat do bazan,5,medium,1,Nong Nghiep Moi Truong
2026-01-19,2026-01-25,Dak Nong,Dak R'lap,Robusta / ca phe nhan xo noi dia,99400,99400.0,1,observed,21.243,62.857,0.0,0.242,Dat do bazan,4,low,1,Nong Nghiep Moi Truong
2026-01-19,2026-01-25,Dak Nong,Gia Nghia,Robusta / ca phe nhan xo noi dia,99500,99500.0,1,observed,20.457,65.429,0.0,0.2,Dat do bazan,4,low,1,Nong Nghiep Moi Truong
2026-01-19,2026-01-25,Gia Lai,Chu Prong,Robusta / ca phe nhan xo noi dia,99100,99100.0,1,observed,22.457,58.0,0.0,0.163,Dat do bazan,4,low,1,Nong Nghiep Moi Truong
2026-01-19,2026-01-25,Gia Lai,Ia Grai,Robusta / ca phe nhan xo noi dia,99000,99000.0,1,observed,23.243,56.857,0.0,0.174,Dat do bazan,4,low,1,Nong Nghiep Moi Truong
2026-01-19,2026-01-25,Gia Lai,Pleiku,Robusta / ca phe nhan xo noi dia,99000,99000.0,1,observed,19.543,65.857,0.0,0.19,Dat do bazan,4,low,1,Nong Nghiep Moi Truong
2026-01-19,2026-01-25,Kon Tum,Kon Tum,Robusta / ca phe nhan xo noi dia,99000,99000.0,1,observed,20.657,63.571,0.0,0.191,Dat do vang / dat bazan cuc bo,3,low,1,Nong Nghiep Moi Truong
2026-01-19,2026-01-25,Lam Dong,Bao Loc,Robusta / ca phe nhan xo noi dia,98600,98600.0,1,observed,18.657,73.429,0.0,0.245,Dat do vang tren bazan,4,low,1,Nong Nghiep Moi Truong
2026-01-19,2026-01-25,Lam Dong,Di Linh,Robusta / ca phe nhan xo noi dia,98600,98600.0,1,observed,18.829,68.0,0.7,0.29,Dat do vang tren bazan,4,medium,1,Nong Nghiep Moi Truong
2026-01-19,2026-01-25,Lam Dong,Lam Ha,Robusta / ca phe nhan xo noi dia,98600,98600.0,1,observed,18.257,68.571,0.1,0.318,Dat do vang tren bazan,4,low,1,Nong Nghiep Moi Truong
2026-01-26,2026-02-01,Dak Lak,Buon Ho,Robusta / ca phe nhan xo noi dia,100700,100700.0,1,observed,19.057,81.571,0.8,0.252,Dat do bazan,5,medium,1,Nong Nghiep Moi Truong
2026-01-26,2026-02-01,Dak Lak,Cu M'gar,Robusta / ca phe nhan xo noi dia,100800,100800.0,1,observed,21.714,70.0,0.0,0.21,Dat do bazan,5,high,1,Nong Nghiep Moi Truong
2026-01-26,2026-02-01,Dak Lak,Ea H'leo,Robusta / ca phe nhan xo noi dia,100700,100700.0,1,observed,20.1,72.857,0.2,0.216,Dat do bazan,5,medium,1,Nong Nghiep Moi Truong
2026-01-26,2026-02-01,Dak Nong,Dak R'lap,Robusta / ca phe nhan xo noi dia,100700,100700.0,1,observed,22.271,61.286,0.0,0.245,Dat do bazan,4,low,1,Nong Nghiep Moi Truong
2026-01-26,2026-02-01,Dak Nong,Gia Nghia,Robusta / ca phe nhan xo noi dia,100800,100800.0,1,observed,21.457,64.429,0.0,0.2,Dat do bazan,4,low,1,Nong Nghiep Moi Truong
2026-01-26,2026-02-01,Gia Lai,Chu Prong,Robusta / ca phe nhan xo noi dia,100700,100700.0,1,observed,22.929,57.857,0.0,0.166,Dat do bazan,4,low,1,Nong Nghiep Moi Truong
2026-01-26,2026-02-01,Gia Lai,Ia Grai,Robusta / ca phe nhan xo noi dia,100600,100600.0,1,observed,23.771,57.714,0.0,0.171,Dat do bazan,4,low,1,Nong Nghiep Moi Truong
2026-01-26,2026-02-01,Gia Lai,Pleiku,Robusta / ca phe nhan xo noi dia,100600,100600.0,1,observed,20.143,65.857,0.0,0.191,Dat do bazan,4,low,1,Nong Nghiep Moi Truong
2026-01-26,2026-02-01,Kon Tum,Kon Tum,Robusta / ca phe nhan xo noi dia,100600,100600.0,1,observed,20.986,65.571,0.0,0.187,Dat do vang / dat bazan cuc bo,3,low,1,Nong Nghiep Moi Truong
2026-01-26,2026-02-01,Lam Dong,Bao Loc,Robusta / ca phe nhan xo noi dia,100000,100000.0,1,observed,19.886,73.143,0.1,0.244,Dat do vang tren bazan,4,low,1,Nong Nghiep Moi Truong
2026-01-26,2026-02-01,Lam Dong,Di Linh,Robusta / ca phe nhan xo noi dia,100000,100000.0,1,observed,19.7,71.571,0.6,0.282,Dat do vang tren bazan,4,medium,1,Nong Nghiep Moi Truong
2026-01-26,2026-02-01,Lam Dong,Lam Ha,Robusta / ca phe nhan xo noi dia,100000,100000.0,1,observed,19.271,70.0,0.0,0.302,Dat do vang tren bazan,4,low,1,Nong Nghiep Moi Truong
2026-02-02,2026-02-08,Dak Lak,Buon Ho,Robusta / ca phe nhan xo noi dia,100700,100700.0,1,observed,20.171,82.0,0.2,0.254,Dat do bazan,5,medium,1,Nong Nghiep Moi Truong
2026-02-02,2026-02-08,Dak Lak,Cu M'gar,Robusta / ca phe nhan xo noi dia,100800,100800.0,1,observed,22.857,70.286,0.0,0.208,Dat do bazan,5,high,1,Nong Nghiep Moi Truong
2026-02-02,2026-02-08,Dak Lak,Ea H'leo,Robusta / ca phe nhan xo noi dia,100700,100700.0,1,observed,21.086,76.571,1.2,0.217,Dat do bazan,5,medium,1,Nong Nghiep Moi Truong
2026-02-02,2026-02-08,Dak Nong,Dak R'lap,Robusta / ca phe nhan xo noi dia,100700,100700.0,1,observed,23.114,68.429,1.3,0.255,Dat do bazan,4,low,1,Nong Nghiep Moi Truong
2026-02-02,2026-02-08,Dak Nong,Gia Nghia,Robusta / ca phe nhan xo noi dia,100800,100800.0,1,observed,22.471,69.857,2.7,0.203,Dat do bazan,4,low,1,Nong Nghiep Moi Truong
2026-02-02,2026-02-08,Gia Lai,Chu Prong,Robusta / ca phe nhan xo noi dia,100700,100700.0,1,observed,23.771,63.143,1.1,0.163,Dat do bazan,4,low,1,Nong Nghiep Moi Truong
2026-02-02,2026-02-08,Gia Lai,Ia Grai,Robusta / ca phe nhan xo noi dia,100600,100600.0,1,observed,24.8,61.571,0.5,0.174,Dat do bazan,4,low,1,Nong Nghiep Moi Truong
2026-02-02,2026-02-08,Gia Lai,Pleiku,Robusta / ca phe nhan xo noi dia,100600,100600.0,1,observed,21.3,70.429,1.0,0.191,Dat do bazan,4,low,1,Nong Nghiep Moi Truong
2026-02-02,2026-02-08,Kon Tum,Kon Tum,Robusta / ca phe nhan xo noi dia,100600,100600.0,1,observed,22.743,65.429,0.8,0.183,Dat do vang / dat bazan cuc bo,3,low,1,Nong Nghiep Moi Truong
2026-02-02,2026-02-08,Lam Dong,Bao Loc,Robusta / ca phe nhan xo noi dia,100000,100000.0,1,observed,20.814,77.286,1.6,0.266,Dat do vang tren bazan,4,low,1,Nong Nghiep Moi Truong
2026-02-02,2026-02-08,Lam Dong,Di Linh,Robusta / ca phe nhan xo noi dia,100000,100000.0,1,observed,20.557,75.714,4.2,0.301,Dat do vang tren bazan,4,medium,1,Nong Nghiep Moi Truong
2026-02-02,2026-02-08,Lam Dong,Lam Ha,Robusta / ca phe nhan xo noi dia,100000,100000.0,1,observed,20.729,73.857,2.1,0.299,Dat do vang tren bazan,4,low,1,Nong Nghiep Moi Truong
2026-02-09,2026-02-15,Dak Lak,Buon Ho,Robusta / ca phe nhan xo noi dia,97200,97200.0,1,observed,20.071,82.429,0.2,0.239,Dat do bazan,5,medium,1,Nong Nghiep Moi Truong
2026-02-09,2026-02-15,Dak Lak,Cu M'gar,Robusta / ca phe nhan xo noi dia,97300,97300.0,1,observed,22.743,71.286,0.9,0.198,Dat do bazan,5,high,1,Nong Nghiep Moi Truong
2026-02-09,2026-02-15,Dak Lak,Ea H'leo,Robusta / ca phe nhan xo noi dia,97200,97200.0,1,observed,21.357,75.143,0.0,0.207,Dat do bazan,5,medium,1,Nong Nghiep Moi Truong
2026-02-09,2026-02-15,Dak Nong,Dak R'lap,Robusta / ca phe nhan xo noi dia,97400,97400.0,1,observed,23.414,70.857,7.7,0.278,Dat do bazan,4,low,1,Nong Nghiep Moi Truong
2026-02-09,2026-02-15,Dak Nong,Gia Nghia,Robusta / ca phe nhan xo noi dia,97500,97500.0,1,observed,22.914,71.0,4.6,0.213,Dat do bazan,4,low,1,Nong Nghiep Moi Truong
2026-02-09,2026-02-15,Gia Lai,Chu Prong,Robusta / ca phe nhan xo noi dia,97200,97200.0,1,observed,24.0,59.143,2.8,0.177,Dat do bazan,4,low,1,Nong Nghiep Moi Truong
2026-02-09,2026-02-15,Gia Lai,Ia Grai,Robusta / ca phe nhan xo noi dia,97100,97100.0,1,observed,25.329,55.286,1.8,0.181,Dat do bazan,4,low,1,Nong Nghiep Moi Truong
2026-02-09,2026-02-15,Gia Lai,Pleiku,Robusta / ca phe nhan xo noi dia,97100,97100.0,1,observed,21.486,64.286,0.1,0.195,Dat do bazan,4,low,1,Nong Nghiep Moi Truong
2026-02-09,2026-02-15,Kon Tum,Kon Tum,Robusta / ca phe nhan xo noi dia,97100,97100.0,1,observed,23.014,59.429,0.0,0.162,Dat do vang / dat bazan cuc bo,3,low,1,Nong Nghiep Moi Truong
2026-02-09,2026-02-15,Lam Dong,Bao Loc,Robusta / ca phe nhan xo noi dia,96100,96100.0,1,observed,21.457,79.0,24.2,0.346,Dat do vang tren bazan,4,low,1,Nong Nghiep Moi Truong
2026-02-09,2026-02-15,Lam Dong,Di Linh,Robusta / ca phe nhan xo noi dia,96100,96100.0,1,observed,21.286,74.571,22.0,0.347,Dat do vang tren bazan,4,medium,1,Nong Nghiep Moi Truong
2026-02-09,2026-02-15,Lam Dong,Lam Ha,Robusta / ca phe nhan xo noi dia,96100,96100.0,1,observed,21.2,77.0,29.4,0.371,Dat do vang tren bazan,4,low,1,Nong Nghiep Moi Truong
2026-02-16,2026-02-22,Dak Lak,Buon Ho,Robusta / ca phe nhan xo noi dia,97600,97600.0,3,observed,21.371,79.857,0.7,0.239,Dat do bazan,5,medium,3,Nong Nghiep Moi Truong
2026-02-16,2026-02-22,Dak Lak,Cu M'gar,Robusta / ca phe nhan xo noi dia,97700,97700.0,3,observed,23.914,69.857,0.1,0.202,Dat do bazan,5,high,3,Nong Nghiep Moi Truong
2026-02-16,2026-02-22,Dak Lak,Ea H'leo,Robusta / ca phe nhan xo noi dia,97600,97600.0,3,observed,22.486,73.286,0.2,0.203,Dat do bazan,5,medium,3,Nong Nghiep Moi Truong
2026-02-16,2026-02-22,Dak Nong,Dak R'lap,Robusta / ca phe nhan xo noi dia,97800,97800.0,3,observed,24.3,65.286,0.5,0.259,Dat do bazan,4,low,3,Nong Nghiep Moi Truong
2026-02-16,2026-02-22,Dak Nong,Gia Nghia,Robusta / ca phe nhan xo noi dia,97900,97900.0,3,observed,23.686,67.0,0.1,0.206,Dat do bazan,4,low,3,Nong Nghiep Moi Truong
2026-02-16,2026-02-22,Gia Lai,Chu Prong,Robusta / ca phe nhan xo noi dia,97700,97700.0,3,observed,24.729,61.429,0.0,0.182,Dat do bazan,4,low,3,Nong Nghiep Moi Truong
2026-02-16,2026-02-22,Gia Lai,Ia Grai,Robusta / ca phe nhan xo noi dia,97600,97600.0,3,observed,26.043,58.429,0.2,0.171,Dat do bazan,4,low,3,Nong Nghiep Moi Truong
2026-02-16,2026-02-22,Gia Lai,Pleiku,Robusta / ca phe nhan xo noi dia,97600,97600.0,3,observed,22.214,68.143,0.2,0.192,Dat do bazan,4,low,3,Nong Nghiep Moi Truong
2026-02-16,2026-02-22,Kon Tum,Kon Tum,Robusta / ca phe nhan xo noi dia,97600,97600.0,3,observed,23.871,62.857,0.1,0.15,Dat do vang / dat bazan cuc bo,3,low,3,Nong Nghiep Moi Truong
2026-02-16,2026-02-22,Lam Dong,Bao Loc,Robusta / ca phe nhan xo noi dia,96400,96400.0,3,observed,21.843,71.714,1.5,0.294,Dat do vang tren bazan,4,low,3,Nong Nghiep Moi Truong
2026-02-16,2026-02-22,Lam Dong,Di Linh,Robusta / ca phe nhan xo noi dia,96400,96400.0,3,observed,21.686,66.286,3.8,0.317,Dat do vang tren bazan,4,medium,3,Nong Nghiep Moi Truong
2026-02-16,2026-02-22,Lam Dong,Lam Ha,Robusta / ca phe nhan xo noi dia,96400,96400.0,3,observed,21.357,68.0,4.3,0.34,Dat do vang tren bazan,4,low,3,Nong Nghiep Moi Truong
2026-02-23,2026-03-01,Dak Lak,Buon Ho,Robusta / ca phe nhan xo noi dia,96233,,0,interpolated_area,22.129,83.857,27.0,0.321,Dat do bazan,5,medium,0,
2026-02-23,2026-03-01,Dak Lak,Cu M'gar,Robusta / ca phe nhan xo noi dia,96011,,0,interpolated_area,24.557,74.143,18.8,0.298,Dat do bazan,5,high,0,
2026-02-23,2026-03-01,Dak Lak,Ea H'leo,Robusta / ca phe nhan xo noi dia,96233,,0,interpolated_area,23.314,76.286,40.7,0.282,Dat do bazan,5,medium,0,
2026-02-23,2026-03-01,Dak Nong,Dak R'lap,Robusta / ca phe nhan xo noi dia,96417,,0,interpolated_area,24.014,79.0,58.1,0.358,Dat do bazan,4,low,0,
2026-02-23,2026-03-01,Dak Nong,Gia Nghia,Robusta / ca phe nhan xo noi dia,96189,,0,interpolated_area,23.757,76.857,33.7,0.314,Dat do bazan,4,low,0,
2026-02-23,2026-03-01,Gia Lai,Chu Prong,Robusta / ca phe nhan xo noi dia,96022,,0,interpolated_area,25.357,67.429,12.2,0.226,Dat do bazan,4,low,0,
2026-02-23,2026-03-01,Gia Lai,Ia Grai,Robusta / ca phe nhan xo noi dia,96242,,0,interpolated_area,26.043,70.0,24.6,0.266,Dat do bazan,4,low,0,
2026-02-23,2026-03-01,Gia Lai,Pleiku,Robusta / ca phe nhan xo noi dia,96242,,0,interpolated_area,23.014,74.714,29.7,0.273,Dat do bazan,4,low,0,
2026-02-23,2026-03-01,Kon Tum,Kon Tum,Robusta / ca phe nhan xo noi dia,95922,,0,interpolated_area,24.9,68.857,19.3,0.249,Dat do vang / dat bazan cuc bo,3,low,0,
2026-02-23,2026-03-01,Lam Dong,Bao Loc,Robusta / ca phe nhan xo noi dia,95208,,0,interpolated_area,22.057,81.0,24.8,0.351,Dat do vang tren bazan,4,low,0,
2026-02-23,2026-03-01,Lam Dong,Di Linh,Robusta / ca phe nhan xo noi dia,94822,,0,interpolated_area,21.443,81.714,28.5,0.372,Dat do vang tren bazan,4,medium,0,
2026-02-23,2026-03-01,Lam Dong,Lam Ha,Robusta / ca phe nhan xo noi dia,95208,,0,interpolated_area,21.957,78.571,25.1,0.378,Dat do vang tren bazan,4,low,0,
2026-03-02,2026-03-08,Dak Lak,Buon Ho,Robusta / ca phe nhan xo noi dia,94867,,0,interpolated_area,22.257,82.571,12.8,0.392,Dat do bazan,5,medium,0,
2026-03-02,2026-03-08,Dak Lak,Cu M'gar,Robusta / ca phe nhan xo noi dia,94322,,0,interpolated_area,24.386,75.0,5.0,0.382,Dat do bazan,5,high,0,
2026-03-02,2026-03-08,Dak Lak,Ea H'leo,Robusta / ca phe nhan xo noi dia,94867,,0,interpolated_area,23.143,78.0,8.4,0.337,Dat do bazan,5,medium,0,
2026-03-02,2026-03-08,Dak Nong,Dak R'lap,Robusta / ca phe nhan xo noi dia,95033,,0,interpolated_area,23.386,80.0,12.3,0.392,Dat do bazan,4,low,0,
2026-03-02,2026-03-08,Dak Nong,Gia Nghia,Robusta / ca phe nhan xo noi dia,94478,,0,interpolated_area,23.114,80.0,7.1,0.367,Dat do bazan,4,low,0,
2026-03-02,2026-03-08,Gia Lai,Chu Prong,Robusta / ca phe nhan xo noi dia,94344,,0,interpolated_area,24.871,70.429,5.6,0.309,Dat do bazan,4,low,0,
2026-03-02,2026-03-08,Gia Lai,Ia Grai,Robusta / ca phe nhan xo noi dia,94883,,0,interpolated_area,25.357,72.0,11.9,0.31,Dat do bazan,4,low,0,
2026-03-02,2026-03-08,Gia Lai,Pleiku,Robusta / ca phe nhan xo noi dia,94883,,0,interpolated_area,22.4,76.857,9.8,0.365,Dat do bazan,4,low,0,
2026-03-02,2026-03-08,Kon Tum,Kon Tum,Robusta / ca phe nhan xo noi dia,94244,,0,interpolated_area,23.343,74.571,21.9,0.391,Dat do vang / dat bazan cuc bo,3,low,0,
2026-03-02,2026-03-08,Lam Dong,Bao Loc,Robusta / ca phe nhan xo noi dia,94017,,0,interpolated_area,21.814,82.286,24.9,0.365,Dat do vang tren bazan,4,low,0,
2026-03-02,2026-03-08,Lam Dong,Di Linh,Robusta / ca phe nhan xo noi dia,93244,,0,interpolated_area,21.3,81.0,24.0,0.437,Dat do vang tren bazan,4,medium,0,
2026-03-02,2026-03-08,Lam Dong,Lam Ha,Robusta / ca phe nhan xo noi dia,94017,,0,interpolated_area,21.557,79.571,20.8,0.425,Dat do vang tren bazan,4,low,0,
2026-03-09,2026-03-15,Dak Lak,Buon Ho,Robusta / ca phe nhan xo noi dia,93500,93500.0,4,observed,20.657,82.143,3.3,0.319,Dat do bazan,5,medium,4,Nong Nghiep Moi Truong
2026-03-09,2026-03-15,Dak Lak,Cu M'gar,Robusta / ca phe nhan xo noi dia,92633,92633.33333333333,3,observed,23.171,71.857,4.0,0.285,Dat do bazan,5,high,3,Nong Nghiep Moi Truong
2026-03-09,2026-03-15,Dak Lak,Ea H'leo,Robusta / ca phe nhan xo noi dia,93500,93500.0,4,observed,21.786,76.286,5.2,0.251,Dat do bazan,5,medium,4,Nong Nghiep Moi Truong
2026-03-09,2026-03-15,Dak Nong,Dak R'lap,Robusta / ca phe nhan xo noi dia,93650,93650.0,4,observed,23.386,68.429,3.3,0.3,Dat do bazan,4,low,4,Nong Nghiep Moi Truong
2026-03-09,2026-03-15,Dak Nong,Gia Nghia,Robusta / ca phe nhan xo noi dia,92767,92766.66666666667,3,observed,22.686,71.429,2.9,0.27,Dat do bazan,4,low,3,Nong Nghiep Moi Truong
2026-03-09,2026-03-15,Gia Lai,Chu Prong,Robusta / ca phe nhan xo noi dia,92667,92666.66666666667,3,observed,24.186,62.714,3.0,0.221,Dat do bazan,4,low,3,Nong Nghiep Moi Truong
2026-03-09,2026-03-15,Gia Lai,Ia Grai,Robusta / ca phe nhan xo noi dia,93525,93525.0,4,observed,25.371,59.714,3.2,0.236,Dat do bazan,4,low,4,Nong Nghiep Moi Truong
2026-03-09,2026-03-15,Gia Lai,Pleiku,Robusta / ca phe nhan xo noi dia,93525,93525.0,4,observed,21.471,70.0,3.5,0.23,Dat do bazan,4,low,4,Nong Nghiep Moi Truong
2026-03-09,2026-03-15,Kon Tum,Kon Tum,Robusta / ca phe nhan xo noi dia,92567,92566.66666666667,3,observed,23.071,64.0,1.1,0.264,Dat do vang / dat bazan cuc bo,3,low,3,Nong Nghiep Moi Truong
2026-03-09,2026-03-15,Lam Dong,Bao Loc,Robusta / ca phe nhan xo noi dia,92825,92825.0,4,observed,21.029,78.714,30.8,0.387,Dat do vang tren bazan,4,low,4,Nong Nghiep Moi Truong
2026-03-09,2026-03-15,Lam Dong,Di Linh,Robusta / ca phe nhan xo noi dia,91667,91666.66666666667,3,observed,20.643,75.0,13.7,0.436,Dat do vang tren bazan,4,medium,3,Nong Nghiep Moi Truong
2026-03-09,2026-03-15,Lam Dong,Lam Ha,Robusta / ca phe nhan xo noi dia,92825,92825.0,4,observed,20.771,76.429,26.8,0.428,Dat do vang tren bazan,4,low,4,Nong Nghiep Moi Truong
2026-03-16,2026-03-22,Dak Lak,Buon Ho,Robusta / ca phe nhan xo noi dia,91275,91275.0,4,observed,21.586,78.429,0.5,0.288,Dat do bazan,5,medium,4,Nong Nghiep Moi Truong
2026-03-16,2026-03-22,Dak Lak,Cu M'gar,Robusta / ca phe nhan xo noi dia,91667,91666.66666666667,3,observed,24.4,66.571,1.4,0.265,Dat do bazan,5,high,3,Nong Nghiep Moi Truong
2026-03-16,2026-03-22,Dak Lak,Ea H'leo,Robusta / ca phe nhan xo noi dia,91275,91275.0,4,observed,23.257,67.714,0.4,0.221,Dat do bazan,5,medium,4,Nong Nghiep Moi Truong
2026-03-16,2026-03-22,Dak Nong,Dak R'lap,Robusta / ca phe nhan xo noi dia,91500,91500.0,4,observed,24.629,66.714,2.1,0.283,Dat do bazan,4,low,4,Nong Nghiep Moi Truong
2026-03-16,2026-03-22,Dak Nong,Gia Nghia,Robusta / ca phe nhan xo noi dia,91900,91900.0,3,observed,24.043,66.714,1.2,0.238,Dat do bazan,4,low,3,Nong Nghiep Moi Truong
2026-03-16,2026-03-22,Gia Lai,Chu Prong,Robusta / ca phe nhan xo noi dia,91667,91666.66666666667,3,observed,25.157,61.143,1.8,0.232,Dat do bazan,4,low,3,Nong Nghiep Moi Truong
2026-03-16,2026-03-22,Gia Lai,Ia Grai,Robusta / ca phe nhan xo noi dia,91275,91275.0,4,observed,25.943,62.286,0.6,0.238,Dat do bazan,4,low,4,Nong Nghiep Moi Truong
2026-03-16,2026-03-22,Gia Lai,Pleiku,Robusta / ca phe nhan xo noi dia,91275,91275.0,4,observed,22.571,68.857,1.9,0.226,Dat do bazan,4,low,4,Nong Nghiep Moi Truong
2026-03-16,2026-03-22,Kon Tum,Kon Tum,Robusta / ca phe nhan xo noi dia,91567,91566.66666666667,3,observed,24.4,63.0,1.3,0.237,Dat do vang / dat bazan cuc bo,3,low,3,Nong Nghiep Moi Truong
2026-03-16,2026-03-22,Lam Dong,Bao Loc,Robusta / ca phe nhan xo noi dia,90525,90525.0,4,observed,21.286,77.714,4.3,0.352,Dat do vang tren bazan,4,low,4,Nong Nghiep Moi Truong
2026-03-16,2026-03-22,Lam Dong,Di Linh,Robusta / ca phe nhan xo noi dia,90800,90800.0,3,observed,20.929,76.714,5.7,0.413,Dat do vang tren bazan,4,medium,3,Nong Nghiep Moi Truong
2026-03-16,2026-03-22,Lam Dong,Lam Ha,Robusta / ca phe nhan xo noi dia,90525,90525.0,4,observed,21.0,74.571,3.8,0.417,Dat do vang tren bazan,4,low,4,Nong Nghiep Moi Truong
2026-03-23,2026-03-29,Dak Lak,Buon Ho,Robusta / ca phe nhan xo noi dia,91275,,0,interpolated_area,23.314,70.571,0.0,0.249,Dat do bazan,5,medium,0,
2026-03-23,2026-03-29,Dak Lak,Cu M'gar,Robusta / ca phe nhan xo noi dia,91667,,0,interpolated_area,25.943,61.857,0.0,0.252,Dat do bazan,5,high,0,
2026-03-23,2026-03-29,Dak Lak,Ea H'leo,Robusta / ca phe nhan xo noi dia,91275,,0,interpolated_area,24.857,61.0,0.0,0.211,Dat do bazan,5,medium,0,
2026-03-23,2026-03-29,Dak Nong,Dak R'lap,Robusta / ca phe nhan xo noi dia,91500,,0,interpolated_area,25.4,64.714,0.1,0.265,Dat do bazan,4,low,0,
2026-03-23,2026-03-29,Dak Nong,Gia Nghia,Robusta / ca phe nhan xo noi dia,91900,,0,interpolated_area,25.157,63.714,0.2,0.209,Dat do bazan,4,low,0,
2026-03-23,2026-03-29,Gia Lai,Chu Prong,Robusta / ca phe nhan xo noi dia,91667,,0,interpolated_area,27.114,52.143,0.0,0.2,Dat do bazan,4,low,0,
2026-03-23,2026-03-29,Gia Lai,Ia Grai,Robusta / ca phe nhan xo noi dia,91275,,0,interpolated_area,27.543,55.0,0.0,0.219,Dat do bazan,4,low,0,
2026-03-23,2026-03-29,Gia Lai,Pleiku,Robusta / ca phe nhan xo noi dia,91275,,0,interpolated_area,24.743,56.714,0.0,0.191,Dat do bazan,4,low,0,
2026-03-23,2026-03-29,Kon Tum,Kon Tum,Robusta / ca phe nhan xo noi dia,89478,,0,interpolated_area,26.0,56.429,0.0,0.199,Dat do vang / dat bazan cuc bo,3,low,0,
2026-03-23,2026-03-29,Lam Dong,Bao Loc,Robusta / ca phe nhan xo noi dia,90525,,0,interpolated_area,22.157,74.286,0.0,0.273,Dat do vang tren bazan,4,low,0,
2026-03-23,2026-03-29,Lam Dong,Di Linh,Robusta / ca phe nhan xo noi dia,90800,,0,interpolated_area,21.857,71.0,0.0,0.341,Dat do vang tren bazan,4,medium,0,
2026-03-23,2026-03-29,Lam Dong,Lam Ha,Robusta / ca phe nhan xo noi dia,90525,,0,interpolated_area,21.629,69.714,0.0,0.332,Dat do vang tren bazan,4,low,0,
2026-03-30,2026-04-05,Dak Lak,Buon Ho,Robusta / ca phe nhan xo noi dia,91275,,0,interpolated_area,25.814,56.857,0.2,0.221,Dat do bazan,5,medium,0,
2026-03-30,2026-04-05,Dak Lak,Cu M'gar,Robusta / ca phe nhan xo noi dia,91667,,0,interpolated_area,28.171,50.714,0.1,0.235,Dat do bazan,5,high,0,
2026-03-30,2026-04-05,Dak Lak,Ea H'leo,Robusta / ca phe nhan xo noi dia,91275,,0,interpolated_area,27.429,47.571,0.0,0.205,Dat do bazan,5,medium,0,
2026-03-30,2026-04-05,Dak Nong,Dak R'lap,Robusta / ca phe nhan xo noi dia,91500,,0,interpolated_area,25.986,65.143,1.0,0.269,Dat do bazan,4,low,0,
2026-03-30,2026-04-05,Dak Nong,Gia Nghia,Robusta / ca phe nhan xo noi dia,91900,,0,interpolated_area,25.914,63.571,0.4,0.201,Dat do bazan,4,low,0,
2026-03-30,2026-04-05,Gia Lai,Chu Prong,Robusta / ca phe nhan xo noi dia,91667,,0,interpolated_area,28.786,46.286,0.0,0.2,Dat do bazan,4,low,0,
2026-03-30,2026-04-05,Gia Lai,Ia Grai,Robusta / ca phe nhan xo noi dia,91275,,0,interpolated_area,29.314,47.714,0.0,0.209,Dat do bazan,4,low,0,
2026-03-30,2026-04-05,Gia Lai,Pleiku,Robusta / ca phe nhan xo noi dia,91275,,0,interpolated_area,26.643,49.143,0.0,0.187,Dat do bazan,4,low,0,
2026-03-30,2026-04-05,Kon Tum,Kon Tum,Robusta / ca phe nhan xo noi dia,87389,,0,interpolated_area,27.843,50.143,0.0,0.17,Dat do vang / dat bazan cuc bo,3,low,0,
2026-03-30,2026-04-05,Lam Dong,Bao Loc,Robusta / ca phe nhan xo noi dia,90525,,0,interpolated_area,23.329,69.857,0.1,0.246,Dat do vang tren bazan,4,low,0,
2026-03-30,2026-04-05,Lam Dong,Di Linh,Robusta / ca phe nhan xo noi dia,90800,,0,interpolated_area,22.371,69.143,0.7,0.298,Dat do vang tren bazan,4,medium,0,
2026-03-30,2026-04-05,Lam Dong,Lam Ha,Robusta / ca phe nhan xo noi dia,90525,,0,interpolated_area,23.014,67.0,0.1,0.291,Dat do vang tren bazan,4,low,0,
2026-04-06,2026-04-12,Dak Lak,Buon Ho,Robusta / ca phe nhan xo noi dia,91275,,0,interpolated_area,27.7,55.857,0.2,0.238,Dat do bazan,5,medium,0,
2026-04-06,2026-04-12,Dak Lak,Cu M'gar,Robusta / ca phe nhan xo noi dia,91667,,0,interpolated_area,29.614,51.143,0.0,0.237,Dat do bazan,5,high,0,
2026-04-06,2026-04-12,Dak Lak,Ea H'leo,Robusta / ca phe nhan xo noi dia,91275,,0,interpolated_area,29.371,46.0,0.1,0.204,Dat do bazan,5,medium,0,
2026-04-06,2026-04-12,Dak Nong,Dak R'lap,Robusta / ca phe nhan xo noi dia,91500,,0,interpolated_area,26.329,67.714,0.9,0.263,Dat do bazan,4,low,0,
2026-04-06,2026-04-12,Dak Nong,Gia Nghia,Robusta / ca phe nhan xo noi dia,91900,,0,interpolated_area,26.186,66.571,0.0,0.21,Dat do bazan,4,low,0,
2026-04-06,2026-04-12,Gia Lai,Chu Prong,Robusta / ca phe nhan xo noi dia,91667,,0,interpolated_area,29.714,46.429,0.1,0.206,Dat do bazan,4,low,0,
2026-04-06,2026-04-12,Gia Lai,Ia Grai,Robusta / ca phe nhan xo noi dia,91275,,0,interpolated_area,30.114,48.286,0.1,0.212,Dat do bazan,4,low,0,
2026-04-06,2026-04-12,Gia Lai,Pleiku,Robusta / ca phe nhan xo noi dia,91275,,0,interpolated_area,27.614,49.286,0.1,0.191,Dat do bazan,4,low,0,
2026-04-06,2026-04-12,Kon Tum,Kon Tum,Robusta / ca phe nhan xo noi dia,85300,85300.0,1,observed,28.943,48.857,0.2,0.175,Dat do vang / dat bazan cuc bo,3,low,1,Nong Nghiep Moi Truong
2026-04-06,2026-04-12,Lam Dong,Bao Loc,Robusta / ca phe nhan xo noi dia,90525,,0,interpolated_area,24.343,73.0,3.0,0.258,Dat do vang tren bazan,4,low,0,
2026-04-06,2026-04-12,Lam Dong,Di Linh,Robusta / ca phe nhan xo noi dia,90800,,0,interpolated_area,23.457,74.571,2.9,0.296,Dat do vang tren bazan,4,medium,0,
2026-04-06,2026-04-12,Lam Dong,Lam Ha,Robusta / ca phe nhan xo noi dia,90525,,0,interpolated_area,24.014,73.714,2.0,0.315,Dat do vang tren bazan,4,low,0,
2026-04-13,2026-04-19,Dak Lak,Buon Ho,Robusta / ca phe nhan xo noi dia,91275,,0,interpolated_area,26.229,69.143,2.6,0.271,Dat do bazan,5,medium,0,
2026-04-13,2026-04-19,Dak Lak,Cu M'gar,Robusta / ca phe nhan xo noi dia,91667,,0,interpolated_area,28.457,62.429,4.4,0.263,Dat do bazan,5,high,0,
2026-04-13,2026-04-19,Dak Lak,Ea H'leo,Robusta / ca phe nhan xo noi dia,91275,,0,interpolated_area,27.371,64.714,2.8,0.26,Dat do bazan,5,medium,0,
2026-04-13,2026-04-19,Dak Nong,Dak R'lap,Robusta / ca phe nhan xo noi dia,91500,,0,interpolated_area,25.643,77.429,7.4,0.296,Dat do bazan,4,low,0,
2026-04-13,2026-04-19,Dak Nong,Gia Nghia,Robusta / ca phe nhan xo noi dia,91900,,0,interpolated_area,25.371,78.286,7.7,0.292,Dat do bazan,4,low,0,
2026-04-13,2026-04-19,Gia Lai,Chu Prong,Robusta / ca phe nhan xo noi dia,91667,,0,interpolated_area,28.086,64.571,3.8,0.223,Dat do bazan,4,low,0,
2026-04-13,2026-04-19,Gia Lai,Ia Grai,Robusta / ca phe nhan xo noi dia,91275,,0,interpolated_area,28.314,67.714,3.9,0.23,Dat do bazan,4,low,0,
2026-04-13,2026-04-19,Gia Lai,Pleiku,Robusta / ca phe nhan xo noi dia,91275,,0,interpolated_area,25.657,70.286,12.6,0.254,Dat do bazan,4,low,0,
2026-04-13,2026-04-19,Kon Tum,Kon Tum,Robusta / ca phe nhan xo noi dia,85300,85300.0,1,observed,26.614,70.714,24.7,0.295,Dat do vang / dat bazan cuc bo,3,low,1,Nong Nghiep Moi Truong
2026-04-13,2026-04-19,Lam Dong,Bao Loc,Robusta / ca phe nhan xo noi dia,90525,,0,interpolated_area,23.629,78.857,7.5,0.31,Dat do vang tren bazan,4,low,0,
2026-04-13,2026-04-19,Lam Dong,Di Linh,Robusta / ca phe nhan xo noi dia,90800,,0,interpolated_area,22.814,80.429,11.6,0.343,Dat do vang tren bazan,4,medium,0,
2026-04-13,2026-04-19,Lam Dong,Lam Ha,Robusta / ca phe nhan xo noi dia,90525,,0,interpolated_area,23.457,77.286,3.5,0.366,Dat do vang tren bazan,4,low,0,
2026-04-20,2026-04-26,Dak Lak,Buon Ho,Robusta / ca phe nhan xo noi dia,91275,,0,interpolated_area,25.5,68.0,1.2,0.265,Dat do bazan,5,medium,0,
2026-04-20,2026-04-26,Dak Lak,Cu M'gar,Robusta / ca phe nhan xo noi dia,91667,,0,interpolated_area,27.671,62.429,1.5,0.271,Dat do bazan,5,high,0,
2026-04-20,2026-04-26,Dak Lak,Ea H'leo,Robusta / ca phe nhan xo noi dia,91275,,0,interpolated_area,26.8,61.571,1.5,0.214,Dat do bazan,5,medium,0,
2026-04-20,2026-04-26,Dak Nong,Dak R'lap,Robusta / ca phe nhan xo noi dia,91500,,0,interpolated_area,25.414,75.143,19.0,0.298,Dat do bazan,4,low,0,
2026-04-20,2026-04-26,Dak Nong,Gia Nghia,Robusta / ca phe nhan xo noi dia,91900,,0,interpolated_area,25.029,77.286,6.7,0.291,Dat do bazan,4,low,0,
2026-04-20,2026-04-26,Gia Lai,Chu Prong,Robusta / ca phe nhan xo noi dia,91667,,0,interpolated_area,27.471,61.429,2.2,0.224,Dat do bazan,4,low,0,
2026-04-20,2026-04-26,Gia Lai,Ia Grai,Robusta / ca phe nhan xo noi dia,91275,,0,interpolated_area,27.943,64.571,15.2,0.23,Dat do bazan,4,low,0,
2026-04-20,2026-04-26,Gia Lai,Pleiku,Robusta / ca phe nhan xo noi dia,91275,,0,interpolated_area,24.914,68.571,10.3,0.236,Dat do bazan,4,low,0,
2026-04-20,2026-04-26,Kon Tum,Kon Tum,Robusta / ca phe nhan xo noi dia,85300,,0,interpolated_area,26.086,69.857,5.8,0.311,Dat do vang / dat bazan cuc bo,3,low,0,
2026-04-20,2026-04-26,Lam Dong,Bao Loc,Robusta / ca phe nhan xo noi dia,90525,,0,interpolated_area,23.557,75.714,5.6,0.286,Dat do vang tren bazan,4,low,0,
2026-04-20,2026-04-26,Lam Dong,Di Linh,Robusta / ca phe nhan xo noi dia,90800,,0,interpolated_area,22.657,78.0,5.7,0.317,Dat do vang tren bazan,4,medium,0,
2026-04-20,2026-04-26,Lam Dong,Lam Ha,Robusta / ca phe nhan xo noi dia,90525,,0,interpolated_area,23.243,75.286,12.4,0.347,Dat do vang tren bazan,4,low,0,
2026-04-27,2026-04-30,Dak Lak,Buon Ho,Robusta / ca phe nhan xo noi dia,91275,,0,interpolated_area,24.875,79.25,29.6,0.318,Dat do bazan,5,medium,0,
2026-04-27,2026-04-30,Dak Lak,Cu M'gar,Robusta / ca phe nhan xo noi dia,91667,,0,interpolated_area,26.975,72.75,5.5,0.307,Dat do bazan,5,high,0,
2026-04-27,2026-04-30,Dak Lak,Ea H'leo,Robusta / ca phe nhan xo noi dia,91275,,0,interpolated_area,26.225,73.0,13.2,0.258,Dat do bazan,5,medium,0,
2026-04-27,2026-04-30,Dak Nong,Dak R'lap,Robusta / ca phe nhan xo noi dia,91500,,0,interpolated_area,25.2,80.5,24.1,0.369,Dat do bazan,4,low,0,
2026-04-27,2026-04-30,Dak Nong,Gia Nghia,Robusta / ca phe nhan xo noi dia,91900,,0,interpolated_area,24.7,81.25,17.5,0.38,Dat do bazan,4,low,0,
2026-04-27,2026-04-30,Gia Lai,Chu Prong,Robusta / ca phe nhan xo noi dia,91667,,0,interpolated_area,27.05,69.75,7.4,0.278,Dat do bazan,4,low,0,
2026-04-27,2026-04-30,Gia Lai,Ia Grai,Robusta / ca phe nhan xo noi dia,91275,,0,interpolated_area,27.65,72.25,12.5,0.287,Dat do bazan,4,low,0,
2026-04-27,2026-04-30,Gia Lai,Pleiku,Robusta / ca phe nhan xo noi dia,91275,,0,interpolated_area,24.625,75.75,4.7,0.249,Dat do bazan,4,low,0,
2026-04-27,2026-04-30,Kon Tum,Kon Tum,Robusta / ca phe nhan xo noi dia,85300,,0,interpolated_area,26.125,71.25,3.3,0.253,Dat do vang / dat bazan cuc bo,3,low,0,
2026-04-27,2026-04-30,Lam Dong,Bao Loc,Robusta / ca phe nhan xo noi dia,90525,,0,interpolated_area,23.55,80.75,18.9,0.299,Dat do vang tren bazan,4,low,0,
2026-04-27,2026-04-30,Lam Dong,Di Linh,Robusta / ca phe nhan xo noi dia,90800,,0,interpolated_area,22.7,82.25,20.0,0.383,Dat do vang tren bazan,4,medium,0,
2026-04-27,2026-04-30,Lam Dong,Lam Ha,Robusta / ca phe nhan xo noi dia,90525,,0,interpolated_area,23.2,78.0,22.5,0.399,Dat do vang tren bazan,4,low,0,
