period_start,period_end,province,area,coffee_type,avg_price_vnd_per_kg,observed_price_vnd_per_kg,price_observations,price_fill_method,avg_temperature_c,avg_humidity_percent,total_rainfall_mm,avg_soil_moisture_0_7cm,dominant_soil_type,soil_score,soil_data_confidence
2022-01-01,2022-01-02,Dak Lak,Buon Ho,Robusta / ca phe nhan xo noi dia,40850,,0,interpolated_area,19.75,85.5,1.0,0.324,Dat do bazan,5,medium
2022-01-01,2022-01-02,Dak Lak,Cu M'gar,Robusta / ca phe nhan xo noi dia,40850,,0,interpolated_area,22.05,75.0,0.0,0.258,Dat do bazan,5,high
2022-01-01,2022-01-02,Dak Lak,Ea H'leo,Robusta / ca phe nhan xo noi dia,40850,,0,interpolated_area,20.1,83.5,1.1,0.396,Dat do bazan,5,medium
2022-01-01,2022-01-02,Dak Nong,Dak R'lap,Robusta / ca phe nhan xo noi dia,40100,,0,interpolated_area,22.05,72.0,0.0,0.348,Dat do bazan,4,low
2022-01-01,2022-01-02,Dak Nong,Gia Nghia,Robusta / ca phe nhan xo noi dia,40100,,0,interpolated_area,21.4,75.5,0.0,0.316,Dat do bazan,4,low
2022-01-01,2022-01-02,Gia Lai,Chu Prong,Robusta / ca phe nhan xo noi dia,40800,,0,interpolated_area,22.85,65.5,0.0,0.222,Dat do bazan,4,low
2022-01-01,2022-01-02,Gia Lai,Ia Grai,Robusta / ca phe nhan xo noi dia,40800,,0,interpolated_area,24.05,62.5,0.0,0.312,Dat do bazan,4,low
2022-01-01,2022-01-02,Gia Lai,Pleiku,Robusta / ca phe nhan xo noi dia,40800,,0,interpolated_area,20.25,72.5,0.0,0.289,Dat do bazan,4,low
2022-01-01,2022-01-02,Kon Tum,Kon Tum,Robusta / ca phe nhan xo noi dia,40800,,0,interpolated_area,21.3,71.5,0.0,0.292,Dat do vang / dat bazan cuc bo,3,low
2022-01-01,2022-01-02,Lam Dong,Bao Loc,Robusta / ca phe nhan xo noi dia,40100,,0,interpolated_area,20.25,80.0,0.6,0.306,Dat do vang tren bazan,4,low
2022-01-01,2022-01-02,Lam Dong,Di Linh,Robusta / ca phe nhan xo noi dia,40100,,0,interpolated_area,20.05,72.0,0.0,0.29,Dat do vang tren bazan,4,medium
2022-01-01,2022-01-02,Lam Dong,Lam Ha,Robusta / ca phe nhan xo noi dia,40100,,0,interpolated_area,20.45,73.5,0.0,0.287,Dat do vang tren bazan,4,low
2022-01-03,2022-01-09,Dak Lak,Buon Ho,Robusta / ca phe nhan xo noi dia,40850,40850.0,2,observed,20.143,86.571,2.3,0.294,Dat do bazan,5,medium
2022-01-03,2022-01-09,Dak Lak,Cu M'gar,Robusta / ca phe nhan xo noi dia,40850,,0,province_proxy,22.529,76.143,1.0,0.238,Dat do bazan,5,high
2022-01-03,2022-01-09,Dak Lak,Ea H'leo,Robusta / ca phe nhan xo noi dia,40850,40850.0,2,observed,20.857,82.429,2.3,0.359,Dat do bazan,5,medium
2022-01-03,2022-01-09,Dak Nong,Dak R'lap,Robusta / ca phe nhan xo noi dia,40100,,0,interpolated_area,22.143,75.857,6.1,0.371,Dat do bazan,4,low
2022-01-03,2022-01-09,Dak Nong,Gia Nghia,Robusta / ca phe nhan xo noi dia,40100,,0,interpolated_area,21.7,76.857,6.3,0.308,Dat do bazan,4,low
2022-01-03,2022-01-09,Gia Lai,Chu Prong,Robusta / ca phe nhan xo noi dia,40800,,0,province_proxy,23.643,65.571,6.5,0.216,Dat do bazan,4,low
2022-01-03,2022-01-09,Gia Lai,Ia Grai,Robusta / ca phe nhan xo noi dia,40800,40800.0,2,observed,24.757,62.571,2.9,0.29,Dat do bazan,4,low
2022-01-03,2022-01-09,Gia Lai,Pleiku,Robusta / ca phe nhan xo noi dia,40800,40800.0,2,observed,20.929,72.857,4.4,0.285,Dat do bazan,4,low
2022-01-03,2022-01-09,Kon Tum,Kon Tum,Robusta / ca phe nhan xo noi dia,40800,40800.0,2,observed,21.729,71.714,0.8,0.272,Dat do vang / dat bazan cuc bo,3,low
2022-01-03,2022-01-09,Lam Dong,Bao Loc,Robusta / ca phe nhan xo noi dia,40100,40100.0,2,observed,20.214,82.571,23.0,0.343,Dat do vang tren bazan,4,low
2022-01-03,2022-01-09,Lam Dong,Di Linh,Robusta / ca phe nhan xo noi dia,40100,40100.0,2,observed,20.157,80.0,23.2,0.388,Dat do vang tren bazan,4,medium
2022-01-03,2022-01-09,Lam Dong,Lam Ha,Robusta / ca phe nhan xo noi dia,40100,40100.0,2,observed,19.786,80.143,17.0,0.366,Dat do vang tren bazan,4,low
2022-01-10,2022-01-16,Dak Lak,Buon Ho,Robusta / ca phe nhan xo noi dia,40567,,0,interpolated_area,19.514,83.143,0.4,0.245,Dat do bazan,5,medium
2022-01-10,2022-01-16,Dak Lak,Cu M'gar,Robusta / ca phe nhan xo noi dia,40567,,0,interpolated_area,21.971,72.857,0.0,0.221,Dat do bazan,5,high
2022-01-10,2022-01-16,Dak Lak,Ea H'leo,Robusta / ca phe nhan xo noi dia,40567,,0,interpolated_area,20.257,79.286,0.1,0.317,Dat do bazan,5,medium
2022-01-10,2022-01-16,Dak Nong,Dak R'lap,Robusta / ca phe nhan xo noi dia,40100,,0,interpolated_area,21.514,69.571,0.0,0.329,Dat do bazan,4,low
2022-01-10,2022-01-16,Dak Nong,Gia Nghia,Robusta / ca phe nhan xo noi dia,40100,,0,interpolated_area,21.043,71.143,0.0,0.267,Dat do bazan,4,low
2022-01-10,2022-01-16,Gia Lai,Chu Prong,Robusta / ca phe nhan xo noi dia,40500,,0,interpolated_area,22.843,66.286,0.0,0.2,Dat do bazan,4,low
2022-01-10,2022-01-16,Gia Lai,Ia Grai,Robusta / ca phe nhan xo noi dia,40500,,0,interpolated_area,24.057,62.714,0.0,0.266,Dat do bazan,4,low
2022-01-10,2022-01-16,Gia Lai,Pleiku,Robusta / ca phe nhan xo noi dia,40500,,0,interpolated_area,19.957,74.571,0.0,0.28,Dat do bazan,4,low
2022-01-10,2022-01-16,Kon Tum,Kon Tum,Robusta / ca phe nhan xo noi dia,40500,,0,interpolated_area,21.3,70.429,0.0,0.259,Dat do vang / dat bazan cuc bo,3,low
2022-01-10,2022-01-16,Lam Dong,Bao Loc,Robusta / ca phe nhan xo noi dia,39833,,0,interpolated_area,19.6,75.143,0.0,0.289,Dat do vang tren bazan,4,low
2022-01-10,2022-01-16,Lam Dong,Di Linh,Robusta / ca phe nhan xo noi dia,39833,,0,interpolated_area,19.414,70.429,0.1,0.314,Dat do vang tren bazan,4,medium
2022-01-10,2022-01-16,Lam Dong,Lam Ha,Robusta / ca phe nhan xo noi dia,39833,,0,interpolated_area,18.743,74.0,0.0,0.308,Dat do vang tren bazan,4,low
2022-01-17,2022-01-23,Dak Lak,Buon Ho,Robusta / ca phe nhan xo noi dia,40283,,0,interpolated_area,20.171,81.857,0.6,0.212,Dat do bazan,5,medium
2022-01-17,2022-01-23,Dak Lak,Cu M'gar,Robusta / ca phe nhan xo noi dia,40283,,0,interpolated_area,22.657,71.857,0.2,0.218,Dat do bazan,5,high
2022-01-17,2022-01-23,Dak Lak,Ea H'leo,Robusta / ca phe nhan xo noi dia,40283,,0,interpolated_area,20.914,77.714,1.0,0.281,Dat do bazan,5,medium
2022-01-17,2022-01-23,Dak Nong,Dak R'lap,Robusta / ca phe nhan xo noi dia,40100,,0,interpolated_area,22.357,69.857,0.2,0.301,Dat do bazan,4,low
2022-01-17,2022-01-23,Dak Nong,Gia Nghia,Robusta / ca phe nhan xo noi dia,40100,,0,interpolated_area,21.929,70.571,0.5,0.24,Dat do bazan,4,low
2022-01-17,2022-01-23,Gia Lai,Chu Prong,Robusta / ca phe nhan xo noi dia,40200,,0,interpolated_area,23.557,62.571,0.0,0.196,Dat do bazan,4,low
2022-01-17,2022-01-23,Gia Lai,Ia Grai,Robusta / ca phe nhan xo noi dia,40200,,0,interpolated_area,24.543,60.714,0.3,0.262,Dat do bazan,4,low
2022-01-17,2022-01-23,Gia Lai,Pleiku,Robusta / ca phe nhan xo noi dia,40200,,0,interpolated_area,20.7,71.143,0.4,0.276,Dat do bazan,4,low
2022-01-17,2022-01-23,Kon Tum,Kon Tum,Robusta / ca phe nhan xo noi dia,40200,,0,interpolated_area,21.671,69.429,0.2,0.249,Dat do vang / dat bazan cuc bo,3,low
2022-01-17,2022-01-23,Lam Dong,Bao Loc,Robusta / ca phe nhan xo noi dia,39567,,0,interpolated_area,20.329,76.0,0.6,0.268,Dat do vang tren bazan,4,low
2022-01-17,2022-01-23,Lam Dong,Di Linh,Robusta / ca phe nhan xo noi dia,39567,,0,interpolated_area,20.171,74.286,2.0,0.255,Dat do vang tren bazan,4,medium
2022-01-17,2022-01-23,Lam Dong,Lam Ha,Robusta / ca phe nhan xo noi dia,39567,,0,interpolated_area,19.943,73.143,0.0,0.278,Dat do vang tren bazan,4,low
2022-01-24,2022-01-30,Dak Lak,Buon Ho,Robusta / ca phe nhan xo noi dia,40000,40000.0,1,observed,21.743,80.714,4.9,0.2,Dat do bazan,5,medium
2022-01-24,2022-01-30,Dak Lak,Cu M'gar,Robusta / ca phe nhan xo noi dia,40000,,0,province_proxy,24.271,70.429,1.9,0.223,Dat do bazan,5,high
2022-01-24,2022-01-30,Dak Lak,Ea H'leo,Robusta / ca phe nhan xo noi dia,40000,40000.0,1,observed,22.414,75.143,4.1,0.269,Dat do bazan,5,medium
2022-01-24,2022-01-30,Dak Nong,Dak R'lap,Robusta / ca phe nhan xo noi dia,40100,,0,interpolated_area,23.129,69.857,2.0,0.296,Dat do bazan,4,low
2022-01-24,2022-01-30,Dak Nong,Gia Nghia,Robusta / ca phe nhan xo noi dia,40100,,0,interpolated_area,22.886,69.286,1.2,0.242,Dat do bazan,4,low
2022-01-24,2022-01-30,Gia Lai,Chu Prong,Robusta / ca phe nhan xo noi dia,39900,,0,province_proxy,25.071,62.143,1.7,0.202,Dat do bazan,4,low
2022-01-24,2022-01-30,Gia Lai,Ia Grai,Robusta / ca phe nhan xo noi dia,39900,39900.0,1,observed,25.857,60.0,2.7,0.266,Dat do bazan,4,low
2022-01-24,2022-01-30,Gia Lai,Pleiku,Robusta / ca phe nhan xo noi dia,39900,39900.0,1,observed,22.1,70.143,2.9,0.28,Dat do bazan,4,low
2022-01-24,2022-01-30,Kon Tum,Kon Tum,Robusta / ca phe nhan xo noi dia,39900,39900.0,1,observed,22.6,71.0,1.3,0.256,Dat do vang / dat bazan cuc bo,3,low
2022-01-24,2022-01-30,Lam Dong,Bao Loc,Robusta / ca phe nhan xo noi dia,39300,39300.0,1,observed,21.343,74.143,1.4,0.267,Dat do vang tren bazan,4,low
2022-01-24,2022-01-30,Lam Dong,Di Linh,Robusta / ca phe nhan xo noi dia,39300,39300.0,1,observed,21.214,71.857,3.2,0.243,Dat do vang tren bazan,4,medium
2022-01-24,2022-01-30,Lam Dong,Lam Ha,Robusta / ca phe nhan xo noi dia,39300,39300.0,1,observed,20.6,73.286,2.2,0.286,Dat do vang tren bazan,4,low
2022-01-31,2022-02-06,Dak Lak,Buon Ho,Robusta / ca phe nhan xo noi dia,40500,,0,interpolated_area,20.971,82.714,1.2,0.188,Dat do bazan,5,medium
2022-01-31,2022-02-06,Dak Lak,Cu M'gar,Robusta / ca phe nhan xo noi dia,40500,,0,interpolated_area,23.543,72.429,0.4,0.226,Dat do bazan,5,high
2022-01-31,2022-02-06,Dak Lak,Ea H'leo,Robusta / ca phe nhan xo noi dia,40500,,0,interpolated_area,21.686,79.286,4.2,0.264,Dat do bazan,5,medium
2022-01-31,2022-02-06,Dak Nong,Dak R'lap,Robusta / ca phe nhan xo noi dia,40100,,0,interpolated_area,23.657,70.571,2.6,0.304,Dat do bazan,4,low
2022-01-31,2022-02-06,Dak Nong,Gia Nghia,Robusta / ca phe nhan xo noi dia,40100,,0,interpolated_area,23.329,70.714,0.8,0.229,Dat do bazan,4,low
2022-01-31,2022-02-06,Gia Lai,Chu Prong,Robusta / ca phe nhan xo noi dia,40400,,0,interpolated_area,24.471,64.429,0.2,0.204,Dat do bazan,4,low
2022-01-31,2022-02-06,Gia Lai,Ia Grai,Robusta / ca phe nhan xo noi dia,40400,,0,interpolated_area,25.529,62.286,2.7,0.275,Dat do bazan,4,low
2022-01-31,2022-02-06,Gia Lai,Pleiku,Robusta / ca phe nhan xo noi dia,40400,,0,interpolated_area,21.543,73.571,2.0,0.276,Dat do bazan,4,low
2022-01-31,2022-02-06,Kon Tum,Kon Tum,Robusta / ca phe nhan xo noi dia,40450,,0,interpolated_area,22.686,70.429,2.4,0.268,Dat do vang / dat bazan cuc bo,3,low
2022-01-31,2022-02-06,Lam Dong,Bao Loc,Robusta / ca phe nhan xo noi dia,39900,,0,interpolated_area,22.071,71.857,4.2,0.262,Dat do vang tren bazan,4,low
2022-01-31,2022-02-06,Lam Dong,Di Linh,Robusta / ca phe nhan xo noi dia,39900,,0,interpolated_area,21.671,69.143,2.0,0.232,Dat do vang tren bazan,4,medium
2022-01-31,2022-02-06,Lam Dong,Lam Ha,Robusta / ca phe nhan xo noi dia,39900,,0,interpolated_area,21.729,70.143,0.5,0.283,Dat do vang tren bazan,4,low
2022-02-07,2022-02-13,Dak Lak,Buon Ho,Robusta / ca phe nhan xo noi dia,41000,41000.0,2,observed,21.829,84.857,2.4,0.196,Dat do bazan,5,medium
2022-02-07,2022-02-13,Dak Lak,Cu M'gar,Robusta / ca phe nhan xo noi dia,41000,,0,province_proxy,24.314,75.0,5.4,0.228,Dat do bazan,5,high
2022-02-07,2022-02-13,Dak Lak,Ea H'leo,Robusta / ca phe nhan xo noi dia,41000,41000.0,2,observed,22.7,80.0,6.8,0.264,Dat do bazan,5,medium
2022-02-07,2022-02-13,Dak Nong,Dak R'lap,Robusta / ca phe nhan xo noi dia,40100,,0,interpolated_area,23.843,75.0,4.7,0.338,Dat do bazan,4,low
2022-02-07,2022-02-13,Dak Nong,Gia Nghia,Robusta / ca phe nhan xo noi dia,40100,,0,interpolated_area,23.643,74.429,8.1,0.246,Dat do bazan,4,low
2022-02-07,2022-02-13,Gia Lai,Chu Prong,Robusta / ca phe nhan xo noi dia,40900,,0,province_proxy,25.343,66.143,6.3,0.203,Dat do bazan,4,low
2022-02-07,2022-02-13,Gia Lai,Ia Grai,Robusta / ca phe nhan xo noi dia,40900,40900.0,2,observed,26.586,62.286,1.2,0.26,Dat do bazan,4,low
2022-02-07,2022-02-13,Gia Lai,Pleiku,Robusta / ca phe nhan xo noi dia,40900,40900.0,2,observed,22.5,74.571,5.0,0.266,Dat do bazan,4,low
2022-02-07,2022-02-13,Kon Tum,Kon Tum,Robusta / ca phe nhan xo noi dia,41000,41000.0,2,observed,23.957,69.571,2.1,0.255,Dat do vang / dat bazan cuc bo,3,low
2022-02-07,2022-02-13,Lam Dong,Bao Loc,Robusta / ca phe nhan xo noi dia,40500,40500.0,2,observed,22.114,75.0,7.7,0.307,Dat do vang tren bazan,4,low
2022-02-07,2022-02-13,Lam Dong,Di Linh,Robusta / ca phe nhan xo noi dia,40500,40500.0,2,observed,21.629,74.429,16.4,0.327,Dat do vang tren bazan,4,medium
2022-02-07,2022-02-13,Lam Dong,Lam Ha,Robusta / ca phe nhan xo noi dia,40500,40500.0,2,observed,21.829,73.429,10.3,0.338,Dat do vang tren bazan,4,low
2022-02-14,2022-02-20,Dak Lak,Buon Ho,Robusta / ca phe nhan xo noi dia,41300,41300.0,1,observed,22.157,86.143,6.6,0.26,Dat do bazan,5,medium
2022-02-14,2022-02-20,Dak Lak,Cu M'gar,Robusta / ca phe nhan xo noi dia,41300,,0,province_proxy,24.829,74.571,5.2,0.253,Dat do bazan,5,high
2022-02-14,2022-02-20,Dak Lak,Ea H'leo,Robusta / ca phe nhan xo noi dia,41300,41300.0,1,observed,22.943,82.143,12.1,0.319,Dat do bazan,5,medium
2022-02-14,2022-02-20,Dak Nong,Dak R'lap,Robusta / ca phe nhan xo noi dia,40100,,0,interpolated_area,22.857,86.0,38.1,0.432,Dat do bazan,4,low
2022-02-14,2022-02-20,Dak Nong,Gia Nghia,Robusta / ca phe nhan xo noi dia,40100,,0,interpolated_area,22.529,85.286,35.1,0.401,Dat do bazan,4,low
2022-02-14,2022-02-20,Gia Lai,Chu Prong,Robusta / ca phe nhan xo noi dia,41200,,0,province_proxy,25.5,68.857,13.0,0.216,Dat do bazan,4,low
2022-02-14,2022-02-20,Gia Lai,Ia Grai,Robusta / ca phe nhan xo noi dia,41200,41200.0,1,observed,26.271,68.429,15.3,0.273,Dat do bazan,4,low
2022-02-14,2022-02-20,Gia Lai,Pleiku,Robusta / ca phe nhan xo noi dia,41200,41200.0,1,observed,22.614,77.429,22.4,0.294,Dat do bazan,4,low
2022-02-14,2022-02-20,Kon Tum,Kon Tum,Robusta / ca phe nhan xo noi dia,41300,41300.0,1,observed,23.5,76.286,15.9,0.267,Dat do vang / dat bazan cuc bo,3,low
2022-02-14,2022-02-20,Lam Dong,Bao Loc,Robusta / ca phe nhan xo noi dia,40800,40800.0,1,observed,21.414,85.714,25.5,0.422,Dat do vang tren bazan,4,low
2022-02-14,2022-02-20,Lam Dong,Di Linh,Robusta / ca phe nhan xo noi dia,40800,40800.0,1,observed,21.143,84.429,21.8,0.38,Dat do vang tren bazan,4,medium
2022-02-14,2022-02-20,Lam Dong,Lam Ha,Robusta / ca phe nhan xo noi dia,40800,40800.0,1,observed,21.686,80.286,22.6,0.38,Dat do vang tren bazan,4,low
2022-02-21,2022-02-27,Dak Lak,Buon Ho,Robusta / ca phe nhan xo noi dia,41250,41250.0,2,observed,19.614,78.286,0.4,0.196,Dat do bazan,5,medium
2022-02-21,2022-02-27,Dak Lak,Cu M'gar,Robusta / ca phe nhan xo noi dia,41250,,0,province_proxy,22.157,68.857,0.0,0.224,Dat do bazan,5,high
2022-02-21,2022-02-27,Dak Lak,Ea H'leo,Robusta / ca phe nhan xo noi dia,41250,41250.0,2,observed,20.229,75.429,0.5,0.305,Dat do bazan,5,medium
2022-02-21,2022-02-27,Dak Nong,Dak R'lap,Robusta / ca phe nhan xo noi dia,40100,,0,interpolated_area,22.071,75.143,2.3,0.392,Dat do bazan,4,low
2022-02-21,2022-02-27,Dak Nong,Gia Nghia,Robusta / ca phe nhan xo noi dia,40100,,0,interpolated_area,21.543,76.286,2.7,0.349,Dat do bazan,4,low
2022-02-21,2022-02-27,Gia Lai,Chu Prong,Robusta / ca phe nhan xo noi dia,41200,,0,province_proxy,23.657,59.571,0.0,0.216,Dat do bazan,4,low
2022-02-21,2022-02-27,Gia Lai,Ia Grai,Robusta / ca phe nhan xo noi dia,41200,41200.0,2,observed,24.457,59.286,1.3,0.306,Dat do bazan,4,low
2022-02-21,2022-02-27,Gia Lai,Pleiku,Robusta / ca phe nhan xo noi dia,41200,41200.0,2,observed,20.8,67.143,0.8,0.293,Dat do bazan,4,low
2022-02-21,2022-02-27,Kon Tum,Kon Tum,Robusta / ca phe nhan xo noi dia,41250,41250.0,2,observed,21.086,66.286,2.8,0.285,Dat do vang / dat bazan cuc bo,3,low
2022-02-21,2022-02-27,Lam Dong,Bao Loc,Robusta / ca phe nhan xo noi dia,40800,40800.0,2,observed,20.443,83.143,25.8,0.426,Dat do vang tren bazan,4,low
2022-02-21,2022-02-27,Lam Dong,Di Linh,Robusta / ca phe nhan xo noi dia,40800,40800.0,2,observed,20.714,78.286,25.6,0.388,Dat do vang tren bazan,4,medium
2022-02-21,2022-02-27,Lam Dong,Lam Ha,Robusta / ca phe nhan xo noi dia,40800,40800.0,2,observed,21.443,74.0,15.5,0.341,Dat do vang tren bazan,4,low
2022-02-28,2022-03-06,Dak Lak,Buon Ho,Robusta / ca phe nhan xo noi dia,39800,39800.0,1,observed,22.229,80.571,1.4,0.177,Dat do bazan,5,medium
2022-02-28,2022-03-06,Dak Lak,Cu M'gar,Robusta / ca phe nhan xo noi dia,39800,,0,province_proxy,24.914,70.143,0.7,0.217,Dat do bazan,5,high
2022-02-28,2022-03-06,Dak Lak,Ea H'leo,Robusta / ca phe nhan xo noi dia,39800,39800.0,1,observed,23.186,74.857,0.1,0.249,Dat do bazan,5,medium
2022-02-28,2022-03-06,Dak Nong,Dak R'lap,Robusta / ca phe nhan xo noi dia,40100,,0,interpolated_area,24.314,73.0,2.7,0.341,Dat do bazan,4,low
2022-02-28,2022-03-06,Dak Nong,Gia Nghia,Robusta / ca phe nhan xo noi dia,40100,,0,interpolated_area,24.014,72.857,6.8,0.283,Dat do bazan,4,low
2022-02-28,2022-03-06,Gia Lai,Chu Prong,Robusta / ca phe nhan xo noi dia,39700,,0,province_proxy,25.957,60.714,0.0,0.191,Dat do bazan,4,low
2022-02-28,2022-03-06,Gia Lai,Ia Grai,Robusta / ca phe nhan xo noi dia,39700,39700.0,1,observed,27.3,57.286,0.8,0.26,Dat do bazan,4,low
2022-02-28,2022-03-06,Gia Lai,Pleiku,Robusta / ca phe nhan xo noi dia,39700,39700.0,1,observed,23.314,67.857,0.0,0.254,Dat do bazan,4,low
2022-02-28,2022-03-06,Kon Tum,Kon Tum,Robusta / ca phe nhan xo noi dia,39800,39800.0,1,observed,24.514,65.714,0.0,0.246,Dat do vang / dat bazan cuc bo,3,low
2022-02-28,2022-03-06,Lam Dong,Bao Loc,Robusta / ca phe nhan xo noi dia,39300,39300.0,1,observed,22.171,77.0,5.6,0.325,Dat do vang tren bazan,4,low
2022-02-28,2022-03-06,Lam Dong,Di Linh,Robusta / ca phe nhan xo noi dia,39300,39300.0,1,observed,22.371,71.286,7.8,0.301,Dat do vang tren bazan,4,medium
2022-02-28,2022-03-06,Lam Dong,Lam Ha,Robusta / ca phe nhan xo noi dia,39300,39300.0,1,observed,22.643,70.429,3.2,0.286,Dat do vang tren bazan,4,low
2022-03-07,2022-03-13,Dak Lak,Buon Ho,Robusta / ca phe nhan xo noi dia,40300,40300.0,2,observed,21.529,76.714,0.3,0.172,Dat do bazan,5,medium
2022-03-07,2022-03-13,Dak Lak,Cu M'gar,Robusta / ca phe nhan xo noi dia,40300,,0,province_proxy,24.071,67.571,0.2,0.225,Dat do bazan,5,high
2022-03-07,2022-03-13,Dak Lak,Ea H'leo,Robusta / ca phe nhan xo noi dia,40300,40300.0,2,observed,22.543,70.429,0.4,0.229,Dat do bazan,5,medium
2022-03-07,2022-03-13,Dak Nong,Dak R'lap,Robusta / ca phe nhan xo noi dia,40100,,0,interpolated_area,24.157,66.714,4.2,0.317,Dat do bazan,4,low
2022-03-07,2022-03-13,Dak Nong,Gia Nghia,Robusta / ca phe nhan xo noi dia,40100,,0,interpolated_area,23.586,68.286,2.4,0.251,Dat do bazan,4,low
2022-03-07,2022-03-13,Gia Lai,Chu Prong,Robusta / ca phe nhan xo noi dia,40200,,0,province_proxy,25.329,58.286,0.0,0.181,Dat do bazan,4,low
2022-03-07,2022-03-13,Gia Lai,Ia Grai,Robusta / ca phe nhan xo noi dia,40200,40200.0,2,observed,27.143,53.571,0.0,0.246,Dat do bazan,4,low
2022-03-07,2022-03-13,Gia Lai,Pleiku,Robusta / ca phe nhan xo noi dia,40200,40200.0,2,observed,23.014,63.286,0.0,0.249,Dat do bazan,4,low
2022-03-07,2022-03-13,Kon Tum,Kon Tum,Robusta / ca phe nhan xo noi dia,40300,40300.0,2,observed,24.086,61.857,0.0,0.241,Dat do vang / dat bazan cuc bo,3,low
2022-03-07,2022-03-13,Lam Dong,Bao Loc,Robusta / ca phe nhan xo noi dia,39800,39800.0,2,observed,22.171,74.0,5.5,0.288,Dat do vang tren bazan,4,low
2022-03-07,2022-03-13,Lam Dong,Di Linh,Robusta / ca phe nhan xo noi dia,39800,39800.0,2,observed,22.486,69.429,20.9,0.308,Dat do vang tren bazan,4,medium
2022-03-07,2022-03-13,Lam Dong,Lam Ha,Robusta / ca phe nhan xo noi dia,39800,39800.0,2,observed,22.243,69.571,21.8,0.295,Dat do vang tren bazan,4,low
2022-03-14,2022-03-20,Dak Lak,Buon Ho,Robusta / ca phe nhan xo noi dia,40850,40850.0,2,observed,24.571,72.143,1.3,0.18,Dat do bazan,5,medium
2022-03-14,2022-03-20,Dak Lak,Cu M'gar,Robusta / ca phe nhan xo noi dia,40850,,0,province_proxy,26.914,64.286,2.3,0.235,Dat do bazan,5,high
2022-03-14,2022-03-20,Dak Lak,Ea H'leo,Robusta / ca phe nhan xo noi dia,40850,40850.0,2,observed,25.4,68.571,1.6,0.229,Dat do bazan,5,medium
2022-03-14,2022-03-20,Dak Nong,Dak R'lap,Robusta / ca phe nhan xo noi dia,40100,,0,interpolated_area,24.4,79.571,28.7,0.358,Dat do bazan,4,low
2022-03-14,2022-03-20,Dak Nong,Gia Nghia,Robusta / ca phe nhan xo noi dia,40100,,0,interpolated_area,24.271,77.714,11.2,0.316,Dat do bazan,4,low
2022-03-14,2022-03-20,Gia Lai,Chu Prong,Robusta / ca phe nhan xo noi dia,40750,,0,province_proxy,27.371,63.857,8.2,0.224,Dat do bazan,4,low
2022-03-14,2022-03-20,Gia Lai,Ia Grai,Robusta / ca phe nhan xo noi dia,40750,40750.0,2,observed,27.843,66.286,29.0,0.304,Dat do bazan,4,low
2022-03-14,2022-03-20,Gia Lai,Pleiku,Robusta / ca phe nhan xo noi dia,40750,40750.0,2,observed,24.929,70.143,11.8,0.271,Dat do bazan,4,low
2022-03-14,2022-03-20,Kon Tum,Kon Tum,Robusta / ca phe nhan xo noi dia,40850,40850.0,2,observed,25.457,72.714,16.2,0.283,Dat do vang / dat bazan cuc bo,3,low
2022-03-14,2022-03-20,Lam Dong,Bao Loc,Robusta / ca phe nhan xo noi dia,40350,40350.0,2,observed,22.729,80.286,9.5,0.318,Dat do vang tren bazan,4,low
2022-03-14,2022-03-20,Lam Dong,Di Linh,Robusta / ca phe nhan xo noi dia,40350,40350.0,2,observed,22.314,80.0,21.0,0.356,Dat do vang tren bazan,4,medium
2022-03-14,2022-03-20,Lam Dong,Lam Ha,Robusta / ca phe nhan xo noi dia,40350,40350.0,2,observed,22.643,75.286,11.1,0.309,Dat do vang tren bazan,4,low
2022-03-21,2022-03-27,Dak Lak,Buon Ho,Robusta / ca phe nhan xo noi dia,41700,41700.0,2,observed,25.157,77.429,25.9,0.256,Dat do bazan,5,medium
2022-03-21,2022-03-27,Dak Lak,Cu M'gar,Robusta / ca phe nhan xo noi dia,41700,,0,province_proxy,26.729,73.286,48.3,0.301,Dat do bazan,5,high
2022-03-21,2022-03-27,Dak Lak,Ea H'leo,Robusta / ca phe nhan xo noi dia,41700,41700.0,2,observed,25.429,77.571,54.8,0.354,Dat do bazan,5,medium
2022-03-21,2022-03-27,Dak Nong,Dak R'lap,Robusta / ca phe nhan xo noi dia,40100,,0,interpolated_area,23.843,86.0,45.3,0.444,Dat do bazan,4,low
2022-03-21,2022-03-27,Dak Nong,Gia Nghia,Robusta / ca phe nhan xo noi dia,40100,,0,interpolated_area,23.657,85.286,19.9,0.444,Dat do bazan,4,low
2022-03-21,2022-03-27,Gia Lai,Chu Prong,Robusta / ca phe nhan xo noi dia,41450,,0,province_proxy,26.829,73.143,33.4,0.322,Dat do bazan,4,low
2022-03-21,2022-03-27,Gia Lai,Ia Grai,Robusta / ca phe nhan xo noi dia,41450,41450.0,2,observed,26.671,78.571,43.7,0.387,Dat do bazan,4,low
2022-03-21,2022-03-27,Gia Lai,Pleiku,Robusta / ca phe nhan xo noi dia,41450,41450.0,2,observed,24.343,79.429,45.3,0.387,Dat do bazan,4,low
2022-03-21,2022-03-27,Kon Tum,Kon Tum,Robusta / ca phe nhan xo noi dia,41550,41550.0,2,observed,24.771,81.714,38.2,0.334,Dat do vang / dat bazan cuc bo,3,low
2022-03-21,2022-03-27,Lam Dong,Bao Loc,Robusta / ca phe nhan xo noi dia,41050,41050.0,2,observed,22.671,83.286,24.2,0.363,Dat do vang tren bazan,4,low
2022-03-21,2022-03-27,Lam Dong,Di Linh,Robusta / ca phe nhan xo noi dia,41050,41050.0,2,observed,22.029,84.571,18.6,0.399,Dat do vang tren bazan,4,medium
2022-03-21,2022-03-27,Lam Dong,Lam Ha,Robusta / ca phe nhan xo noi dia,41050,41050.0,2,observed,22.129,82.286,20.1,0.36,Dat do vang tren bazan,4,low
2022-03-28,2022-04-03,Dak Lak,Buon Ho,Robusta / ca phe nhan xo noi dia,41400,41400.0,3,observed,22.3,84.714,39.6,0.383,Dat do bazan,5,medium
2022-03-28,2022-04-03,Dak Lak,Cu M'gar,Robusta / ca phe nhan xo noi dia,41400,,0,province_proxy,24.4,77.714,46.0,0.391,Dat do bazan,5,high
2022-03-28,2022-04-03,Dak Lak,Ea H'leo,Robusta / ca phe nhan xo noi dia,41400,41400.0,3,observed,22.7,82.286,81.4,0.445,Dat do bazan,5,medium
2022-03-28,2022-04-03,Dak Nong,Dak R'lap,Robusta / ca phe nhan xo noi dia,40100,,0,interpolated_area,22.8,85.714,64.0,0.468,Dat do bazan,4,low
2022-03-28,2022-04-03,Dak Nong,Gia Nghia,Robusta / ca phe nhan xo noi dia,40100,,0,interpolated_area,22.429,85.714,46.5,0.472,Dat do bazan,4,low
2022-03-28,2022-04-03,Gia Lai,Chu Prong,Robusta / ca phe nhan xo noi dia,41300,,0,province_proxy,24.786,73.429,80.3,0.424,Dat do bazan,4,low
2022-03-28,2022-04-03,Gia Lai,Ia Grai,Robusta / ca phe nhan xo noi dia,41300,41300.0,3,observed,25.586,72.571,42.6,0.43,Dat do bazan,4,low
2022-03-28,2022-04-03,Gia Lai,Pleiku,Robusta / ca phe nhan xo noi dia,41300,41300.0,3,observed,22.457,77.714,70.2,0.439,Dat do bazan,4,low
2022-03-28,2022-04-03,Kon Tum,Kon Tum,Robusta / ca phe nhan xo noi dia,41400,41400.0,3,observed,23.557,77.143,68.2,0.428,Dat do vang / dat bazan cuc bo,3,low
2022-03-28,2022-04-03,Lam Dong,Bao Loc,Robusta / ca phe nhan xo noi dia,40900,40900.0,3,observed,21.543,86.857,39.8,0.434,Dat do vang tren bazan,4,low
2022-03-28,2022-04-03,Lam Dong,Di Linh,Robusta / ca phe nhan xo noi dia,40900,40900.0,3,observed,21.1,86.429,55.8,0.456,Dat do vang tren bazan,4,medium
2022-03-28,2022-04-03,Lam Dong,Lam Ha,Robusta / ca phe nhan xo noi dia,40900,40900.0,3,observed,21.257,83.857,51.1,0.415,Dat do vang tren bazan,4,low
2022-04-04,2022-04-10,Dak Lak,Buon Ho,Robusta / ca phe nhan xo noi dia,41000,41000.0,2,observed,21.443,79.714,2.0,0.361,Dat do bazan,5,medium
2022-04-04,2022-04-10,Dak Lak,Cu M'gar,Robusta / ca phe nhan xo noi dia,41000,,0,province_proxy,23.829,70.429,2.1,0.343,Dat do bazan,5,high
2022-04-04,2022-04-10,Dak Lak,Ea H'leo,Robusta / ca phe nhan xo noi dia,41000,41000.0,2,observed,22.129,73.857,2.1,0.389,Dat do bazan,5,medium
2022-04-04,2022-04-10,Dak Nong,Dak R'lap,Robusta / ca phe nhan xo noi dia,40100,,0,interpolated_area,23.414,72.429,2.8,0.399,Dat do bazan,4,low
2022-04-04,2022-04-10,Dak Nong,Gia Nghia,Robusta / ca phe nhan xo noi dia,40100,,0,interpolated_area,22.9,74.143,4.1,0.38,Dat do bazan,4,low
2022-04-04,2022-04-10,Gia Lai,Chu Prong,Robusta / ca phe nhan xo noi dia,40900,,0,province_proxy,24.743,61.286,1.6,0.318,Dat do bazan,4,low
2022-04-04,2022-04-10,Gia Lai,Ia Grai,Robusta / ca phe nhan xo noi dia,40900,40900.0,2,observed,25.471,60.714,0.1,0.373,Dat do bazan,4,low
2022-04-04,2022-04-10,Gia Lai,Pleiku,Robusta / ca phe nhan xo noi dia,40900,40900.0,2,observed,22.014,67.857,0.5,0.352,Dat do bazan,4,low
2022-04-04,2022-04-10,Kon Tum,Kon Tum,Robusta / ca phe nhan xo noi dia,41000,41000.0,2,observed,22.286,72.143,5.4,0.379,Dat do vang / dat bazan cuc bo,3,low
2022-04-04,2022-04-10,Lam Dong,Bao Loc,Robusta / ca phe nhan xo noi dia,40500,40500.0,2,observed,21.443,81.143,11.5,0.381,Dat do vang tren bazan,4,low
2022-04-04,2022-04-10,Lam Dong,Di Linh,Robusta / ca phe nhan xo noi dia,40500,40500.0,2,observed,21.014,83.0,56.7,0.456,Dat do vang tren bazan,4,medium
2022-04-04,2022-04-10,Lam Dong,Lam Ha,Robusta / ca phe nhan xo noi dia,40500,40500.0,2,observed,21.329,79.571,16.8,0.425,Dat do vang tren bazan,4,low
2022-04-11,2022-04-17,Dak Lak,Buon Ho,Robusta / ca phe nhan xo noi dia,41400,41400.0,1,observed,24.071,80.571,24.0,0.276,Dat do bazan,5,medium
2022-04-11,2022-04-17,Dak Lak,Cu M'gar,Robusta / ca phe nhan xo noi dia,41400,,0,province_proxy,26.386,71.286,20.3,0.279,Dat do bazan,5,high
2022-04-11,2022-04-17,Dak Lak,Ea H'leo,Robusta / ca phe nhan xo noi dia,41400,41400.0,1,observed,24.771,77.143,14.2,0.355,Dat do bazan,5,medium
2022-04-11,2022-04-17,Dak Nong,Dak R'lap,Robusta / ca phe nhan xo noi dia,40100,,0,interpolated_area,23.486,86.714,39.6,0.416,Dat do bazan,4,low
2022-04-11,2022-04-17,Dak Nong,Gia Nghia,Robusta / ca phe nhan xo noi dia,40100,,0,interpolated_area,23.157,86.0,34.6,0.376,Dat do bazan,4,low
2022-04-11,2022-04-17,Gia Lai,Chu Prong,Robusta / ca phe nhan xo noi dia,41300,,0,province_proxy,26.343,71.714,27.0,0.269,Dat do bazan,4,low
2022-04-11,2022-04-17,Gia Lai,Ia Grai,Robusta / ca phe nhan xo noi dia,41300,41300.0,1,observed,26.943,72.286,28.3,0.335,Dat do bazan,4,low
2022-04-11,2022-04-17,Gia Lai,Pleiku,Robusta / ca phe nhan xo noi dia,41300,41300.0,1,observed,24.043,76.571,19.2,0.326,Dat do bazan,4,low
2022-04-11,2022-04-17,Kon Tum,Kon Tum,Robusta / ca phe nhan xo noi dia,41400,41400.0,1,observed,24.8,77.0,12.9,0.288,Dat do vang / dat bazan cuc bo,3,low
2022-04-11,2022-04-17,Lam Dong,Bao Loc,Robusta / ca phe nhan xo noi dia,40900,40900.0,1,observed,22.271,85.429,18.5,0.36,Dat do vang tren bazan,4,low
2022-04-11,2022-04-17,Lam Dong,Di Linh,Robusta / ca phe nhan xo noi dia,40900,40900.0,1,observed,21.643,86.571,56.5,0.436,Dat do vang tren bazan,4,medium
2022-04-11,2022-04-17,Lam Dong,Lam Ha,Robusta / ca phe nhan xo noi dia,40900,40900.0,1,observed,22.186,82.286,23.7,0.384,Dat do vang tren bazan,4,low
2022-04-18,2022-04-24,Dak Lak,Buon Ho,Robusta / ca phe nhan xo noi dia,40700,40700.0,1,observed,24.071,79.857,3.4,0.224,Dat do bazan,5,medium
2022-04-18,2022-04-24,Dak Lak,Cu M'gar,Robusta / ca phe nhan xo noi dia,40700,,0,province_proxy,26.686,69.714,4.2,0.278,Dat do bazan,5,high
2022-04-18,2022-04-24,Dak Lak,Ea H'leo,Robusta / ca phe nhan xo noi dia,40700,40700.0,1,observed,24.571,77.286,7.1,0.343,Dat do bazan,5,medium
2022-04-18,2022-04-24,Dak Nong,Dak R'lap,Robusta / ca phe nhan xo noi dia,40100,,0,interpolated_area,24.229,81.429,24.7,0.435,Dat do bazan,4,low
2022-04-18,2022-04-24,Dak Nong,Gia Nghia,Robusta / ca phe nhan xo noi dia,40100,,0,interpolated_area,23.9,81.714,24.3,0.409,Dat do bazan,4,low
2022-04-18,2022-04-24,Gia Lai,Chu Prong,Robusta / ca phe nhan xo noi dia,40600,,0,province_proxy,26.7,66.286,13.2,0.274,Dat do bazan,4,low
2022-04-18,2022-04-24,Gia Lai,Ia Grai,Robusta / ca phe nhan xo noi dia,40600,40600.0,1,observed,27.114,67.857,23.3,0.365,Dat do bazan,4,low
2022-04-18,2022-04-24,Gia Lai,Pleiku,Robusta / ca phe nhan xo noi dia,40600,40600.0,1,observed,24.229,72.286,13.1,0.326,Dat do bazan,4,low
2022-04-18,2022-04-24,Kon Tum,Kon Tum,Robusta / ca phe nhan xo noi dia,40600,40600.0,1,observed,24.957,73.286,17.2,0.29,Dat do vang / dat bazan cuc bo,3,low
2022-04-18,2022-04-24,Lam Dong,Bao Loc,Robusta / ca phe nhan xo noi dia,40200,40200.0,1,observed,22.5,83.143,35.5,0.433,Dat do vang tren bazan,4,low
2022-04-18,2022-04-24,Lam Dong,Di Linh,Robusta / ca phe nhan xo noi dia,40200,40200.0,1,observed,22.071,83.0,44.2,0.466,Dat do vang tren bazan,4,medium
2022-04-18,2022-04-24,Lam Dong,Lam Ha,Robusta / ca phe nhan xo noi dia,40200,40200.0,1,observed,22.514,80.143,16.8,0.381,Dat do vang tren bazan,4,low
2022-04-25,2022-05-01,Dak Lak,Buon Ho,Robusta / ca phe nhan xo noi dia,41500,41500.0,2,observed,24.957,80.143,33.3,0.247,Dat do bazan,5,medium
2022-04-25,2022-05-01,Dak Lak,Cu M'gar,Robusta / ca phe nhan xo noi dia,41500,,0,province_proxy,26.886,74.429,73.5,0.33,Dat do bazan,5,high
2022-04-25,2022-05-01,Dak Lak,Ea H'leo,Robusta / ca phe nhan xo noi dia,41500,41500.0,2,observed,25.329,79.429,39.2,0.355,Dat do bazan,5,medium
2022-04-25,2022-05-01,Dak Nong,Dak R'lap,Robusta / ca phe nhan xo noi dia,40100,,0,interpolated_area,23.929,88.286,55.6,0.432,Dat do bazan,4,low
2022-04-25,2022-05-01,Dak Nong,Gia Nghia,Robusta / ca phe nhan xo noi dia,40100,,0,interpolated_area,23.743,87.286,55.6,0.408,Dat do bazan,4,low
2022-04-25,2022-05-01,Gia Lai,Chu Prong,Robusta / ca phe nhan xo noi dia,41400,,0,province_proxy,27.214,72.143,44.5,0.299,Dat do bazan,4,low
2022-04-25,2022-05-01,Gia Lai,Ia Grai,Robusta / ca phe nhan xo noi dia,41400,41400.0,2,observed,27.857,72.857,61.8,0.361,Dat do bazan,4,low
2022-04-25,2022-05-01,Gia Lai,Pleiku,Robusta / ca phe nhan xo noi dia,41400,41400.0,2,observed,24.743,78.714,40.5,0.386,Dat do bazan,4,low
2022-04-25,2022-05-01,Kon Tum,Kon Tum,Robusta / ca phe nhan xo noi dia,41500,41500.0,2,observed,26.186,76.429,36.7,0.319,Dat do vang / dat bazan cuc bo,3,low
2022-04-25,2022-05-01,Lam Dong,Bao Loc,Robusta / ca phe nhan xo noi dia,41000,41000.0,2,observed,22.529,88.0,40.4,0.455,Dat do vang tren bazan,4,low
2022-04-25,2022-05-01,Lam Dong,Di Linh,Robusta / ca phe nhan xo noi dia,41000,41000.0,2,observed,21.943,89.286,44.8,0.471,Dat do vang tren bazan,4,medium
2022-04-25,2022-05-01,Lam Dong,Lam Ha,Robusta / ca phe nhan xo noi dia,41000,41000.0,2,observed,22.386,85.714,57.0,0.408,Dat do vang tren bazan,4,low
2022-05-02,2022-05-08,Dak Lak,Buon Ho,Robusta / ca phe nhan xo noi dia,41033,,0,interpolated_area,23.3,85.0,21.6,0.376,Dat do bazan,5,medium
2022-05-02,2022-05-08,Dak Lak,Cu M'gar,Robusta / ca phe nhan xo noi dia,41033,,0,interpolated_area,25.343,78.429,51.5,0.411,Dat do bazan,5,high
2022-05-02,2022-05-08,Dak Lak,Ea H'leo,Robusta / ca phe nhan xo noi dia,41033,,0,interpolated_area,23.943,80.286,45.7,0.431,Dat do bazan,5,medium
2022-05-02,2022-05-08,Dak Nong,Dak R'lap,Robusta / ca phe nhan xo noi dia,40100,,0,interpolated_area,23.243,90.143,78.3,0.487,Dat do bazan,4,low
2022-05-02,2022-05-08,Dak Nong,Gia Nghia,Robusta / ca phe nhan xo noi dia,40100,,0,interpolated_area,23.171,88.429,84.5,0.49,Dat do bazan,4,low
2022-05-02,2022-05-08,Gia Lai,Chu Prong,Robusta / ca phe nhan xo noi dia,40683,,0,interpolated_area,25.443,77.0,16.1,0.435,Dat do bazan,4,low
2022-05-02,2022-05-08,Gia Lai,Ia Grai,Robusta / ca phe nhan xo noi dia,40683,,0,interpolated_area,25.886,76.571,35.0,0.453,Dat do bazan,4,low
2022-05-02,2022-05-08,Gia Lai,Pleiku,Robusta / ca phe nhan xo noi dia,40683,,0,interpolated_area,23.129,79.714,33.4,0.445,Dat do bazan,4,low
2022-05-02,2022-05-08,Kon Tum,Kon Tum,Robusta / ca phe nhan xo noi dia,41000,,0,interpolated_area,24.1,79.429,23.6,0.427,Dat do vang / dat bazan cuc bo,3,low
2022-05-02,2022-05-08,Lam Dong,Bao Loc,Robusta / ca phe nhan xo noi dia,40517,,0,interpolated_area,22.329,87.429,79.6,0.486,Dat do vang tren bazan,4,low
2022-05-02,2022-05-08,Lam Dong,Di Linh,Robusta / ca phe nhan xo noi dia,40517,,0,interpolated_area,21.814,87.857,75.1,0.488,Dat do vang tren bazan,4,medium
2022-05-02,2022-05-08,Lam Dong,Lam Ha,Robusta / ca phe nhan xo noi dia,40517,,0,interpolated_area,22.286,85.143,46.8,0.465,Dat do vang tren bazan,4,low
2022-05-09,2022-05-15,Dak Lak,Buon Ho,Robusta / ca phe nhan xo noi dia,40567,40566.666666666664,3,observed,25.129,81.286,38.2,0.297,Dat do bazan,5,medium
2022-05-09,2022-05-15,Dak Lak,Cu M'gar,Robusta / ca phe nhan xo noi dia,40567,,0,province_proxy,26.857,76.429,38.0,0.341,Dat do bazan,5,high
2022-05-09,2022-05-15,Dak Lak,Ea H'leo,Robusta / ca phe nhan xo noi dia,40567,40566.666666666664,3,observed,25.657,79.857,36.4,0.371,Dat do bazan,5,medium
2022-05-09,2022-05-15,Dak Nong,Dak R'lap,Robusta / ca phe nhan xo noi dia,40100,,0,interpolated_area,24.2,88.857,49.7,0.486,Dat do bazan,4,low
2022-05-09,2022-05-15,Dak Nong,Gia Nghia,Robusta / ca phe nhan xo noi dia,40100,,0,interpolated_area,24.229,86.429,29.3,0.467,Dat do bazan,4,low
2022-05-09,2022-05-15,Gia Lai,Chu Prong,Robusta / ca phe nhan xo noi dia,39967,,0,province_proxy,26.457,78.571,53.4,0.368,Dat do bazan,4,low
2022-05-09,2022-05-15,Gia Lai,Ia Grai,Robusta / ca phe nhan xo noi dia,39967,39966.666666666664,3,observed,26.929,80.429,50.7,0.393,Dat do bazan,4,low
2022-05-09,2022-05-15,Gia Lai,Pleiku,Robusta / ca phe nhan xo noi dia,39967,39966.666666666664,3,observed,24.271,83.714,30.8,0.385,Dat do bazan,4,low
2022-05-09,2022-05-15,Kon Tum,Kon Tum,Robusta / ca phe nhan xo noi dia,40500,40500.0,3,observed,25.114,84.429,37.3,0.405,Dat do vang / dat bazan cuc bo,3,low
2022-05-09,2022-05-15,Lam Dong,Bao Loc,Robusta / ca phe nhan xo noi dia,40033,40033.333333333336,3,observed,22.843,88.571,29.6,0.456,Dat do vang tren bazan,4,low
2022-05-09,2022-05-15,Lam Dong,Di Linh,Robusta / ca phe nhan xo noi dia,40033,40033.333333333336,3,observed,22.429,88.0,60.1,0.489,Dat do vang tren bazan,4,medium
2022-05-09,2022-05-15,Lam Dong,Lam Ha,Robusta / ca phe nhan xo noi dia,40033,40033.333333333336,3,observed,22.857,84.0,20.2,0.398,Dat do vang tren bazan,4,low
2022-05-16,2022-05-22,Dak Lak,Buon Ho,Robusta / ca phe nhan xo noi dia,41900,41900.0,1,observed,23.543,88.0,161.7,0.478,Dat do bazan,5,medium
2022-05-16,2022-05-22,Dak Lak,Cu M'gar,Robusta / ca phe nhan xo noi dia,41900,,0,province_proxy,25.114,84.857,157.6,0.482,Dat do bazan,5,high
2022-05-16,2022-05-22,Dak Lak,Ea H'leo,Robusta / ca phe nhan xo noi dia,41900,41900.0,1,observed,24.1,86.429,121.9,0.486,Dat do bazan,5,medium
2022-05-16,2022-05-22,Dak Nong,Dak R'lap,Robusta / ca phe nhan xo noi dia,40100,,0,interpolated_area,23.171,92.571,123.4,0.503,Dat do bazan,4,low
2022-05-16,2022-05-22,Dak Nong,Gia Nghia,Robusta / ca phe nhan xo noi dia,40100,,0,interpolated_area,23.043,91.429,101.3,0.5,Dat do bazan,4,low
2022-05-16,2022-05-22,Gia Lai,Chu Prong,Robusta / ca phe nhan xo noi dia,41800,,0,province_proxy,24.471,87.714,111.0,0.482,Dat do bazan,4,low
2022-05-16,2022-05-22,Gia Lai,Ia Grai,Robusta / ca phe nhan xo noi dia,41800,41800.0,1,observed,25.229,87.714,130.3,0.479,Dat do bazan,4,low
2022-05-16,2022-05-22,Gia Lai,Pleiku,Robusta / ca phe nhan xo noi dia,41800,41800.0,1,observed,22.9,88.429,75.7,0.471,Dat do bazan,4,low
2022-05-16,2022-05-22,Kon Tum,Kon Tum,Robusta / ca phe nhan xo noi dia,41900,41900.0,1,observed,24.014,86.857,83.2,0.453,Dat do vang / dat bazan cuc bo,3,low
2022-05-16,2022-05-22,Lam Dong,Bao Loc,Robusta / ca phe nhan xo noi dia,41400,41400.0,1,observed,22.229,91.429,74.2,0.49,Dat do vang tren bazan,4,low
2022-05-16,2022-05-22,Lam Dong,Di Linh,Robusta / ca phe nhan xo noi dia,41400,41400.0,1,observed,21.729,91.714,108.2,0.499,Dat do vang tren bazan,4,medium
2022-05-16,2022-05-22,Lam Dong,Lam Ha,Robusta / ca phe nhan xo noi dia,41400,41400.0,1,observed,22.271,88.714,96.2,0.482,Dat do vang tren bazan,4,low
2022-05-23,2022-05-29,Dak Lak,Buon Ho,Robusta / ca phe nhan xo noi dia,41100,41100.0,1,observed,23.357,88.0,46.0,0.477,Dat do bazan,5,medium
2022-05-23,2022-05-29,Dak Lak,Cu M'gar,Robusta / ca phe nhan xo noi dia,41100,,0,province_proxy,24.529,86.571,91.2,0.485,Dat do bazan,5,high
2022-05-23,2022-05-29,Dak Lak,Ea H'leo,Robusta / ca phe nhan xo noi dia,41100,41100.0,1,observed,23.757,87.0,24.2,0.481,Dat do bazan,5,medium
2022-05-23,2022-05-29,Dak Nong,Dak R'lap,Robusta / ca phe nhan xo noi dia,40100,,0,interpolated_area,22.871,93.857,134.6,0.5,Dat do bazan,4,low
2022-05-23,2022-05-29,Dak Nong,Gia Nghia,Robusta / ca phe nhan xo noi dia,40100,,0,interpolated_area,22.8,92.571,99.4,0.498,Dat do bazan,4,low
2022-05-23,2022-05-29,Gia Lai,Chu Prong,Robusta / ca phe nhan xo noi dia,41100,,0,province_proxy,23.786,91.571,76.5,0.498,Dat do bazan,4,low
2022-05-23,2022-05-29,Gia Lai,Ia Grai,Robusta / ca phe nhan xo noi dia,41100,41100.0,1,observed,24.657,90.714,69.0,0.498,Dat do bazan,4,low
2022-05-23,2022-05-29,Gia Lai,Pleiku,Robusta / ca phe nhan xo noi dia,41100,41100.0,1,observed,22.443,91.857,36.9,0.486,Dat do bazan,4,low
2022-05-23,2022-05-29,Kon Tum,Kon Tum,Robusta / ca phe nhan xo noi dia,41100,41100.0,1,observed,23.814,88.857,40.8,0.485,Dat do vang / dat bazan cuc bo,3,low
2022-05-23,2022-05-29,Lam Dong,Bao Loc,Robusta / ca phe nhan xo noi dia,40600,40600.0,1,observed,22.014,92.143,56.7,0.49,Dat do vang tren bazan,4,low
2022-05-23,2022-05-29,Lam Dong,Di Linh,Robusta / ca phe nhan xo noi dia,40600,40600.0,1,observed,21.457,92.714,47.3,0.493,Dat do vang tren bazan,4,medium
2022-05-23,2022-05-29,Lam Dong,Lam Ha,Robusta / ca phe nhan xo noi dia,40600,40600.0,1,observed,22.114,88.0,32.5,0.471,Dat do vang tren bazan,4,low
2022-05-30,2022-06-05,Dak Lak,Buon Ho,Robusta / ca phe nhan xo noi dia,43000,43000.0,2,observed,24.157,84.0,35.9,0.437,Dat do bazan,5,medium
2022-05-30,2022-06-05,Dak Lak,Cu M'gar,Robusta / ca phe nhan xo noi dia,43000,,0,province_proxy,25.3,82.857,49.3,0.456,Dat do bazan,5,high
2022-05-30,2022-06-05,Dak Lak,Ea H'leo,Robusta / ca phe nhan xo noi dia,43000,43000.0,2,observed,24.6,83.857,32.7,0.459,Dat do bazan,5,medium
2022-05-30,2022-06-05,Dak Nong,Dak R'lap,Robusta / ca phe nhan xo noi dia,40100,,0,interpolated_area,23.529,89.0,53.7,0.488,Dat do bazan,4,low
2022-05-30,2022-06-05,Dak Nong,Gia Nghia,Robusta / ca phe nhan xo noi dia,40100,,0,interpolated_area,23.643,86.857,48.7,0.487,Dat do bazan,4,low
2022-05-30,2022-06-05,Gia Lai,Chu Prong,Robusta / ca phe nhan xo noi dia,42950,,0,province_proxy,24.971,86.286,40.6,0.48,Dat do bazan,4,low
2022-05-30,2022-06-05,Gia Lai,Ia Grai,Robusta / ca phe nhan xo noi dia,42950,42950.0,2,observed,25.657,86.429,67.4,0.487,Dat do bazan,4,low
2022-05-30,2022-06-05,Gia Lai,Pleiku,Robusta / ca phe nhan xo noi dia,42950,42950.0,2,observed,23.271,88.286,39.4,0.469,Dat do bazan,4,low
2022-05-30,2022-06-05,Kon Tum,Kon Tum,Robusta / ca phe nhan xo noi dia,43000,43000.0,2,observed,24.429,87.0,31.6,0.476,Dat do vang / dat bazan cuc bo,3,low
2022-05-30,2022-06-05,Lam Dong,Bao Loc,Robusta / ca phe nhan xo noi dia,42500,42500.0,2,observed,22.286,89.286,40.2,0.463,Dat do vang tren bazan,4,low
2022-05-30,2022-06-05,Lam Dong,Di Linh,Robusta / ca phe nhan xo noi dia,42500,42500.0,2,observed,21.829,89.286,59.1,0.489,Dat do vang tren bazan,4,medium
2022-05-30,2022-06-05,Lam Dong,Lam Ha,Robusta / ca phe nhan xo noi dia,42500,42500.0,2,observed,22.371,85.429,46.5,0.463,Dat do vang tren bazan,4,low
2022-06-06,2022-06-12,Dak Lak,Buon Ho,Robusta / ca phe nhan xo noi dia,42500,42500.0,1,observed,24.571,81.571,21.9,0.362,Dat do bazan,5,medium
2022-06-06,2022-06-12,Dak Lak,Cu M'gar,Robusta / ca phe nhan xo noi dia,42500,,0,province_proxy,25.586,80.857,26.4,0.399,Dat do bazan,5,high
2022-06-06,2022-06-12,Dak Lak,Ea H'leo,Robusta / ca phe nhan xo noi dia,42500,42500.0,1,observed,25.129,80.857,28.1,0.428,Dat do bazan,5,medium
2022-06-06,2022-06-12,Dak Nong,Dak R'lap,Robusta / ca phe nhan xo noi dia,40100,,0,interpolated_area,23.714,88.857,81.0,0.484,Dat do bazan,4,low
2022-06-06,2022-06-12,Dak Nong,Gia Nghia,Robusta / ca phe nhan xo noi dia,40100,,0,interpolated_area,23.343,89.143,87.8,0.487,Dat do bazan,4,low
2022-06-06,2022-06-12,Gia Lai,Chu Prong,Robusta / ca phe nhan xo noi dia,42400,,0,province_proxy,25.557,83.714,27.4,0.461,Dat do bazan,4,low
2022-06-06,2022-06-12,Gia Lai,Ia Grai,Robusta / ca phe nhan xo noi dia,42400,42400.0,1,observed,26.414,83.429,30.2,0.451,Dat do bazan,4,low
2022-06-06,2022-06-12,Gia Lai,Pleiku,Robusta / ca phe nhan xo noi dia,42400,42400.0,1,observed,24.029,84.571,12.8,0.411,Dat do bazan,4,low
2022-06-06,2022-06-12,Kon Tum,Kon Tum,Robusta / ca phe nhan xo noi dia,42500,42500.0,1,observed,24.429,87.714,29.8,0.474,Dat do vang / dat bazan cuc bo,3,low
2022-06-06,2022-06-12,Lam Dong,Bao Loc,Robusta / ca phe nhan xo noi dia,42000,42000.0,1,observed,22.314,89.714,49.5,0.454,Dat do vang tren bazan,4,low
2022-06-06,2022-06-12,Lam Dong,Di Linh,Robusta / ca phe nhan xo noi dia,42000,42000.0,1,observed,22.2,86.714,52.2,0.472,Dat do vang tren bazan,4,medium
2022-06-06,2022-06-12,Lam Dong,Lam Ha,Robusta / ca phe nhan xo noi dia,42000,42000.0,1,observed,22.386,84.143,32.8,0.445,Dat do vang tren bazan,4,low
2022-06-13,2022-06-19,Dak Lak,Buon Ho,Robusta / ca phe nhan xo noi dia,42650,42650.0,2,observed,24.786,80.286,18.5,0.326,Dat do bazan,5,medium
2022-06-13,2022-06-19,Dak Lak,Cu M'gar,Robusta / ca phe nhan xo noi dia,42650,,0,province_proxy,25.814,80.0,27.3,0.402,Dat do bazan,5,high
2022-06-13,2022-06-19,Dak Lak,Ea H'leo,Robusta / ca phe nhan xo noi dia,42650,42650.0,2,observed,25.171,80.857,23.7,0.411,Dat do bazan,5,medium
2022-06-13,2022-06-19,Dak Nong,Dak R'lap,Robusta / ca phe nhan xo noi dia,40100,,0,interpolated_area,23.843,87.857,40.5,0.486,Dat do bazan,4,low
2022-06-13,2022-06-19,Dak Nong,Gia Nghia,Robusta / ca phe nhan xo noi dia,40100,,0,interpolated_area,23.686,87.0,30.0,0.461,Dat do bazan,4,low
2022-06-13,2022-06-19,Gia Lai,Chu Prong,Robusta / ca phe nhan xo noi dia,42550,,0,province_proxy,25.714,83.429,38.3,0.455,Dat do bazan,4,low
2022-06-13,2022-06-19,Gia Lai,Ia Grai,Robusta / ca phe nhan xo noi dia,42550,42550.0,2,observed,26.329,83.714,34.3,0.432,Dat do bazan,4,low
2022-06-13,2022-06-19,Gia Lai,Pleiku,Robusta / ca phe nhan xo noi dia,42550,42550.0,2,observed,24.157,83.429,13.9,0.339,Dat do bazan,4,low
2022-06-13,2022-06-19,Kon Tum,Kon Tum,Robusta / ca phe nhan xo noi dia,42600,42600.0,2,observed,24.686,85.857,20.8,0.444,Dat do vang / dat bazan cuc bo,3,low
2022-06-13,2022-06-19,Lam Dong,Bao Loc,Robusta / ca phe nhan xo noi dia,42250,42250.0,2,observed,22.414,88.714,31.6,0.457,Dat do vang tren bazan,4,low
2022-06-13,2022-06-19,Lam Dong,Di Linh,Robusta / ca phe nhan xo noi dia,42250,42250.0,2,observed,22.014,87.429,38.6,0.487,Dat do vang tren bazan,4,medium
2022-06-13,2022-06-19,Lam Dong,Lam Ha,Robusta / ca phe nhan xo noi dia,42250,42250.0,2,observed,22.386,84.429,25.8,0.409,Dat do vang tren bazan,4,low
2022-06-20,2022-06-26,Dak Lak,Buon Ho,Robusta / ca phe nhan xo noi dia,43300,43300.0,1,observed,24.214,82.143,63.0,0.383,Dat do bazan,5,medium
2022-06-20,2022-06-26,Dak Lak,Cu M'gar,Robusta / ca phe nhan xo noi dia,43300,,0,province_proxy,25.514,80.143,57.4,0.378,Dat do bazan,5,high
2022-06-20,2022-06-26,Dak Lak,Ea H'leo,Robusta / ca phe nhan xo noi dia,43300,43300.0,1,observed,24.614,81.857,61.9,0.432,Dat do bazan,5,medium
2022-06-20,2022-06-26,Dak Nong,Dak R'lap,Robusta / ca phe nhan xo noi dia,40100,,0,interpolated_area,23.171,88.571,67.1,0.488,Dat do bazan,4,low
2022-06-20,2022-06-26,Dak Nong,Gia Nghia,Robusta / ca phe nhan xo noi dia,40100,,0,interpolated_area,23.057,87.571,75.8,0.46,Dat do bazan,4,low
2022-06-20,2022-06-26,Gia Lai,Chu Prong,Robusta / ca phe nhan xo noi dia,43200,,0,province_proxy,25.314,83.143,47.4,0.46,Dat do bazan,4,low
2022-06-20,2022-06-26,Gia Lai,Ia Grai,Robusta / ca phe nhan xo noi dia,43200,43200.0,1,observed,25.929,83.571,60.1,0.449,Dat do bazan,4,low
2022-06-20,2022-06-26,Gia Lai,Pleiku,Robusta / ca phe nhan xo noi dia,43200,43200.0,1,observed,23.629,84.0,60.9,0.397,Dat do bazan,4,low
2022-06-20,2022-06-26,Kon Tum,Kon Tum,Robusta / ca phe nhan xo noi dia,43200,43200.0,1,observed,24.614,85.286,40.4,0.458,Dat do vang / dat bazan cuc bo,3,low
2022-06-20,2022-06-26,Lam Dong,Bao Loc,Robusta / ca phe nhan xo noi dia,42800,42800.0,1,observed,21.871,89.429,47.2,0.462,Dat do vang tren bazan,4,low
2022-06-20,2022-06-26,Lam Dong,Di Linh,Robusta / ca phe nhan xo noi dia,42800,42800.0,1,observed,21.614,88.143,59.3,0.493,Dat do vang tren bazan,4,medium
2022-06-20,2022-06-26,Lam Dong,Lam Ha,Robusta / ca phe nhan xo noi dia,42800,42800.0,1,observed,21.786,86.143,37.0,0.441,Dat do vang tren bazan,4,low
2022-06-27,2022-07-03,Dak Lak,Buon Ho,Robusta / ca phe nhan xo noi dia,43000,43000.0,1,observed,23.814,86.857,23.7,0.424,Dat do bazan,5,medium
2022-06-27,2022-07-03,Dak Lak,Cu M'gar,Robusta / ca phe nhan xo noi dia,43000,,0,province_proxy,25.057,85.286,52.3,0.452,Dat do bazan,5,high
2022-06-27,2022-07-03,Dak Lak,Ea H'leo,Robusta / ca phe nhan xo noi dia,43000,43000.0,1,observed,24.157,86.286,29.2,0.454,Dat do bazan,5,medium
2022-06-27,2022-07-03,Dak Nong,Dak R'lap,Robusta / ca phe nhan xo noi dia,40100,,0,interpolated_area,23.286,92.143,81.5,0.499,Dat do bazan,4,low
2022-06-27,2022-07-03,Dak Nong,Gia Nghia,Robusta / ca phe nhan xo noi dia,40100,,0,interpolated_area,23.229,90.571,60.2,0.496,Dat do bazan,4,low
2022-06-27,2022-07-03,Gia Lai,Chu Prong,Robusta / ca phe nhan xo noi dia,42900,,0,province_proxy,24.386,90.429,91.0,0.482,Dat do bazan,4,low
2022-06-27,2022-07-03,Gia Lai,Ia Grai,Robusta / ca phe nhan xo noi dia,42900,42900.0,1,observed,25.057,90.0,110.7,0.48,Dat do bazan,4,low
2022-06-27,2022-07-03,Gia Lai,Pleiku,Robusta / ca phe nhan xo noi dia,42900,42900.0,1,observed,22.9,90.714,65.8,0.464,Dat do bazan,4,low
2022-06-27,2022-07-03,Kon Tum,Kon Tum,Robusta / ca phe nhan xo noi dia,42900,42900.0,1,observed,24.143,88.571,76.6,0.483,Dat do vang / dat bazan cuc bo,3,low
2022-06-27,2022-07-03,Lam Dong,Bao Loc,Robusta / ca phe nhan xo noi dia,42600,42600.0,1,observed,22.386,90.714,30.9,0.467,Dat do vang tren bazan,4,low
2022-06-27,2022-07-03,Lam Dong,Di Linh,Robusta / ca phe nhan xo noi dia,42600,42600.0,1,observed,21.857,91.143,23.0,0.483,Dat do vang tren bazan,4,medium
2022-06-27,2022-07-03,Lam Dong,Lam Ha,Robusta / ca phe nhan xo noi dia,42600,42600.0,1,observed,22.743,85.0,12.0,0.423,Dat do vang tren bazan,4,low
2022-07-04,2022-07-10,Dak Lak,Buon Ho,Robusta / ca phe nhan xo noi dia,42300,42300.0,1,observed,23.543,87.857,66.6,0.447,Dat do bazan,5,medium
2022-07-04,2022-07-10,Dak Lak,Cu M'gar,Robusta / ca phe nhan xo noi dia,42300,,0,province_proxy,24.686,86.857,113.5,0.475,Dat do bazan,5,high
2022-07-04,2022-07-10,Dak Lak,Ea H'leo,Robusta / ca phe nhan xo noi dia,42300,42300.0,1,observed,23.943,87.143,52.8,0.461,Dat do bazan,5,medium
2022-07-04,2022-07-10,Dak Nong,Dak R'lap,Robusta / ca phe nhan xo noi dia,40100,,0,interpolated_area,23.043,92.0,105.6,0.502,Dat do bazan,4,low
2022-07-04,2022-07-10,Dak Nong,Gia Nghia,Robusta / ca phe nhan xo noi dia,40100,,0,interpolated_area,23.057,90.857,83.2,0.497,Dat do bazan,4,low
2022-07-04,2022-07-10,Gia Lai,Chu Prong,Robusta / ca phe nhan xo noi dia,42200,,0,province_proxy,24.457,89.857,106.5,0.5,Dat do bazan,4,low
2022-07-04,2022-07-10,Gia Lai,Ia Grai,Robusta / ca phe nhan xo noi dia,42200,42200.0,1,observed,25.071,90.143,118.0,0.501,Dat do bazan,4,low
2022-07-04,2022-07-10,Gia Lai,Pleiku,Robusta / ca phe nhan xo noi dia,42200,42200.0,1,observed,22.814,91.143,91.1,0.497,Dat do bazan,4,low
2022-07-04,2022-07-10,Kon Tum,Kon Tum,Robusta / ca phe nhan xo noi dia,42300,42300.0,1,observed,24.329,88.429,61.0,0.488,Dat do vang / dat bazan cuc bo,3,low
2022-07-04,2022-07-10,Lam Dong,Bao Loc,Robusta / ca phe nhan xo noi dia,41900,41900.0,1,observed,22.114,91.429,70.6,0.476,Dat do vang tren bazan,4,low
2022-07-04,2022-07-10,Lam Dong,Di Linh,Robusta / ca phe nhan xo noi dia,41900,41900.0,1,observed,21.443,92.286,51.6,0.486,Dat do vang tren bazan,4,medium
2022-07-04,2022-07-10,Lam Dong,Lam Ha,Robusta / ca phe nhan xo noi dia,41900,41900.0,1,observed,22.414,86.429,51.5,0.454,Dat do vang tren bazan,4,low
2022-07-11,2022-07-17,Dak Lak,Buon Ho,Robusta / ca phe nhan xo noi dia,42175,,0,interpolated_area,23.214,89.143,57.2,0.489,Dat do bazan,5,medium
2022-07-11,2022-07-17,Dak Lak,Cu M'gar,Robusta / ca phe nhan xo noi dia,42175,,0,interpolated_area,24.314,88.429,92.7,0.494,Dat do bazan,5,high
2022-07-11,2022-07-17,Dak Lak,Ea H'leo,Robusta / ca phe nhan xo noi dia,42175,,0,interpolated_area,23.729,88.0,60.4,0.493,Dat do bazan,5,medium
2022-07-11,2022-07-17,Dak Nong,Dak R'lap,Robusta / ca phe nhan xo noi dia,40100,,0,interpolated_area,22.857,92.571,92.0,0.501,Dat do bazan,4,low
2022-07-11,2022-07-17,Dak Nong,Gia Nghia,Robusta / ca phe nhan xo noi dia,40100,,0,interpolated_area,22.971,90.714,68.1,0.496,Dat do bazan,4,low
2022-07-11,2022-07-17,Gia Lai,Chu Prong,Robusta / ca phe nhan xo noi dia,42075,,0,interpolated_area,24.143,90.714,141.3,0.5,Dat do bazan,4,low
2022-07-11,2022-07-17,Gia Lai,Ia Grai,Robusta / ca phe nhan xo noi dia,42075,,0,interpolated_area,24.986,90.0,107.7,0.502,Dat do bazan,4,low
2022-07-11,2022-07-17,Gia Lai,Pleiku,Robusta / ca phe nhan xo noi dia,42075,,0,interpolated_area,22.657,92.0,100.6,0.5,Dat do bazan,4,low
2022-07-11,2022-07-17,Kon Tum,Kon Tum,Robusta / ca phe nhan xo noi dia,42175,,0,interpolated_area,24.086,89.714,78.0,0.497,Dat do vang / dat bazan cuc bo,3,low
2022-07-11,2022-07-17,Lam Dong,Bao Loc,Robusta / ca phe nhan xo noi dia,41775,,0,interpolated_area,21.914,91.857,31.5,0.491,Dat do vang tren bazan,4,low
2022-07-11,2022-07-17,Lam Dong,Di Linh,Robusta / ca phe nhan xo noi dia,41775,,0,interpolated_area,21.271,92.714,52.1,0.497,Dat do vang tren bazan,4,medium
2022-07-11,2022-07-17,Lam Dong,Lam Ha,Robusta / ca phe nhan xo noi dia,41775,,0,interpolated_area,22.3,87.0,33.8,0.477,Dat do vang tren bazan,4,low
2022-07-18,2022-07-24,Dak Lak,Buon Ho,Robusta / ca phe nhan xo noi dia,42050,42050.0,2,observed,23.643,85.857,46.1,0.481,Dat do bazan,5,medium
2022-07-18,2022-07-24,Dak Lak,Cu M'gar,Robusta / ca phe nhan xo noi dia,42050,,0,province_proxy,24.829,84.571,84.4,0.485,Dat do bazan,5,high
2022-07-18,2022-07-24,Dak Lak,Ea H'leo,Robusta / ca phe nhan xo noi dia,42050,42050.0,2,observed,24.157,83.429,61.1,0.474,Dat do bazan,5,medium
2022-07-18,2022-07-24,Dak Nong,Dak R'lap,Robusta / ca phe nhan xo noi dia,40100,,0,interpolated_area,23.229,90.0,84.4,0.495,Dat do bazan,4,low
2022-07-18,2022-07-24,Dak Nong,Gia Nghia,Robusta / ca phe nhan xo noi dia,40100,,0,interpolated_area,23.129,88.857,67.4,0.493,Dat do bazan,4,low
2022-07-18,2022-07-24,Gia Lai,Chu Prong,Robusta / ca phe nhan xo noi dia,41950,,0,province_proxy,24.8,85.143,73.7,0.486,Dat do bazan,4,low
2022-07-18,2022-07-24,Gia Lai,Ia Grai,Robusta / ca phe nhan xo noi dia,41950,41950.0,2,observed,25.343,86.286,74.8,0.489,Dat do bazan,4,low
2022-07-18,2022-07-24,Gia Lai,Pleiku,Robusta / ca phe nhan xo noi dia,41950,41950.0,2,observed,22.957,87.571,62.4,0.492,Dat do bazan,4,low
2022-07-18,2022-07-24,Kon Tum,Kon Tum,Robusta / ca phe nhan xo noi dia,42050,42050.0,2,observed,23.7,87.857,69.3,0.483,Dat do vang / dat bazan cuc bo,3,low
2022-07-18,2022-07-24,Lam Dong,Bao Loc,Robusta / ca phe nhan xo noi dia,41650,41650.0,2,observed,22.043,89.286,43.2,0.483,Dat do vang tren bazan,4,low
2022-07-18,2022-07-24,Lam Dong,Di Linh,Robusta / ca phe nhan xo noi dia,41650,41650.0,2,observed,21.757,88.0,50.9,0.492,Dat do vang tren bazan,4,medium
2022-07-18,2022-07-24,Lam Dong,Lam Ha,Robusta / ca phe nhan xo noi dia,41650,41650.0,2,observed,22.1,86.571,53.5,0.479,Dat do vang tren bazan,4,low
2022-07-25,2022-07-31,Dak Lak,Buon Ho,Robusta / ca phe nhan xo noi dia,43067,43066.666666666664,3,observed,24.1,85.286,35.7,0.43,Dat do bazan,5,medium
2022-07-25,2022-07-31,Dak Lak,Cu M'gar,Robusta / ca phe nhan xo noi dia,43067,,0,province_proxy,25.257,84.286,48.2,0.462,Dat do bazan,5,high
2022-07-25,2022-07-31,Dak Lak,Ea H'leo,Robusta / ca phe nhan xo noi dia,43067,43066.666666666664,3,observed,24.629,84.143,37.2,0.433,Dat do bazan,5,medium
2022-07-25,2022-07-31,Dak Nong,Dak R'lap,Robusta / ca phe nhan xo noi dia,40100,,0,interpolated_area,23.486,89.571,77.4,0.49,Dat do bazan,4,low
2022-07-25,2022-07-31,Dak Nong,Gia Nghia,Robusta / ca phe nhan xo noi dia,40100,,0,interpolated_area,23.343,88.857,62.4,0.482,Dat do bazan,4,low
2022-07-25,2022-07-31,Gia Lai,Chu Prong,Robusta / ca phe nhan xo noi dia,42967,,0,province_proxy,25.486,83.143,50.6,0.444,Dat do bazan,4,low
2022-07-25,2022-07-31,Gia Lai,Ia Grai,Robusta / ca phe nhan xo noi dia,42967,42966.666666666664,3,observed,26.071,83.857,49.7,0.436,Dat do bazan,4,low
2022-07-25,2022-07-31,Gia Lai,Pleiku,Robusta / ca phe nhan xo noi dia,42967,42966.666666666664,3,observed,23.529,86.143,44.8,0.459,Dat do bazan,4,low
2022-07-25,2022-07-31,Kon Tum,Kon Tum,Robusta / ca phe nhan xo noi dia,43067,43066.666666666664,3,observed,24.371,86.429,23.5,0.425,Dat do vang / dat bazan cuc bo,3,low
2022-07-25,2022-07-31,Lam Dong,Bao Loc,Robusta / ca phe nhan xo noi dia,42667,42666.666666666664,3,observed,22.329,89.143,35.5,0.475,Dat do vang tren bazan,4,low
2022-07-25,2022-07-31,Lam Dong,Di Linh,Robusta / ca phe nhan xo noi dia,42667,42666.666666666664,3,observed,21.843,89.429,51.6,0.486,Dat do vang tren bazan,4,medium
2022-07-25,2022-07-31,Lam Dong,Lam Ha,Robusta / ca phe nhan xo noi dia,42667,42666.666666666664,3,observed,22.214,87.0,54.1,0.445,Dat do vang tren bazan,4,low
2022-08-01,2022-08-07,Dak Lak,Buon Ho,Robusta / ca phe nhan xo noi dia,44300,44300.0,1,observed,23.086,88.714,24.7,0.459,Dat do bazan,5,medium
2022-08-01,2022-08-07,Dak Lak,Cu M'gar,Robusta / ca phe nhan xo noi dia,44300,,0,province_proxy,23.957,88.429,64.8,0.496,Dat do bazan,5,high
2022-08-01,2022-08-07,Dak Lak,Ea H'leo,Robusta / ca phe nhan xo noi dia,44300,44300.0,1,observed,23.543,88.0,19.1,0.485,Dat do bazan,5,medium
2022-08-01,2022-08-07,Dak Nong,Dak R'lap,Robusta / ca phe nhan xo noi dia,40100,,0,interpolated_area,22.929,91.571,77.4,0.499,Dat do bazan,4,low
2022-08-01,2022-08-07,Dak Nong,Gia Nghia,Robusta / ca phe nhan xo noi dia,40100,,0,interpolated_area,22.857,91.0,68.6,0.496,Dat do bazan,4,low
2022-08-01,2022-08-07,Gia Lai,Chu Prong,Robusta / ca phe nhan xo noi dia,44300,,0,province_proxy,23.886,91.429,78.0,0.499,Dat do bazan,4,low
2022-08-01,2022-08-07,Gia Lai,Ia Grai,Robusta / ca phe nhan xo noi dia,44300,44300.0,1,observed,24.586,91.143,94.6,0.501,Dat do bazan,4,low
2022-08-01,2022-08-07,Gia Lai,Pleiku,Robusta / ca phe nhan xo noi dia,44300,44300.0,1,observed,22.429,91.429,38.0,0.492,Dat do bazan,4,low
2022-08-01,2022-08-07,Kon Tum,Kon Tum,Robusta / ca phe nhan xo noi dia,44400,44400.0,1,observed,23.643,90.143,52.8,0.494,Dat do vang / dat bazan cuc bo,3,low
2022-08-01,2022-08-07,Lam Dong,Bao Loc,Robusta / ca phe nhan xo noi dia,44000,44000.0,1,observed,22.1,90.857,45.7,0.483,Dat do vang tren bazan,4,low
2022-08-01,2022-08-07,Lam Dong,Di Linh,Robusta / ca phe nhan xo noi dia,44000,44000.0,1,observed,21.371,92.286,62.5,0.498,Dat do vang tren bazan,4,medium
2022-08-01,2022-08-07,Lam Dong,Lam Ha,Robusta / ca phe nhan xo noi dia,44000,44000.0,1,observed,22.043,87.143,60.3,0.482,Dat do vang tren bazan,4,low
2022-08-08,2022-08-14,Dak Lak,Buon Ho,Robusta / ca phe nhan xo noi dia,46500,46500.0,2,observed,22.714,89.0,70.2,0.486,Dat do bazan,5,medium
2022-08-08,2022-08-14,Dak Lak,Cu M'gar,Robusta / ca phe nhan xo noi dia,46500,,0,province_proxy,23.9,87.714,103.4,0.493,Dat do bazan,5,high
2022-08-08,2022-08-14,Dak Lak,Ea H'leo,Robusta / ca phe nhan xo noi dia,46500,46500.0,2,observed,23.043,88.571,89.5,0.495,Dat do bazan,5,medium
2022-08-08,2022-08-14,Dak Nong,Dak R'lap,Robusta / ca phe nhan xo noi dia,40100,,0,interpolated_area,22.343,93.0,107.3,0.499,Dat do bazan,4,low
2022-08-08,2022-08-14,Dak Nong,Gia Nghia,Robusta / ca phe nhan xo noi dia,40100,,0,interpolated_area,22.357,91.571,70.2,0.491,Dat do bazan,4,low
2022-08-08,2022-08-14,Gia Lai,Chu Prong,Robusta / ca phe nhan xo noi dia,46400,,0,province_proxy,23.429,91.571,120.6,0.497,Dat do bazan,4,low
2022-08-08,2022-08-14,Gia Lai,Ia Grai,Robusta / ca phe nhan xo noi dia,46400,46400.0,2,observed,24.129,92.0,127.3,0.502,Dat do bazan,4,low
2022-08-08,2022-08-14,Gia Lai,Pleiku,Robusta / ca phe nhan xo noi dia,46400,46400.0,2,observed,21.814,93.0,113.2,0.502,Dat do bazan,4,low
2022-08-08,2022-08-14,Kon Tum,Kon Tum,Robusta / ca phe nhan xo noi dia,46500,46500.0,2,observed,23.229,90.0,88.6,0.499,Dat do vang / dat bazan cuc bo,3,low
2022-08-08,2022-08-14,Lam Dong,Bao Loc,Robusta / ca phe nhan xo noi dia,46100,46100.0,2,observed,21.329,91.286,65.8,0.494,Dat do vang tren bazan,4,low
2022-08-08,2022-08-14,Lam Dong,Di Linh,Robusta / ca phe nhan xo noi dia,46100,46100.0,2,observed,20.7,92.143,94.6,0.497,Dat do vang tren bazan,4,medium
2022-08-08,2022-08-14,Lam Dong,Lam Ha,Robusta / ca phe nhan xo noi dia,46100,46100.0,2,observed,21.586,86.857,35.6,0.481,Dat do vang tren bazan,4,low
2022-08-15,2022-08-21,Dak Lak,Buon Ho,Robusta / ca phe nhan xo noi dia,48900,48900.0,1,observed,23.314,87.857,51.8,0.482,Dat do bazan,5,medium
2022-08-15,2022-08-21,Dak Lak,Cu M'gar,Robusta / ca phe nhan xo noi dia,48900,,0,province_proxy,24.414,87.429,100.6,0.493,Dat do bazan,5,high
2022-08-15,2022-08-21,Dak Lak,Ea H'leo,Robusta / ca phe nhan xo noi dia,48900,48900.0,1,observed,23.686,87.143,44.2,0.486,Dat do bazan,5,medium
2022-08-15,2022-08-21,Dak Nong,Dak R'lap,Robusta / ca phe nhan xo noi dia,40100,,0,interpolated_area,23.043,91.286,79.3,0.499,Dat do bazan,4,low
2022-08-15,2022-08-21,Dak Nong,Gia Nghia,Robusta / ca phe nhan xo noi dia,40100,,0,interpolated_area,23.2,89.286,70.3,0.492,Dat do bazan,4,low
2022-08-15,2022-08-21,Gia Lai,Chu Prong,Robusta / ca phe nhan xo noi dia,48800,,0,province_proxy,24.0,90.143,90.7,0.498,Dat do bazan,4,low
2022-08-15,2022-08-21,Gia Lai,Ia Grai,Robusta / ca phe nhan xo noi dia,48800,48800.0,1,observed,24.671,89.857,121.4,0.502,Dat do bazan,4,low
2022-08-15,2022-08-21,Gia Lai,Pleiku,Robusta / ca phe nhan xo noi dia,48800,48800.0,1,observed,22.343,91.571,74.1,0.497,Dat do bazan,4,low
2022-08-15,2022-08-21,Kon Tum,Kon Tum,Robusta / ca phe nhan xo noi dia,48900,48900.0,1,observed,23.686,88.857,78.3,0.497,Dat do vang / dat bazan cuc bo,3,low
2022-08-15,2022-08-21,Lam Dong,Bao Loc,Robusta / ca phe nhan xo noi dia,48500,48500.0,1,observed,22.1,90.0,28.5,0.475,Dat do vang tren bazan,4,low
2022-08-15,2022-08-21,Lam Dong,Di Linh,Robusta / ca phe nhan xo noi dia,48500,48500.0,1,observed,21.586,90.857,47.2,0.488,Dat do vang tren bazan,4,medium
2022-08-15,2022-08-21,Lam Dong,Lam Ha,Robusta / ca phe nhan xo noi dia,48500,48500.0,1,observed,22.2,86.286,34.9,0.462,Dat do vang tren bazan,4,low
2022-08-22,2022-08-28,Dak Lak,Buon Ho,Robusta / ca phe nhan xo noi dia,49700,49700.0,2,observed,23.471,86.143,43.4,0.483,Dat do bazan,5,medium
2022-08-22,2022-08-28,Dak Lak,Cu M'gar,Robusta / ca phe nhan xo noi dia,49700,,0,province_proxy,24.643,85.0,59.0,0.49,Dat do bazan,5,high
2022-08-22,2022-08-28,Dak Lak,Ea H'leo,Robusta / ca phe nhan xo noi dia,49700,49700.0,2,observed,23.971,84.429,51.4,0.483,Dat do bazan,5,medium
2022-08-22,2022-08-28,Dak Nong,Dak R'lap,Robusta / ca phe nhan xo noi dia,40100,,0,interpolated_area,23.2,89.714,88.5,0.498,Dat do bazan,4,low
2022-08-22,2022-08-28,Dak Nong,Gia Nghia,Robusta / ca phe nhan xo noi dia,40100,,0,interpolated_area,23.257,87.857,58.1,0.492,Dat do bazan,4,low
2022-08-22,2022-08-28,Gia Lai,Chu Prong,Robusta / ca phe nhan xo noi dia,49600,,0,province_proxy,24.514,86.571,88.5,0.492,Dat do bazan,4,low
2022-08-22,2022-08-28,Gia Lai,Ia Grai,Robusta / ca phe nhan xo noi dia,49600,49600.0,2,observed,25.143,87.143,94.5,0.497,Dat do bazan,4,low
2022-08-22,2022-08-28,Gia Lai,Pleiku,Robusta / ca phe nhan xo noi dia,49600,49600.0,2,observed,22.743,88.857,71.4,0.494,Dat do bazan,4,low
2022-08-22,2022-08-28,Kon Tum,Kon Tum,Robusta / ca phe nhan xo noi dia,49700,49700.0,2,observed,23.971,87.0,58.4,0.494,Dat do vang / dat bazan cuc bo,3,low
2022-08-22,2022-08-28,Lam Dong,Bao Loc,Robusta / ca phe nhan xo noi dia,49300,49300.0,2,observed,22.129,89.0,36.4,0.475,Dat do vang tren bazan,4,low
2022-08-22,2022-08-28,Lam Dong,Di Linh,Robusta / ca phe nhan xo noi dia,49300,49300.0,2,observed,21.557,89.143,51.3,0.494,Dat do vang tren bazan,4,medium
2022-08-22,2022-08-28,Lam Dong,Lam Ha,Robusta / ca phe nhan xo noi dia,49300,49300.0,2,observed,22.014,86.571,50.0,0.483,Dat do vang tren bazan,4,low
2022-08-29,2022-09-04,Dak Lak,Buon Ho,Robusta / ca phe nhan xo noi dia,48600,48600.0,2,observed,23.771,86.286,23.2,0.449,Dat do bazan,5,medium
2022-08-29,2022-09-04,Dak Lak,Cu M'gar,Robusta / ca phe nhan xo noi dia,48600,,0,province_proxy,25.029,84.714,44.4,0.468,Dat do bazan,5,high
2022-08-29,2022-09-04,Dak Lak,Ea H'leo,Robusta / ca phe nhan xo noi dia,48600,48600.0,2,observed,24.329,85.0,39.4,0.482,Dat do bazan,5,medium
2022-08-29,2022-09-04,Dak Nong,Dak R'lap,Robusta / ca phe nhan xo noi dia,40100,,0,interpolated_area,23.357,89.714,62.9,0.494,Dat do bazan,4,low
2022-08-29,2022-09-04,Dak Nong,Gia Nghia,Robusta / ca phe nhan xo noi dia,40100,,0,interpolated_area,23.371,88.857,84.7,0.487,Dat do bazan,4,low
2022-08-29,2022-09-04,Gia Lai,Chu Prong,Robusta / ca phe nhan xo noi dia,48500,,0,province_proxy,25.157,84.714,94.7,0.483,Dat do bazan,4,low
2022-08-29,2022-09-04,Gia Lai,Ia Grai,Robusta / ca phe nhan xo noi dia,48500,48500.0,2,observed,25.814,84.714,65.7,0.479,Dat do bazan,4,low
2022-08-29,2022-09-04,Gia Lai,Pleiku,Robusta / ca phe nhan xo noi dia,48500,48500.0,2,observed,23.186,86.714,84.0,0.486,Dat do bazan,4,low
2022-08-29,2022-09-04,Kon Tum,Kon Tum,Robusta / ca phe nhan xo noi dia,48600,48600.0,2,observed,24.043,87.429,68.3,0.471,Dat do vang / dat bazan cuc bo,3,low
2022-08-29,2022-09-04,Lam Dong,Bao Loc,Robusta / ca phe nhan xo noi dia,48100,48100.0,2,observed,22.3,89.571,46.9,0.483,Dat do vang tren bazan,4,low
2022-08-29,2022-09-04,Lam Dong,Di Linh,Robusta / ca phe nhan xo noi dia,48100,48100.0,2,observed,21.729,89.143,70.9,0.49,Dat do vang tren bazan,4,medium
2022-08-29,2022-09-04,Lam Dong,Lam Ha,Robusta / ca phe nhan xo noi dia,48100,48100.0,2,observed,22.014,87.0,32.3,0.485,Dat do vang tren bazan,4,low
2022-09-05,2022-09-11,Dak Lak,Buon Ho,Robusta / ca phe nhan xo noi dia,48250,48250.0,2,observed,23.014,89.143,56.5,0.478,Dat do bazan,5,medium
2022-09-05,2022-09-11,Dak Lak,Cu M'gar,Robusta / ca phe nhan xo noi dia,48250,,0,province_proxy,24.429,86.0,74.3,0.484,Dat do bazan,5,high
2022-09-05,2022-09-11,Dak Lak,Ea H'leo,Robusta / ca phe nhan xo noi dia,48250,48250.0,2,observed,23.543,87.571,51.8,0.487,Dat do bazan,5,medium
2022-09-05,2022-09-11,Dak Nong,Dak R'lap,Robusta / ca phe nhan xo noi dia,40100,,0,interpolated_area,22.843,91.429,69.7,0.499,Dat do bazan,4,low
2022-09-05,2022-09-11,Dak Nong,Gia Nghia,Robusta / ca phe nhan xo noi dia,40100,,0,interpolated_area,22.771,90.143,60.9,0.492,Dat do bazan,4,low
2022-09-05,2022-09-11,Gia Lai,Chu Prong,Robusta / ca phe nhan xo noi dia,48150,,0,province_proxy,24.343,87.286,74.0,0.481,Dat do bazan,4,low
2022-09-05,2022-09-11,Gia Lai,Ia Grai,Robusta / ca phe nhan xo noi dia,48150,48150.0,2,observed,25.0,87.143,93.8,0.487,Dat do bazan,4,low
2022-09-05,2022-09-11,Gia Lai,Pleiku,Robusta / ca phe nhan xo noi dia,48150,48150.0,2,observed,22.557,88.857,69.7,0.485,Dat do bazan,4,low
2022-09-05,2022-09-11,Kon Tum,Kon Tum,Robusta / ca phe nhan xo noi dia,48250,48250.0,2,observed,23.457,88.714,64.0,0.485,Dat do vang / dat bazan cuc bo,3,low
2022-09-05,2022-09-11,Lam Dong,Bao Loc,Robusta / ca phe nhan xo noi dia,47750,47750.0,2,observed,21.786,90.714,53.2,0.492,Dat do vang tren bazan,4,low
2022-09-05,2022-09-11,Lam Dong,Di Linh,Robusta / ca phe nhan xo noi dia,47750,47750.0,2,observed,21.3,91.0,66.8,0.496,Dat do vang tren bazan,4,medium
2022-09-05,2022-09-11,Lam Dong,Lam Ha,Robusta / ca phe nhan xo noi dia,47750,47750.0,2,observed,21.557,88.714,63.0,0.49,Dat do vang tren bazan,4,low
2022-09-12,2022-09-18,Dak Lak,Buon Ho,Robusta / ca phe nhan xo noi dia,47967,47966.666666666664,3,observed,23.029,88.286,46.8,0.449,Dat do bazan,5,medium
2022-09-12,2022-09-18,Dak Lak,Cu M'gar,Robusta / ca phe nhan xo noi dia,47967,,0,province_proxy,24.071,87.714,79.4,0.474,Dat do bazan,5,high
2022-09-12,2022-09-18,Dak Lak,Ea H'leo,Robusta / ca phe nhan xo noi dia,47967,47966.666666666664,3,observed,23.414,88.286,51.9,0.485,Dat do bazan,5,medium
2022-09-12,2022-09-18,Dak Nong,Dak R'lap,Robusta / ca phe nhan xo noi dia,40100,,0,interpolated_area,22.757,91.429,114.5,0.501,Dat do bazan,4,low
2022-09-12,2022-09-18,Dak Nong,Gia Nghia,Robusta / ca phe nhan xo noi dia,40100,,0,interpolated_area,22.771,90.0,110.8,0.497,Dat do bazan,4,low
2022-09-12,2022-09-18,Gia Lai,Chu Prong,Robusta / ca phe nhan xo noi dia,47750,,0,province_proxy,24.029,89.0,106.0,0.488,Dat do bazan,4,low
2022-09-12,2022-09-18,Gia Lai,Ia Grai,Robusta / ca phe nhan xo noi dia,47750,47750.0,2,observed,24.686,88.429,112.3,0.493,Dat do bazan,4,low
2022-09-12,2022-09-18,Gia Lai,Pleiku,Robusta / ca phe nhan xo noi dia,47750,47750.0,2,observed,22.329,89.714,80.0,0.496,Dat do bazan,4,low
2022-09-12,2022-09-18,Kon Tum,Kon Tum,Robusta / ca phe nhan xo noi dia,47967,47966.666666666664,3,observed,23.3,89.571,63.7,0.488,Dat do vang / dat bazan cuc bo,3,low
2022-09-12,2022-09-18,Lam Dong,Bao Loc,Robusta / ca phe nhan xo noi dia,47467,47466.666666666664,3,observed,21.786,90.714,40.7,0.489,Dat do vang tren bazan,4,low
2022-09-12,2022-09-18,Lam Dong,Di Linh,Robusta / ca phe nhan xo noi dia,47467,47466.666666666664,3,observed,21.214,91.0,39.5,0.493,Dat do vang tren bazan,4,medium
2022-09-12,2022-09-18,Lam Dong,Lam Ha,Robusta / ca phe nhan xo noi dia,47467,47466.666666666664,3,observed,21.8,87.0,39.9,0.489,Dat do vang tren bazan,4,low
2022-09-19,2022-09-25,Dak Lak,Buon Ho,Robusta / ca phe nhan xo noi dia,47400,47400.0,2,observed,22.671,90.143,67.2,0.483,Dat do bazan,5,medium
2022-09-19,2022-09-25,Dak Lak,Cu M'gar,Robusta / ca phe nhan xo noi dia,47400,,0,province_proxy,23.771,89.143,114.6,0.499,Dat do bazan,5,high
2022-09-19,2022-09-25,Dak Lak,Ea H'leo,Robusta / ca phe nhan xo noi dia,47400,47400.0,2,observed,22.971,89.857,73.0,0.5,Dat do bazan,5,medium
2022-09-19,2022-09-25,Dak Nong,Dak R'lap,Robusta / ca phe nhan xo noi dia,40100,,0,interpolated_area,22.571,93.0,87.5,0.503,Dat do bazan,4,low
2022-09-19,2022-09-25,Dak Nong,Gia Nghia,Robusta / ca phe nhan xo noi dia,40100,,0,interpolated_area,22.657,91.0,71.9,0.496,Dat do bazan,4,low
2022-09-19,2022-09-25,Gia Lai,Chu Prong,Robusta / ca phe nhan xo noi dia,47350,,0,province_proxy,23.471,91.429,82.2,0.499,Dat do bazan,4,low
2022-09-19,2022-09-25,Gia Lai,Ia Grai,Robusta / ca phe nhan xo noi dia,47350,47350.0,2,observed,24.186,91.286,117.4,0.503,Dat do bazan,4,low
2022-09-19,2022-09-25,Gia Lai,Pleiku,Robusta / ca phe nhan xo noi dia,47350,47350.0,2,observed,21.929,92.429,106.0,0.5,Dat do bazan,4,low
2022-09-19,2022-09-25,Kon Tum,Kon Tum,Robusta / ca phe nhan xo noi dia,47567,47566.666666666664,3,observed,22.929,91.857,82.8,0.501,Dat do vang / dat bazan cuc bo,3,low
2022-09-19,2022-09-25,Lam Dong,Bao Loc,Robusta / ca phe nhan xo noi dia,46900,46900.0,1,observed,21.786,90.286,38.5,0.484,Dat do vang tren bazan,4,low
2022-09-19,2022-09-25,Lam Dong,Di Linh,Robusta / ca phe nhan xo noi dia,46900,46900.0,1,observed,21.186,91.571,55.5,0.493,Dat do vang tren bazan,4,medium
2022-09-19,2022-09-25,Lam Dong,Lam Ha,Robusta / ca phe nhan xo noi dia,46900,46900.0,1,observed,21.714,88.571,55.4,0.487,Dat do vang tren bazan,4,low
2022-09-26,2022-10-02,Dak Lak,Buon Ho,Robusta / ca phe nhan xo noi dia,47300,47300.0,1,observed,22.343,90.571,61.8,0.499,Dat do bazan,5,medium
2022-09-26,2022-10-02,Dak Lak,Cu M'gar,Robusta / ca phe nhan xo noi dia,47300,,0,province_proxy,23.729,88.143,64.9,0.499,Dat do bazan,5,high
2022-09-26,2022-10-02,Dak Lak,Ea H'leo,Robusta / ca phe nhan xo noi dia,47300,47300.0,1,observed,22.8,89.429,65.0,0.499,Dat do bazan,5,medium
2022-09-26,2022-10-02,Dak Nong,Dak R'lap,Robusta / ca phe nhan xo noi dia,40100,,0,interpolated_area,22.086,94.714,97.4,0.499,Dat do bazan,4,low
2022-09-26,2022-10-02,Dak Nong,Gia Nghia,Robusta / ca phe nhan xo noi dia,40100,,0,interpolated_area,22.157,93.0,79.0,0.499,Dat do bazan,4,low
2022-09-26,2022-10-02,Gia Lai,Chu Prong,Robusta / ca phe nhan xo noi dia,47200,,0,province_proxy,23.5,90.571,96.9,0.5,Dat do bazan,4,low
2022-09-26,2022-10-02,Gia Lai,Ia Grai,Robusta / ca phe nhan xo noi dia,47200,47200.0,1,observed,24.114,91.286,154.4,0.501,Dat do bazan,4,low
2022-09-26,2022-10-02,Gia Lai,Pleiku,Robusta / ca phe nhan xo noi dia,47200,47200.0,1,observed,21.771,92.714,114.2,0.503,Dat do bazan,4,low
2022-09-26,2022-10-02,Kon Tum,Kon Tum,Robusta / ca phe nhan xo noi dia,47300,47300.0,1,observed,23.014,90.143,162.4,0.499,Dat do vang / dat bazan cuc bo,3,low
2022-09-26,2022-10-02,Lam Dong,Bao Loc,Robusta / ca phe nhan xo noi dia,46800,46800.0,1,observed,21.4,92.714,75.3,0.504,Dat do vang tren bazan,4,low
2022-09-26,2022-10-02,Lam Dong,Di Linh,Robusta / ca phe nhan xo noi dia,46800,46800.0,1,observed,20.771,93.286,90.7,0.505,Dat do vang tren bazan,4,medium
2022-09-26,2022-10-02,Lam Dong,Lam Ha,Robusta / ca phe nhan xo noi dia,46800,46800.0,1,observed,21.543,89.286,42.7,0.499,Dat do vang tren bazan,4,low
2022-10-03,2022-10-09,Dak Lak,Buon Ho,Robusta / ca phe nhan xo noi dia,46533,46533.333333333336,3,observed,22.586,91.0,14.9,0.452,Dat do bazan,5,medium
2022-10-03,2022-10-09,Dak Lak,Cu M'gar,Robusta / ca phe nhan xo noi dia,46533,,0,province_proxy,24.557,84.0,17.4,0.454,Dat do bazan,5,high
2022-10-03,2022-10-09,Dak Lak,Ea H'leo,Robusta / ca phe nhan xo noi dia,46533,46533.333333333336,3,observed,23.471,86.286,12.9,0.47,Dat do bazan,5,medium
2022-10-03,2022-10-09,Dak Nong,Dak R'lap,Robusta / ca phe nhan xo noi dia,40100,,0,interpolated_area,22.786,91.0,73.1,0.494,Dat do bazan,4,low
2022-10-03,2022-10-09,Dak Nong,Gia Nghia,Robusta / ca phe nhan xo noi dia,40100,,0,interpolated_area,22.557,90.429,88.8,0.495,Dat do bazan,4,low
2022-10-03,2022-10-09,Gia Lai,Chu Prong,Robusta / ca phe nhan xo noi dia,46433,,0,province_proxy,24.686,82.0,35.0,0.471,Dat do bazan,4,low
2022-10-03,2022-10-09,Gia Lai,Ia Grai,Robusta / ca phe nhan xo noi dia,46433,46433.333333333336,3,observed,25.086,84.429,41.5,0.48,Dat do bazan,4,low
2022-10-03,2022-10-09,Gia Lai,Pleiku,Robusta / ca phe nhan xo noi dia,46433,46433.333333333336,3,observed,22.729,85.143,30.2,0.48,Dat do bazan,4,low
2022-10-03,2022-10-09,Kon Tum,Kon Tum,Robusta / ca phe nhan xo noi dia,46533,46533.333333333336,3,observed,23.4,85.143,16.2,0.475,Dat do vang / dat bazan cuc bo,3,low
2022-10-03,2022-10-09,Lam Dong,Bao Loc,Robusta / ca phe nhan xo noi dia,46233,46233.333333333336,3,observed,21.657,89.286,80.7,0.493,Dat do vang tren bazan,4,low
2022-10-03,2022-10-09,Lam Dong,Di Linh,Robusta / ca phe nhan xo noi dia,46233,46233.333333333336,3,observed,21.486,87.143,50.0,0.494,Dat do vang tren bazan,4,medium
2022-10-03,2022-10-09,Lam Dong,Lam Ha,Robusta / ca phe nhan xo noi dia,46233,46233.333333333336,3,observed,21.271,88.143,67.3,0.491,Dat do vang tren bazan,4,low
2022-10-10,2022-10-16,Dak Lak,Buon Ho,Robusta / ca phe nhan xo noi dia,46550,46550.0,2,observed,21.6,88.857,80.0,0.481,Dat do bazan,5,medium
2022-10-10,2022-10-16,Dak Lak,Cu M'gar,Robusta / ca phe nhan xo noi dia,46550,,0,province_proxy,22.886,86.0,66.9,0.48,Dat do bazan,5,high
2022-10-10,2022-10-16,Dak Lak,Ea H'leo,Robusta / ca phe nhan xo noi dia,46550,46550.0,2,observed,21.857,88.571,104.1,0.477,Dat do bazan,5,medium
2022-10-10,2022-10-16,Dak Nong,Dak R'lap,Robusta / ca phe nhan xo noi dia,40100,,0,interpolated_area,22.2,86.429,34.9,0.477,Dat do bazan,4,low
2022-10-10,2022-10-16,Dak Nong,Gia Nghia,Robusta / ca phe nhan xo noi dia,40100,,0,interpolated_area,22.086,85.857,11.6,0.475,Dat do bazan,4,low
2022-10-10,2022-10-16,Gia Lai,Chu Prong,Robusta / ca phe nhan xo noi dia,46450,,0,province_proxy,22.943,86.571,129.6,0.492,Dat do bazan,4,low
2022-10-10,2022-10-16,Gia Lai,Ia Grai,Robusta / ca phe nhan xo noi dia,46450,46450.0,2,observed,23.543,86.857,136.4,0.492,Dat do bazan,4,low
2022-10-10,2022-10-16,Gia Lai,Pleiku,Robusta / ca phe nhan xo noi dia,46450,46450.0,2,observed,21.286,86.714,120.3,0.489,Dat do bazan,4,low
2022-10-10,2022-10-16,Kon Tum,Kon Tum,Robusta / ca phe nhan xo noi dia,46550,46550.0,2,observed,22.029,87.857,96.5,0.478,Dat do vang / dat bazan cuc bo,3,low
2022-10-10,2022-10-16,Lam Dong,Bao Loc,Robusta / ca phe nhan xo noi dia,46250,46250.0,2,observed,20.686,89.143,21.5,0.473,Dat do vang tren bazan,4,low
2022-10-10,2022-10-16,Lam Dong,Di Linh,Robusta / ca phe nhan xo noi dia,46250,46250.0,2,observed,20.286,89.857,41.2,0.478,Dat do vang tren bazan,4,medium
2022-10-10,2022-10-16,Lam Dong,Lam Ha,Robusta / ca phe nhan xo noi dia,46250,46250.0,2,observed,20.643,87.571,42.6,0.485,Dat do vang tren bazan,4,low
2022-10-17,2022-10-23,Dak Lak,Buon Ho,Robusta / ca phe nhan xo noi dia,44250,44250.0,2,observed,22.614,83.857,17.8,0.432,Dat do bazan,5,medium
2022-10-17,2022-10-23,Dak Lak,Cu M'gar,Robusta / ca phe nhan xo noi dia,44250,,0,province_proxy,24.329,79.571,16.4,0.432,Dat do bazan,5,high
2022-10-17,2022-10-23,Dak Lak,Ea H'leo,Robusta / ca phe nhan xo noi dia,44250,44250.0,2,observed,23.3,79.0,3.5,0.429,Dat do bazan,5,medium
2022-10-17,2022-10-23,Dak Nong,Dak R'lap,Robusta / ca phe nhan xo noi dia,40100,,0,interpolated_area,22.6,89.143,53.6,0.486,Dat do bazan,4,low
2022-10-17,2022-10-23,Dak Nong,Gia Nghia,Robusta / ca phe nhan xo noi dia,40100,,0,interpolated_area,22.614,87.143,58.4,0.474,Dat do bazan,4,low
2022-10-17,2022-10-23,Gia Lai,Chu Prong,Robusta / ca phe nhan xo noi dia,44150,,0,province_proxy,24.214,78.857,7.0,0.425,Dat do bazan,4,low
2022-10-17,2022-10-23,Gia Lai,Ia Grai,Robusta / ca phe nhan xo noi dia,44150,44150.0,2,observed,24.7,80.429,6.5,0.44,Dat do bazan,4,low
2022-10-17,2022-10-23,Gia Lai,Pleiku,Robusta / ca phe nhan xo noi dia,44150,44150.0,2,observed,22.129,82.143,3.9,0.439,Dat do bazan,4,low
2022-10-17,2022-10-23,Kon Tum,Kon Tum,Robusta / ca phe nhan xo noi dia,44250,44250.0,2,observed,22.514,82.0,2.3,0.434,Dat do vang / dat bazan cuc bo,3,low
2022-10-17,2022-10-23,Lam Dong,Bao Loc,Robusta / ca phe nhan xo noi dia,43850,43850.0,2,observed,21.4,89.143,44.9,0.479,Dat do vang tren bazan,4,low
2022-10-17,2022-10-23,Lam Dong,Di Linh,Robusta / ca phe nhan xo noi dia,43850,43850.0,2,observed,21.271,87.857,45.7,0.476,Dat do vang tren bazan,4,medium
2022-10-17,2022-10-23,Lam Dong,Lam Ha,Robusta / ca phe nhan xo noi dia,43850,43850.0,2,observed,21.514,87.0,51.7,0.478,Dat do vang tren bazan,4,low
2022-10-24,2022-10-30,Dak Lak,Buon Ho,Robusta / ca phe nhan xo noi dia,42450,42450.0,2,observed,22.071,88.429,13.1,0.418,Dat do bazan,5,medium
2022-10-24,2022-10-30,Dak Lak,Cu M'gar,Robusta / ca phe nhan xo noi dia,42450,,0,province_proxy,23.943,81.714,20.3,0.44,Dat do bazan,5,high
2022-10-24,2022-10-30,Dak Lak,Ea H'leo,Robusta / ca phe nhan xo noi dia,42450,42450.0,2,observed,22.771,83.857,14.6,0.412,Dat do bazan,5,medium
2022-10-24,2022-10-30,Dak Nong,Dak R'lap,Robusta / ca phe nhan xo noi dia,40100,,0,interpolated_area,23.171,83.429,25.4,0.472,Dat do bazan,4,low
2022-10-24,2022-10-30,Dak Nong,Gia Nghia,Robusta / ca phe nhan xo noi dia,40100,,0,interpolated_area,22.886,83.286,27.0,0.466,Dat do bazan,4,low
2022-10-24,2022-10-30,Gia Lai,Chu Prong,Robusta / ca phe nhan xo noi dia,42400,,0,province_proxy,24.557,75.0,12.2,0.355,Dat do bazan,4,low
2022-10-24,2022-10-30,Gia Lai,Ia Grai,Robusta / ca phe nhan xo noi dia,42400,42400.0,2,observed,25.029,76.0,8.5,0.406,Dat do bazan,4,low
2022-10-24,2022-10-30,Gia Lai,Pleiku,Robusta / ca phe nhan xo noi dia,42400,42400.0,2,observed,22.429,78.857,3.2,0.376,Dat do bazan,4,low
2022-10-24,2022-10-30,Kon Tum,Kon Tum,Robusta / ca phe nhan xo noi dia,42500,42500.0,2,observed,23.1,79.714,18.2,0.4,Dat do vang / dat bazan cuc bo,3,low
2022-10-24,2022-10-30,Lam Dong,Bao Loc,Robusta / ca phe nhan xo noi dia,43200,43200.0,1,observed,21.5,87.857,17.2,0.475,Dat do vang tren bazan,4,low
2022-10-24,2022-10-30,Lam Dong,Di Linh,Robusta / ca phe nhan xo noi dia,43200,43200.0,1,observed,21.314,86.857,39.0,0.482,Dat do vang tren bazan,4,medium
2022-10-24,2022-10-30,Lam Dong,Lam Ha,Robusta / ca phe nhan xo noi dia,43200,43200.0,1,observed,21.443,86.0,36.9,0.482,Dat do vang tren bazan,4,low
2022-10-31,2022-11-06,Dak Lak,Buon Ho,Robusta / ca phe nhan xo noi dia,41150,41150.0,2,observed,21.471,82.714,1.6,0.349,Dat do bazan,5,medium
2022-10-31,2022-11-06,Dak Lak,Cu M'gar,Robusta / ca phe nhan xo noi dia,41150,,0,province_proxy,23.557,75.857,1.2,0.346,Dat do bazan,5,high
2022-10-31,2022-11-06,Dak Lak,Ea H'leo,Robusta / ca phe nhan xo noi dia,41150,41150.0,2,observed,22.329,77.571,1.8,0.366,Dat do bazan,5,medium
2022-10-31,2022-11-06,Dak Nong,Dak R'lap,Robusta / ca phe nhan xo noi dia,40100,,0,interpolated_area,22.271,86.143,31.4,0.434,Dat do bazan,4,low
2022-10-31,2022-11-06,Dak Nong,Gia Nghia,Robusta / ca phe nhan xo noi dia,40100,,0,interpolated_area,22.071,85.0,32.2,0.422,Dat do bazan,4,low
2022-10-31,2022-11-06,Gia Lai,Chu Prong,Robusta / ca phe nhan xo noi dia,41150,,0,province_proxy,23.8,69.571,0.5,0.264,Dat do bazan,4,low
2022-10-31,2022-11-06,Gia Lai,Ia Grai,Robusta / ca phe nhan xo noi dia,41150,41150.0,2,observed,23.929,72.857,4.2,0.336,Dat do bazan,4,low
2022-10-31,2022-11-06,Gia Lai,Pleiku,Robusta / ca phe nhan xo noi dia,41150,41150.0,2,observed,21.1,77.0,5.2,0.314,Dat do bazan,4,low
2022-10-31,2022-11-06,Kon Tum,Kon Tum,Robusta / ca phe nhan xo noi dia,41250,41250.0,2,observed,21.443,77.714,0.9,0.316,Dat do vang / dat bazan cuc bo,3,low
2022-10-31,2022-11-06,Lam Dong,Bao Loc,Robusta / ca phe nhan xo noi dia,40650,40650.0,2,observed,20.814,87.857,38.0,0.459,Dat do vang tren bazan,4,low
2022-10-31,2022-11-06,Lam Dong,Di Linh,Robusta / ca phe nhan xo noi dia,40650,40650.0,2,observed,20.429,87.143,42.1,0.46,Dat do vang tren bazan,4,medium
2022-10-31,2022-11-06,Lam Dong,Lam Ha,Robusta / ca phe nhan xo noi dia,40650,40650.0,2,observed,20.443,85.857,49.6,0.451,Dat do vang tren bazan,4,low
2022-11-07,2022-11-13,Dak Lak,Buon Ho,Robusta / ca phe nhan xo noi dia,40400,40400.0,2,observed,22.086,86.857,5.2,0.3,Dat do bazan,5,medium
2022-11-07,2022-11-13,Dak Lak,Cu M'gar,Robusta / ca phe nhan xo noi dia,40400,,0,province_proxy,24.129,79.286,2.4,0.295,Dat do bazan,5,high
2022-11-07,2022-11-13,Dak Lak,Ea H'leo,Robusta / ca phe nhan xo noi dia,40400,40400.0,2,observed,23.043,80.714,9.1,0.321,Dat do bazan,5,medium
2022-11-07,2022-11-13,Dak Nong,Dak R'lap,Robusta / ca phe nhan xo noi dia,40100,,0,interpolated_area,23.286,81.714,7.2,0.405,Dat do bazan,4,low
2022-11-07,2022-11-13,Dak Nong,Gia Nghia,Robusta / ca phe nhan xo noi dia,40100,,0,interpolated_area,23.1,80.286,11.5,0.392,Dat do bazan,4,low
2022-11-07,2022-11-13,Gia Lai,Chu Prong,Robusta / ca phe nhan xo noi dia,40400,,0,province_proxy,25.314,68.286,1.7,0.217,Dat do bazan,4,low
2022-11-07,2022-11-13,Gia Lai,Ia Grai,Robusta / ca phe nhan xo noi dia,40400,40400.0,2,observed,25.886,69.429,2.4,0.346,Dat do bazan,4,low
2022-11-07,2022-11-13,Gia Lai,Pleiku,Robusta / ca phe nhan xo noi dia,40400,40400.0,2,observed,22.757,74.571,1.0,0.294,Dat do bazan,4,low
2022-11-07,2022-11-13,Kon Tum,Kon Tum,Robusta / ca phe nhan xo noi dia,40500,40500.0,2,observed,23.271,76.0,0.5,0.272,Dat do vang / dat bazan cuc bo,3,low
2022-11-07,2022-11-13,Lam Dong,Bao Loc,Robusta / ca phe nhan xo noi dia,39900,39900.0,2,observed,21.443,86.0,21.6,0.45,Dat do vang tren bazan,4,low
2022-11-07,2022-11-13,Lam Dong,Di Linh,Robusta / ca phe nhan xo noi dia,39900,39900.0,2,observed,21.486,82.143,30.1,0.438,Dat do vang tren bazan,4,medium
2022-11-07,2022-11-13,Lam Dong,Lam Ha,Robusta / ca phe nhan xo noi dia,39900,39900.0,2,observed,21.129,83.571,21.5,0.455,Dat do vang tren bazan,4,low
2022-11-14,2022-11-20,Dak Lak,Buon Ho,Robusta / ca phe nhan xo noi dia,39925,39925.0,4,observed,22.143,90.429,76.5,0.342,Dat do bazan,5,medium
2022-11-14,2022-11-20,Dak Lak,Cu M'gar,Robusta / ca phe nhan xo noi dia,40100,40100.0,1,observed,24.214,82.429,63.3,0.313,Dat do bazan,5,high
2022-11-14,2022-11-20,Dak Lak,Ea H'leo,Robusta / ca phe nhan xo noi dia,39925,39925.0,4,observed,22.986,86.143,56.5,0.352,Dat do bazan,5,medium
2022-11-14,2022-11-20,Dak Nong,Dak R'lap,Robusta / ca phe nhan xo noi dia,40100,,0,province_proxy,22.529,89.571,62.8,0.456,Dat do bazan,4,low
2022-11-14,2022-11-20,Dak Nong,Gia Nghia,Robusta / ca phe nhan xo noi dia,40100,40100.0,1,observed,22.5,88.143,73.8,0.435,Dat do bazan,4,low
2022-11-14,2022-11-20,Gia Lai,Chu Prong,Robusta / ca phe nhan xo noi dia,40100,40100.0,1,observed,25.371,72.571,25.5,0.241,Dat do bazan,4,low
2022-11-14,2022-11-20,Gia Lai,Ia Grai,Robusta / ca phe nhan xo noi dia,39900,39900.0,3,observed,26.143,71.714,23.0,0.314,Dat do bazan,4,low
2022-11-14,2022-11-20,Gia Lai,Pleiku,Robusta / ca phe nhan xo noi dia,39925,39925.0,4,observed,22.886,78.571,33.2,0.313,Dat do bazan,4,low
2022-11-14,2022-11-20,Kon Tum,Kon Tum,Robusta / ca phe nhan xo noi dia,189750,189750.0,4,observed,23.771,77.714,23.7,0.298,Dat do vang / dat bazan cuc bo,3,low
2022-11-14,2022-11-20,Lam Dong,Bao Loc,Robusta / ca phe nhan xo noi dia,39633,39633.333333333336,3,observed,21.271,89.0,82.3,0.459,Dat do vang tren bazan,4,low
2022-11-14,2022-11-20,Lam Dong,Di Linh,Robusta / ca phe nhan xo noi dia,39633,39633.333333333336,3,observed,21.243,84.429,75.1,0.462,Dat do vang tren bazan,4,medium
2022-11-14,2022-11-20,Lam Dong,Lam Ha,Robusta / ca phe nhan xo noi dia,39633,39633.333333333336,3,observed,21.086,85.571,71.5,0.464,Dat do vang tren bazan,4,low
2022-11-21,2022-11-27,Dak Lak,Buon Ho,Robusta / ca phe nhan xo noi dia,39500,39500.0,1,observed,22.214,92.0,16.1,0.471,Dat do bazan,5,medium
2022-11-21,2022-11-27,Dak Lak,Cu M'gar,Robusta / ca phe nhan xo noi dia,39500,,0,province_proxy,24.143,86.0,55.4,0.478,Dat do bazan,5,high
2022-11-21,2022-11-27,Dak Lak,Ea H'leo,Robusta / ca phe nhan xo noi dia,39500,39500.0,1,observed,23.071,88.286,24.5,0.475,Dat do bazan,5,medium
2022-11-21,2022-11-27,Dak Nong,Dak R'lap,Robusta / ca phe nhan xo noi dia,40550,,0,interpolated_area,22.171,93.286,76.5,0.496,Dat do bazan,4,low
2022-11-21,2022-11-27,Dak Nong,Gia Nghia,Robusta / ca phe nhan xo noi dia,40550,,0,interpolated_area,22.057,91.857,80.7,0.497,Dat do bazan,4,low
2022-11-21,2022-11-27,Gia Lai,Chu Prong,Robusta / ca phe nhan xo noi dia,39800,,0,province_proxy,24.571,81.429,20.4,0.396,Dat do bazan,4,low
2022-11-21,2022-11-27,Gia Lai,Ia Grai,Robusta / ca phe nhan xo noi dia,39800,39800.0,2,observed,25.014,83.429,54.5,0.44,Dat do bazan,4,low
2022-11-21,2022-11-27,Gia Lai,Pleiku,Robusta / ca phe nhan xo noi dia,39800,39800.0,2,observed,22.157,88.571,31.0,0.449,Dat do bazan,4,low
2022-11-21,2022-11-27,Kon Tum,Kon Tum,Robusta / ca phe nhan xo noi dia,39850,39850.0,2,observed,23.129,87.571,40.1,0.435,Dat do vang / dat bazan cuc bo,3,low
2022-11-21,2022-11-27,Lam Dong,Bao Loc,Robusta / ca phe nhan xo noi dia,39100,39100.0,1,observed,21.229,91.0,46.4,0.489,Dat do vang tren bazan,4,low
2022-11-21,2022-11-27,Lam Dong,Di Linh,Robusta / ca phe nhan xo noi dia,39100,39100.0,1,observed,20.943,91.143,37.0,0.49,Dat do vang tren bazan,4,medium
2022-11-21,2022-11-27,Lam Dong,Lam Ha,Robusta / ca phe nhan xo noi dia,39100,39100.0,1,observed,20.843,90.286,41.2,0.488,Dat do vang tren bazan,4,low
2022-11-28,2022-12-04,Dak Lak,Buon Ho,Robusta / ca phe nhan xo noi dia,40650,40650.0,2,observed,21.814,90.857,6.5,0.413,Dat do bazan,5,medium
2022-11-28,2022-12-04,Dak Lak,Cu M'gar,Robusta / ca phe nhan xo noi dia,41000,41000.0,1,observed,23.886,83.286,9.7,0.404,Dat do bazan,5,high
2022-11-28,2022-12-04,Dak Lak,Ea H'leo,Robusta / ca phe nhan xo noi dia,40650,40650.0,2,observed,22.771,85.714,7.6,0.425,Dat do bazan,5,medium
2022-11-28,2022-12-04,Dak Nong,Dak R'lap,Robusta / ca phe nhan xo noi dia,41000,,0,province_proxy,22.843,85.571,12.0,0.455,Dat do bazan,4,low
2022-11-28,2022-12-04,Dak Nong,Gia Nghia,Robusta / ca phe nhan xo noi dia,41000,41000.0,1,observed,22.657,84.571,12.0,0.445,Dat do bazan,4,low
2022-11-28,2022-12-04,Gia Lai,Chu Prong,Robusta / ca phe nhan xo noi dia,41000,41000.0,1,observed,25.329,71.286,2.2,0.29,Dat do bazan,4,low
2022-11-28,2022-12-04,Gia Lai,Ia Grai,Robusta / ca phe nhan xo noi dia,40400,40400.0,1,observed,25.871,72.0,1.5,0.376,Dat do bazan,4,low
2022-11-28,2022-12-04,Gia Lai,Pleiku,Robusta / ca phe nhan xo noi dia,40650,40650.0,2,observed,22.5,80.0,0.8,0.381,Dat do bazan,4,low
2022-11-28,2022-12-04,Kon Tum,Kon Tum,Robusta / ca phe nhan xo noi dia,40500,40500.0,1,observed,23.429,78.571,3.5,0.358,Dat do vang / dat bazan cuc bo,3,low
2022-11-28,2022-12-04,Lam Dong,Bao Loc,Robusta / ca phe nhan xo noi dia,40250,40250.0,2,observed,21.371,85.571,22.2,0.444,Dat do vang tren bazan,4,low
2022-11-28,2022-12-04,Lam Dong,Di Linh,Robusta / ca phe nhan xo noi dia,40250,40250.0,2,observed,21.086,83.286,14.8,0.447,Dat do vang tren bazan,4,medium
2022-11-28,2022-12-04,Lam Dong,Lam Ha,Robusta / ca phe nhan xo noi dia,40250,40250.0,2,observed,20.9,83.143,16.8,0.429,Dat do vang tren bazan,4,low
2022-12-05,2022-12-11,Dak Lak,Buon Ho,Robusta / ca phe nhan xo noi dia,40767,40766.666666666664,3,observed,20.971,88.143,6.0,0.426,Dat do bazan,5,medium
2022-12-05,2022-12-11,Dak Lak,Cu M'gar,Robusta / ca phe nhan xo noi dia,40500,40500.0,1,observed,23.114,79.714,1.6,0.364,Dat do bazan,5,high
2022-12-05,2022-12-11,Dak Lak,Ea H'leo,Robusta / ca phe nhan xo noi dia,40767,40766.666666666664,3,observed,21.457,86.143,16.8,0.447,Dat do bazan,5,medium
2022-12-05,2022-12-11,Dak Nong,Dak R'lap,Robusta / ca phe nhan xo noi dia,40500,,0,province_proxy,22.714,79.571,4.6,0.441,Dat do bazan,4,low
2022-12-05,2022-12-11,Dak Nong,Gia Nghia,Robusta / ca phe nhan xo noi dia,40500,40500.0,1,observed,22.3,80.857,2.6,0.414,Dat do bazan,4,low
2022-12-05,2022-12-11,Gia Lai,Chu Prong,Robusta / ca phe nhan xo noi dia,40500,40500.0,1,observed,24.643,67.857,0.2,0.233,Dat do bazan,4,low
2022-12-05,2022-12-11,Gia Lai,Ia Grai,Robusta / ca phe nhan xo noi dia,41000,41000.0,2,observed,25.457,66.429,1.0,0.311,Dat do bazan,4,low
2022-12-05,2022-12-11,Gia Lai,Pleiku,Robusta / ca phe nhan xo noi dia,40800,40800.0,3,observed,21.786,76.143,0.3,0.316,Dat do bazan,4,low
2022-12-05,2022-12-11,Kon Tum,Kon Tum,Robusta / ca phe nhan xo noi dia,41050,41050.0,2,observed,23.257,71.286,0.2,0.295,Dat do vang / dat bazan cuc bo,3,low
2022-12-05,2022-12-11,Lam Dong,Bao Loc,Robusta / ca phe nhan xo noi dia,40333,40333.333333333336,3,observed,20.729,88.143,22.9,0.458,Dat do vang tren bazan,4,low
2022-12-05,2022-12-11,Lam Dong,Di Linh,Robusta / ca phe nhan xo noi dia,40333,40333.333333333336,3,observed,20.629,83.857,17.9,0.456,Dat do vang tren bazan,4,medium
2022-12-05,2022-12-11,Lam Dong,Lam Ha,Robusta / ca phe nhan xo noi dia,40333,40333.333333333336,3,observed,20.771,84.0,8.6,0.443,Dat do vang tren bazan,4,low
2022-12-12,2022-12-18,Dak Lak,Buon Ho,Robusta / ca phe nhan xo noi dia,40843,40842.857142857145,7,observed,19.029,84.0,2.8,0.348,Dat do bazan,5,medium
2022-12-12,2022-12-18,Dak Lak,Cu M'gar,Robusta / ca phe nhan xo noi dia,40925,40925.0,4,observed,21.271,75.143,0.6,0.293,Dat do bazan,5,high
2022-12-12,2022-12-18,Dak Lak,Ea H'leo,Robusta / ca phe nhan xo noi dia,40843,40842.857142857145,7,observed,19.6,79.571,4.4,0.382,Dat do bazan,5,medium
2022-12-12,2022-12-18,Dak Nong,Dak R'lap,Robusta / ca phe nhan xo noi dia,41000,,0,province_proxy,21.143,75.0,0.0,0.375,Dat do bazan,4,low
2022-12-12,2022-12-18,Dak Nong,Gia Nghia,Robusta / ca phe nhan xo noi dia,41000,41000.0,4,observed,20.6,76.857,0.2,0.333,Dat do bazan,4,low
2022-12-12,2022-12-18,Gia Lai,Chu Prong,Robusta / ca phe nhan xo noi dia,40925,40925.0,4,observed,22.729,61.571,0.3,0.204,Dat do bazan,4,low
2022-12-12,2022-12-18,Gia Lai,Ia Grai,Robusta / ca phe nhan xo noi dia,40833,40833.333333333336,3,observed,23.171,61.714,0.9,0.282,Dat do bazan,4,low
2022-12-12,2022-12-18,Gia Lai,Pleiku,Robusta / ca phe nhan xo noi dia,40829,40828.57142857143,7,observed,19.786,69.571,1.0,0.287,Dat do bazan,4,low
2022-12-12,2022-12-18,Kon Tum,Kon Tum,Robusta / ca phe nhan xo noi dia,40967,40966.666666666664,3,observed,20.171,70.857,0.6,0.271,Dat do vang / dat bazan cuc bo,3,low
2022-12-12,2022-12-18,Lam Dong,Bao Loc,Robusta / ca phe nhan xo noi dia,40243,40242.857142857145,7,observed,19.214,84.143,0.4,0.386,Dat do vang tren bazan,4,low
2022-12-12,2022-12-18,Lam Dong,Di Linh,Robusta / ca phe nhan xo noi dia,40243,40242.857142857145,7,observed,19.457,80.571,3.4,0.396,Dat do vang tren bazan,4,medium
2022-12-12,2022-12-18,Lam Dong,Lam Ha,Robusta / ca phe nhan xo noi dia,40243,40242.857142857145,7,observed,19.3,80.0,0.8,0.375,Dat do vang tren bazan,4,low
2022-12-19,2022-12-25,Dak Lak,Buon Ho,Robusta / ca phe nhan xo noi dia,40571,,0,interpolated_area,18.257,81.571,0.9,0.298,Dat do bazan,5,medium
2022-12-19,2022-12-25,Dak Lak,Cu M'gar,Robusta / ca phe nhan xo noi dia,40612,,0,interpolated_area,20.429,73.143,0.0,0.252,Dat do bazan,5,high
2022-12-19,2022-12-25,Dak Lak,Ea H'leo,Robusta / ca phe nhan xo noi dia,40571,,0,interpolated_area,18.757,78.571,0.6,0.35,Dat do bazan,5,medium
2022-12-19,2022-12-25,Dak Nong,Dak R'lap,Robusta / ca phe nhan xo noi dia,40792,,0,interpolated_area,20.143,72.429,0.0,0.334,Dat do bazan,4,low
2022-12-19,2022-12-25,Dak Nong,Gia Nghia,Robusta / ca phe nhan xo noi dia,40792,,0,interpolated_area,19.7,74.286,0.0,0.29,Dat do bazan,4,low
2022-12-19,2022-12-25,Gia Lai,Chu Prong,Robusta / ca phe nhan xo noi dia,40812,,0,interpolated_area,21.814,61.0,0.0,0.201,Dat do bazan,4,low
2022-12-19,2022-12-25,Gia Lai,Ia Grai,Robusta / ca phe nhan xo noi dia,40767,,0,interpolated_area,22.543,60.143,0.0,0.273,Dat do bazan,4,low
2022-12-19,2022-12-25,Gia Lai,Pleiku,Robusta / ca phe nhan xo noi dia,40764,,0,interpolated_area,18.886,69.286,0.0,0.273,Dat do bazan,4,low
2022-12-19,2022-12-25,Kon Tum,Kon Tum,Robusta / ca phe nhan xo noi dia,40700,40700.0,1,observed,19.643,68.714,0.0,0.253,Dat do vang / dat bazan cuc bo,3,low
2022-12-19,2022-12-25,Lam Dong,Bao Loc,Robusta / ca phe nhan xo noi dia,40100,,0,province_proxy,18.186,81.714,0.2,0.324,Dat do vang tren bazan,4,low
2022-12-19,2022-12-25,Lam Dong,Di Linh,Robusta / ca phe nhan xo noi dia,40100,40100.0,1,observed,18.443,77.429,1.7,0.324,Dat do vang tren bazan,4,medium
2022-12-19,2022-12-25,Lam Dong,Lam Ha,Robusta / ca phe nhan xo noi dia,40100,,0,province_proxy,18.429,77.429,0.4,0.316,Dat do vang tren bazan,4,low
2022-12-26,2023-01-01,Dak Lak,Buon Ho,Robusta / ca phe nhan xo noi dia,40300,40300.0,2,observed,18.571,82.571,2.6,0.251,Dat do bazan,5,medium
2022-12-26,2023-01-01,Dak Lak,Cu M'gar,Robusta / ca phe nhan xo noi dia,40300,,0,province_proxy,20.829,73.714,0.6,0.229,Dat do bazan,5,high
2022-12-26,2023-01-01,Dak Lak,Ea H'leo,Robusta / ca phe nhan xo noi dia,40300,40300.0,2,observed,19.071,79.0,2.3,0.309,Dat do bazan,5,medium
2022-12-26,2023-01-01,Dak Nong,Dak R'lap,Robusta / ca phe nhan xo noi dia,40583,,0,interpolated_area,20.343,71.286,1.4,0.313,Dat do bazan,4,low
2022-12-26,2023-01-01,Dak Nong,Gia Nghia,Robusta / ca phe nhan xo noi dia,40583,,0,interpolated_area,19.914,72.571,0.4,0.261,Dat do bazan,4,low
2022-12-26,2023-01-01,Gia Lai,Chu Prong,Robusta / ca phe nhan xo noi dia,40700,,0,province_proxy,22.071,60.714,2.5,0.2,Dat do bazan,4,low
2022-12-26,2023-01-01,Gia Lai,Ia Grai,Robusta / ca phe nhan xo noi dia,40700,40700.0,2,observed,22.786,60.143,1.1,0.261,Dat do bazan,4,low
2022-12-26,2023-01-01,Gia Lai,Pleiku,Robusta / ca phe nhan xo noi dia,40700,40700.0,2,observed,19.229,68.714,1.8,0.27,Dat do bazan,4,low
2022-12-26,2023-01-01,Kon Tum,Kon Tum,Robusta / ca phe nhan xo noi dia,40700,40700.0,2,observed,20.043,68.0,0.2,0.242,Dat do vang / dat bazan cuc bo,3,low
2022-12-26,2023-01-01,Lam Dong,Bao Loc,Robusta / ca phe nhan xo noi dia,40100,40100.0,2,observed,18.4,78.857,2.8,0.284,Dat do vang tren bazan,4,low
2022-12-26,2023-01-01,Lam Dong,Di Linh,Robusta / ca phe nhan xo noi dia,40100,40100.0,2,observed,18.457,78.571,4.7,0.283,Dat do vang tren bazan,4,medium
2022-12-26,2023-01-01,Lam Dong,Lam Ha,Robusta / ca phe nhan xo noi dia,40100,40100.0,2,observed,18.371,76.286,3.2,0.286,Dat do vang tren bazan,4,low
2023-01-02,2023-01-08,Dak Lak,Buon Ho,Robusta / ca phe nhan xo noi dia,39600,39600.0,2,observed,19.371,86.429,34.1,0.328,Dat do bazan,5,medium
2023-01-02,2023-01-08,Dak Lak,Cu M'gar,Robusta / ca phe nhan xo noi dia,39600,,0,province_proxy,21.457,78.571,35.5,0.322,Dat do bazan,5,high
2023-01-02,2023-01-08,Dak Lak,Ea H'leo,Robusta / ca phe nhan xo noi dia,39600,39600.0,2,observed,19.314,86.286,37.2,0.384,Dat do bazan,5,medium
2023-01-02,2023-01-08,Dak Nong,Dak R'lap,Robusta / ca phe nhan xo noi dia,40375,,0,interpolated_area,21.014,79.143,20.5,0.378,Dat do bazan,4,low
2023-01-02,2023-01-08,Dak Nong,Gia Nghia,Robusta / ca phe nhan xo noi dia,40375,,0,interpolated_area,20.429,81.286,26.4,0.351,Dat do bazan,4,low
2023-01-02,2023-01-08,Gia Lai,Chu Prong,Robusta / ca phe nhan xo noi dia,39700,,0,province_proxy,22.6,67.429,19.6,0.246,Dat do bazan,4,low
2023-01-02,2023-01-08,Gia Lai,Ia Grai,Robusta / ca phe nhan xo noi dia,39700,39700.0,2,observed,23.214,66.143,9.2,0.291,Dat do bazan,4,low
2023-01-02,2023-01-08,Gia Lai,Pleiku,Robusta / ca phe nhan xo noi dia,39700,39700.0,2,observed,19.886,74.143,15.8,0.31,Dat do bazan,4,low
2023-01-02,2023-01-08,Kon Tum,Kon Tum,Robusta / ca phe nhan xo noi dia,39700,39700.0,2,observed,21.071,71.429,17.4,0.291,Dat do vang / dat bazan cuc bo,3,low
2023-01-02,2023-01-08,Lam Dong,Bao Loc,Robusta / ca phe nhan xo noi dia,39100,39100.0,2,observed,18.9,89.0,48.2,0.385,Dat do vang tren bazan,4,low
2023-01-02,2023-01-08,Lam Dong,Di Linh,Robusta / ca phe nhan xo noi dia,39100,39100.0,2,observed,19.071,88.714,85.0,0.471,Dat do vang tren bazan,4,medium
2023-01-02,2023-01-08,Lam Dong,Lam Ha,Robusta / ca phe nhan xo noi dia,39100,39100.0,2,observed,20.029,82.714,64.4,0.41,Dat do vang tren bazan,4,low
2023-01-09,2023-01-15,Dak Lak,Buon Ho,Robusta / ca phe nhan xo noi dia,39811,39811.11111111111,9,observed,21.214,86.143,5.8,0.427,Dat do bazan,5,medium
2023-01-09,2023-01-15,Dak Lak,Cu M'gar,Robusta / ca phe nhan xo noi dia,40050,40050.0,6,observed,23.129,80.143,8.0,0.405,Dat do bazan,5,high
2023-01-09,2023-01-15,Dak Lak,Ea H'leo,Robusta / ca phe nhan xo noi dia,39811,39811.11111111111,9,observed,22.043,81.571,8.2,0.422,Dat do bazan,5,medium
2023-01-09,2023-01-15,Dak Nong,Dak R'lap,Robusta / ca phe nhan xo noi dia,40167,,0,province_proxy,21.671,87.429,31.1,0.464,Dat do bazan,4,low
2023-01-09,2023-01-15,Dak Nong,Gia Nghia,Robusta / ca phe nhan xo noi dia,40167,40166.666666666664,6,observed,21.386,86.571,40.9,0.468,Dat do bazan,4,low
2023-01-09,2023-01-15,Gia Lai,Chu Prong,Robusta / ca phe nhan xo noi dia,40167,40166.666666666664,6,observed,23.971,72.0,6.9,0.323,Dat do bazan,4,low
2023-01-09,2023-01-15,Gia Lai,Ia Grai,Robusta / ca phe nhan xo noi dia,39700,39700.0,3,observed,24.686,70.857,12.6,0.319,Dat do bazan,4,low
2023-01-09,2023-01-15,Gia Lai,Pleiku,Robusta / ca phe nhan xo noi dia,39944,39944.444444444445,9,observed,21.6,77.714,8.3,0.349,Dat do bazan,4,low
2023-01-09,2023-01-15,Kon Tum,Kon Tum,Robusta / ca phe nhan xo noi dia,39700,39700.0,3,observed,21.971,78.429,6.9,0.369,Dat do vang / dat bazan cuc bo,3,low
2023-01-09,2023-01-15,Lam Dong,Bao Loc,Robusta / ca phe nhan xo noi dia,39389,39388.88888888889,9,observed,20.629,87.0,52.6,0.471,Dat do vang tren bazan,4,low
2023-01-09,2023-01-15,Lam Dong,Di Linh,Robusta / ca phe nhan xo noi dia,39389,39388.88888888889,9,observed,20.2,88.143,25.4,0.477,Dat do vang tren bazan,4,medium
2023-01-09,2023-01-15,Lam Dong,Lam Ha,Robusta / ca phe nhan xo noi dia,39389,39388.88888888889,9,observed,20.329,85.857,24.0,0.463,Dat do vang tren bazan,4,low
2023-01-16,2023-01-22,Dak Lak,Buon Ho,Robusta / ca phe nhan xo noi dia,40867,40866.666666666664,3,observed,19.086,85.571,0.9,0.325,Dat do bazan,5,medium
2023-01-16,2023-01-22,Dak Lak,Cu M'gar,Robusta / ca phe nhan xo noi dia,41000,41000.0,1,observed,21.457,75.571,0.0,0.286,Dat do bazan,5,high
2023-01-16,2023-01-22,Dak Lak,Ea H'leo,Robusta / ca phe nhan xo noi dia,40867,40866.666666666664,3,observed,19.843,79.286,0.5,0.334,Dat do bazan,5,medium
2023-01-16,2023-01-22,Dak Nong,Dak R'lap,Robusta / ca phe nhan xo noi dia,41000,,0,province_proxy,21.314,74.143,0.3,0.379,Dat do bazan,4,low
2023-01-16,2023-01-22,Dak Nong,Gia Nghia,Robusta / ca phe nhan xo noi dia,41000,41000.0,1,observed,20.743,76.286,0.4,0.36,Dat do bazan,4,low
2023-01-16,2023-01-22,Gia Lai,Chu Prong,Robusta / ca phe nhan xo noi dia,41000,41000.0,1,observed,23.386,60.286,0.0,0.218,Dat do bazan,4,low
2023-01-16,2023-01-22,Gia Lai,Ia Grai,Robusta / ca phe nhan xo noi dia,40750,40750.0,2,observed,24.2,59.143,0.0,0.269,Dat do bazan,4,low
2023-01-16,2023-01-22,Gia Lai,Pleiku,Robusta / ca phe nhan xo noi dia,40800,40800.0,3,observed,20.357,69.429,0.0,0.282,Dat do bazan,4,low
2023-01-16,2023-01-22,Kon Tum,Kon Tum,Robusta / ca phe nhan xo noi dia,40850,40850.0,2,observed,20.771,70.143,0.0,0.278,Dat do vang / dat bazan cuc bo,3,low
2023-01-16,2023-01-22,Lam Dong,Bao Loc,Robusta / ca phe nhan xo noi dia,40367,40366.666666666664,3,observed,19.443,83.143,2.4,0.368,Dat do vang tren bazan,4,low
2023-01-16,2023-01-22,Lam Dong,Di Linh,Robusta / ca phe nhan xo noi dia,40367,40366.666666666664,3,observed,19.443,82.714,13.6,0.398,Dat do vang tren bazan,4,medium
2023-01-16,2023-01-22,Lam Dong,Lam Ha,Robusta / ca phe nhan xo noi dia,40367,40366.666666666664,3,observed,19.957,78.714,1.2,0.367,Dat do vang tren bazan,4,low
2023-01-23,2023-01-29,Dak Lak,Buon Ho,Robusta / ca phe nhan xo noi dia,41633,,0,interpolated_area,18.671,84.286,2.5,0.282,Dat do bazan,5,medium
2023-01-23,2023-01-29,Dak Lak,Cu M'gar,Robusta / ca phe nhan xo noi dia,41750,,0,interpolated_area,21.2,73.571,0.4,0.243,Dat do bazan,5,high
2023-01-23,2023-01-29,Dak Lak,Ea H'leo,Robusta / ca phe nhan xo noi dia,41633,,0,interpolated_area,18.957,82.429,7.4,0.328,Dat do bazan,5,medium
2023-01-23,2023-01-29,Dak Nong,Dak R'lap,Robusta / ca phe nhan xo noi dia,41750,,0,interpolated_area,21.043,73.571,1.2,0.337,Dat do bazan,4,low
2023-01-23,2023-01-29,Dak Nong,Gia Nghia,Robusta / ca phe nhan xo noi dia,41750,,0,interpolated_area,20.471,76.0,0.7,0.301,Dat do bazan,4,low
2023-01-23,2023-01-29,Gia Lai,Chu Prong,Robusta / ca phe nhan xo noi dia,41750,,0,interpolated_area,22.571,59.857,0.1,0.197,Dat do bazan,4,low
2023-01-23,2023-01-29,Gia Lai,Ia Grai,Robusta / ca phe nhan xo noi dia,41575,,0,interpolated_area,23.314,59.143,0.3,0.263,Dat do bazan,4,low
2023-01-23,2023-01-29,Gia Lai,Pleiku,Robusta / ca phe nhan xo noi dia,41600,,0,interpolated_area,19.543,69.0,0.0,0.265,Dat do bazan,4,low
2023-01-23,2023-01-29,Kon Tum,Kon Tum,Robusta / ca phe nhan xo noi dia,41925,,0,interpolated_area,20.614,66.0,0.0,0.251,Dat do vang / dat bazan cuc bo,3,low
2023-01-23,2023-01-29,Lam Dong,Bao Loc,Robusta / ca phe nhan xo noi dia,41133,,0,interpolated_area,19.543,80.143,1.3,0.32,Dat do vang tren bazan,4,low
2023-01-23,2023-01-29,Lam Dong,Di Linh,Robusta / ca phe nhan xo noi dia,41300,,0,interpolated_area,19.457,77.571,3.1,0.333,Dat do vang tren bazan,4,medium
2023-01-23,2023-01-29,Lam Dong,Lam Ha,Robusta / ca phe nhan xo noi dia,41133,,0,interpolated_area,19.871,74.429,2.9,0.313,Dat do vang tren bazan,4,low
2023-01-30,2023-02-05,Dak Lak,Buon Ho,Robusta / ca phe nhan xo noi dia,42400,42400.0,2,observed,19.757,84.571,0.9,0.241,Dat do bazan,5,medium
2023-01-30,2023-02-05,Dak Lak,Cu M'gar,Robusta / ca phe nhan xo noi dia,42500,42500.0,1,observed,22.457,73.714,0.1,0.228,Dat do bazan,5,high
2023-01-30,2023-02-05,Dak Lak,Ea H'leo,Robusta / ca phe nhan xo noi dia,42400,42400.0,2,observed,20.786,79.286,0.2,0.291,Dat do bazan,5,medium
2023-01-30,2023-02-05,Dak Nong,Dak R'lap,Robusta / ca phe nhan xo noi dia,42500,,0,province_proxy,22.157,77.286,10.9,0.374,Dat do bazan,4,low
2023-01-30,2023-02-05,Dak Nong,Gia Nghia,Robusta / ca phe nhan xo noi dia,42500,42500.0,1,observed,21.643,78.857,17.3,0.352,Dat do bazan,4,low
2023-01-30,2023-02-05,Gia Lai,Chu Prong,Robusta / ca phe nhan xo noi dia,42500,42500.0,1,observed,24.0,62.714,0.3,0.192,Dat do bazan,4,low
2023-01-30,2023-02-05,Gia Lai,Ia Grai,Robusta / ca phe nhan xo noi dia,42400,42400.0,1,observed,25.129,60.571,0.9,0.264,Dat do bazan,4,low
2023-01-30,2023-02-05,Gia Lai,Pleiku,Robusta / ca phe nhan xo noi dia,42400,42400.0,2,observed,21.214,71.143,0.6,0.266,Dat do bazan,4,low
2023-01-30,2023-02-05,Kon Tum,Kon Tum,Robusta / ca phe nhan xo noi dia,43000,43000.0,2,observed,22.357,67.714,0.6,0.246,Dat do vang / dat bazan cuc bo,3,low
2023-01-30,2023-02-05,Lam Dong,Bao Loc,Robusta / ca phe nhan xo noi dia,41900,41900.0,2,observed,20.557,81.143,11.9,0.362,Dat do vang tren bazan,4,low
2023-01-30,2023-02-05,Lam Dong,Di Linh,Robusta / ca phe nhan xo noi dia,42233,42233.333333333336,3,observed,20.514,78.857,10.1,0.336,Dat do vang tren bazan,4,medium
2023-01-30,2023-02-05,Lam Dong,Lam Ha,Robusta / ca phe nhan xo noi dia,41900,41900.0,2,observed,20.729,76.0,12.0,0.339,Dat do vang tren bazan,4,low
2023-02-06,2023-02-12,Dak Lak,Buon Ho,Robusta / ca phe nhan xo noi dia,43600,43600.0,4,observed,22.029,82.143,1.4,0.203,Dat do bazan,5,medium
2023-02-06,2023-02-12,Dak Lak,Cu M'gar,Robusta / ca phe nhan xo noi dia,43967,43966.666666666664,3,observed,24.757,71.571,0.4,0.221,Dat do bazan,5,high
2023-02-06,2023-02-12,Dak Lak,Ea H'leo,Robusta / ca phe nhan xo noi dia,43600,43600.0,4,observed,23.157,76.143,1.1,0.247,Dat do bazan,5,medium
2023-02-06,2023-02-12,Dak Nong,Dak R'lap,Robusta / ca phe nhan xo noi dia,43967,,0,province_proxy,23.671,73.714,0.9,0.344,Dat do bazan,4,low
2023-02-06,2023-02-12,Dak Nong,Gia Nghia,Robusta / ca phe nhan xo noi dia,43967,43966.666666666664,3,observed,23.286,75.143,1.7,0.309,Dat do bazan,4,low
2023-02-06,2023-02-12,Gia Lai,Chu Prong,Robusta / ca phe nhan xo noi dia,43967,43966.666666666664,3,observed,26.071,60.857,0.0,0.18,Dat do bazan,4,low
2023-02-06,2023-02-12,Gia Lai,Ia Grai,Robusta / ca phe nhan xo noi dia,42700,42700.0,1,observed,27.086,58.0,0.0,0.246,Dat do bazan,4,low
2023-02-06,2023-02-12,Gia Lai,Pleiku,Robusta / ca phe nhan xo noi dia,43575,43575.0,4,observed,23.371,67.857,0.0,0.252,Dat do bazan,4,low
2023-02-06,2023-02-12,Kon Tum,Kon Tum,Robusta / ca phe nhan xo noi dia,43350,43350.0,2,observed,24.157,67.0,0.4,0.225,Dat do vang / dat bazan cuc bo,3,low
2023-02-06,2023-02-12,Lam Dong,Bao Loc,Robusta / ca phe nhan xo noi dia,43225,43225.0,4,observed,21.0,78.714,1.5,0.317,Dat do vang tren bazan,4,low
2023-02-06,2023-02-12,Lam Dong,Di Linh,Robusta / ca phe nhan xo noi dia,43260,43260.0,5,observed,21.186,73.571,2.5,0.288,Dat do vang tren bazan,4,medium
2023-02-06,2023-02-12,Lam Dong,Lam Ha,Robusta / ca phe nhan xo noi dia,43225,43225.0,4,observed,21.371,72.0,3.5,0.295,Dat do vang tren bazan,4,low
2023-02-13,2023-02-19,Dak Lak,Buon Ho,Robusta / ca phe nhan xo noi dia,44417,44416.666666666664,6,observed,21.386,79.429,4.4,0.197,Dat do bazan,5,medium
2023-02-13,2023-02-19,Dak Lak,Cu M'gar,Robusta / ca phe nhan xo noi dia,44433,44433.333333333336,3,observed,23.886,69.429,2.1,0.221,Dat do bazan,5,high
2023-02-13,2023-02-19,Dak Lak,Ea H'leo,Robusta / ca phe nhan xo noi dia,44417,44416.666666666664,6,observed,22.1,75.429,5.3,0.26,Dat do bazan,5,medium
2023-02-13,2023-02-19,Dak Nong,Dak R'lap,Robusta / ca phe nhan xo noi dia,44367,,0,province_proxy,22.971,71.857,5.0,0.339,Dat do bazan,4,low
2023-02-13,2023-02-19,Dak Nong,Gia Nghia,Robusta / ca phe nhan xo noi dia,44367,44366.666666666664,3,observed,22.757,71.143,8.9,0.271,Dat do bazan,4,low
2023-02-13,2023-02-19,Gia Lai,Chu Prong,Robusta / ca phe nhan xo noi dia,44367,44366.666666666664,3,observed,25.114,59.857,2.6,0.182,Dat do bazan,4,low
2023-02-13,2023-02-19,Gia Lai,Ia Grai,Robusta / ca phe nhan xo noi dia,44433,44433.333333333336,3,observed,25.943,58.714,3.3,0.259,Dat do bazan,4,low
2023-02-13,2023-02-19,Gia Lai,Pleiku,Robusta / ca phe nhan xo noi dia,44350,44350.0,6,observed,22.357,67.286,2.2,0.256,Dat do bazan,4,low
2023-02-13,2023-02-19,Kon Tum,Kon Tum,Robusta / ca phe nhan xo noi dia,44700,44700.0,2,observed,23.557,64.571,1.2,0.243,Dat do vang / dat bazan cuc bo,3,low
2023-02-13,2023-02-19,Lam Dong,Bao Loc,Robusta / ca phe nhan xo noi dia,43883,43883.333333333336,6,observed,20.943,77.429,13.5,0.293,Dat do vang tren bazan,4,low
2023-02-13,2023-02-19,Lam Dong,Di Linh,Robusta / ca phe nhan xo noi dia,43883,43883.333333333336,6,observed,20.614,75.286,18.9,0.28,Dat do vang tren bazan,4,medium
2023-02-13,2023-02-19,Lam Dong,Lam Ha,Robusta / ca phe nhan xo noi dia,43883,43883.333333333336,6,observed,21.071,73.429,12.6,0.314,Dat do vang tren bazan,4,low
2023-02-20,2023-02-26,Dak Lak,Buon Ho,Robusta / ca phe nhan xo noi dia,46500,46500.0,2,observed,19.614,77.429,0.3,0.193,Dat do bazan,5,medium
2023-02-20,2023-02-26,Dak Lak,Cu M'gar,Robusta / ca phe nhan xo noi dia,46500,,0,province_proxy,22.057,68.0,0.0,0.221,Dat do bazan,5,high
2023-02-20,2023-02-26,Dak Lak,Ea H'leo,Robusta / ca phe nhan xo noi dia,46500,46500.0,2,observed,20.171,74.429,0.8,0.259,Dat do bazan,5,medium
2023-02-20,2023-02-26,Dak Nong,Dak R'lap,Robusta / ca phe nhan xo noi dia,45833,,0,interpolated_area,21.871,65.0,0.0,0.338,Dat do bazan,4,low
2023-02-20,2023-02-26,Dak Nong,Gia Nghia,Robusta / ca phe nhan xo noi dia,45833,,0,interpolated_area,21.386,66.714,0.0,0.25,Dat do bazan,4,low
2023-02-20,2023-02-26,Gia Lai,Chu Prong,Robusta / ca phe nhan xo noi dia,46450,,0,province_proxy,23.343,56.857,0.0,0.2,Dat do bazan,4,low
2023-02-20,2023-02-26,Gia Lai,Ia Grai,Robusta / ca phe nhan xo noi dia,46450,46450.0,2,observed,24.457,54.429,0.0,0.257,Dat do bazan,4,low
2023-02-20,2023-02-26,Gia Lai,Pleiku,Robusta / ca phe nhan xo noi dia,46450,46450.0,2,observed,20.443,64.429,0.0,0.257,Dat do bazan,4,low
2023-02-20,2023-02-26,Kon Tum,Kon Tum,Robusta / ca phe nhan xo noi dia,46550,46550.0,2,observed,21.4,63.143,0.0,0.247,Dat do vang / dat bazan cuc bo,3,low
2023-02-20,2023-02-26,Lam Dong,Bao Loc,Robusta / ca phe nhan xo noi dia,45850,45850.0,2,observed,19.971,72.429,0.1,0.298,Dat do vang tren bazan,4,low
2023-02-20,2023-02-26,Lam Dong,Di Linh,Robusta / ca phe nhan xo noi dia,45533,45533.333333333336,3,observed,19.643,71.857,0.6,0.321,Dat do vang tren bazan,4,medium
2023-02-20,2023-02-26,Lam Dong,Lam Ha,Robusta / ca phe nhan xo noi dia,45850,45850.0,2,observed,19.657,72.714,5.2,0.363,Dat do vang tren bazan,4,low
2023-02-27,2023-03-05,Dak Lak,Buon Ho,Robusta / ca phe nhan xo noi dia,47367,47366.666666666664,3,observed,19.614,79.429,1.2,0.189,Dat do bazan,5,medium
2023-02-27,2023-03-05,Dak Lak,Cu M'gar,Robusta / ca phe nhan xo noi dia,47300,47300.0,1,observed,22.014,69.857,0.0,0.222,Dat do bazan,5,high
2023-02-27,2023-03-05,Dak Lak,Ea H'leo,Robusta / ca phe nhan xo noi dia,47367,47366.666666666664,3,observed,20.071,77.429,3.0,0.264,Dat do bazan,5,medium
2023-02-27,2023-03-05,Dak Nong,Dak R'lap,Robusta / ca phe nhan xo noi dia,47300,,0,province_proxy,22.114,66.571,0.0,0.306,Dat do bazan,4,low
2023-02-27,2023-03-05,Dak Nong,Gia Nghia,Robusta / ca phe nhan xo noi dia,47300,47300.0,1,observed,21.571,68.429,0.2,0.237,Dat do bazan,4,low
2023-02-27,2023-03-05,Gia Lai,Chu Prong,Robusta / ca phe nhan xo noi dia,47300,47300.0,1,observed,23.4,58.857,0.0,0.2,Dat do bazan,4,low
2023-02-27,2023-03-05,Gia Lai,Ia Grai,Robusta / ca phe nhan xo noi dia,47400,47400.0,2,observed,24.657,55.857,0.2,0.262,Dat do bazan,4,low
2023-02-27,2023-03-05,Gia Lai,Pleiku,Robusta / ca phe nhan xo noi dia,47333,47333.333333333336,3,observed,20.614,66.286,0.0,0.257,Dat do bazan,4,low
2023-02-27,2023-03-05,Kon Tum,Kon Tum,Robusta / ca phe nhan xo noi dia,47500,47500.0,2,observed,21.657,63.286,0.0,0.244,Dat do vang / dat bazan cuc bo,3,low
2023-02-27,2023-03-05,Lam Dong,Bao Loc,Robusta / ca phe nhan xo noi dia,46967,46966.666666666664,3,observed,20.514,72.857,2.2,0.277,Dat do vang tren bazan,4,low
2023-02-27,2023-03-05,Lam Dong,Di Linh,Robusta / ca phe nhan xo noi dia,46967,46966.666666666664,3,observed,20.443,69.571,2.4,0.257,Dat do vang tren bazan,4,medium
2023-02-27,2023-03-05,Lam Dong,Lam Ha,Robusta / ca phe nhan xo noi dia,46967,46966.666666666664,3,observed,20.729,69.0,0.7,0.289,Dat do vang tren bazan,4,low
2023-03-06,2023-03-12,Dak Lak,Buon Ho,Robusta / ca phe nhan xo noi dia,47817,47816.666666666664,6,observed,19.914,76.857,0.0,0.178,Dat do bazan,5,medium
2023-03-06,2023-03-12,Dak Lak,Cu M'gar,Robusta / ca phe nhan xo noi dia,47933,47933.333333333336,3,observed,22.314,68.0,0.0,0.218,Dat do bazan,5,high
2023-03-06,2023-03-12,Dak Lak,Ea H'leo,Robusta / ca phe nhan xo noi dia,47817,47816.666666666664,6,observed,20.671,72.0,0.0,0.241,Dat do bazan,5,medium
2023-03-06,2023-03-12,Dak Nong,Dak R'lap,Robusta / ca phe nhan xo noi dia,47833,,0,province_proxy,22.114,61.429,0.0,0.289,Dat do bazan,4,low
2023-03-06,2023-03-12,Dak Nong,Gia Nghia,Robusta / ca phe nhan xo noi dia,47833,47833.333333333336,3,observed,21.643,63.286,0.0,0.229,Dat do bazan,4,low
2023-03-06,2023-03-12,Gia Lai,Chu Prong,Robusta / ca phe nhan xo noi dia,47833,47833.333333333336,3,observed,23.386,60.143,0.0,0.196,Dat do bazan,4,low
2023-03-06,2023-03-12,Gia Lai,Ia Grai,Robusta / ca phe nhan xo noi dia,47700,47700.0,3,observed,24.843,54.857,0.0,0.261,Dat do bazan,4,low
2023-03-06,2023-03-12,Gia Lai,Pleiku,Robusta / ca phe nhan xo noi dia,47717,47716.666666666664,6,observed,20.786,65.286,0.0,0.257,Dat do bazan,4,low
2023-03-06,2023-03-12,Kon Tum,Kon Tum,Robusta / ca phe nhan xo noi dia,47800,47800.0,3,observed,21.457,64.714,0.0,0.243,Dat do vang / dat bazan cuc bo,3,low
2023-03-06,2023-03-12,Lam Dong,Bao Loc,Robusta / ca phe nhan xo noi dia,47517,47516.666666666664,6,observed,20.586,66.429,0.0,0.252,Dat do vang tren bazan,4,low
2023-03-06,2023-03-12,Lam Dong,Di Linh,Robusta / ca phe nhan xo noi dia,47517,47516.666666666664,6,observed,20.686,61.571,0.0,0.225,Dat do vang tren bazan,4,medium
2023-03-06,2023-03-12,Lam Dong,Lam Ha,Robusta / ca phe nhan xo noi dia,47517,47516.666666666664,6,observed,20.071,64.571,0.0,0.264,Dat do vang tren bazan,4,low
2023-03-13,2023-03-19,Dak Lak,Buon Ho,Robusta / ca phe nhan xo noi dia,47140,47140.0,5,observed,21.3,78.0,1.0,0.171,Dat do bazan,5,medium
2023-03-13,2023-03-19,Dak Lak,Cu M'gar,Robusta / ca phe nhan xo noi dia,47367,47366.666666666664,3,observed,23.829,68.571,0.1,0.219,Dat do bazan,5,high
2023-03-13,2023-03-19,Dak Lak,Ea H'leo,Robusta / ca phe nhan xo noi dia,47140,47140.0,5,observed,22.257,72.286,0.6,0.227,Dat do bazan,5,medium
2023-03-13,2023-03-19,Dak Nong,Dak R'lap,Robusta / ca phe nhan xo noi dia,47267,,0,province_proxy,24.214,64.143,0.0,0.284,Dat do bazan,4,low
2023-03-13,2023-03-19,Dak Nong,Gia Nghia,Robusta / ca phe nhan xo noi dia,47267,47266.666666666664,3,observed,23.829,64.429,0.0,0.226,Dat do bazan,4,low
2023-03-13,2023-03-19,Gia Lai,Chu Prong,Robusta / ca phe nhan xo noi dia,47267,47266.666666666664,3,observed,25.129,59.143,0.0,0.193,Dat do bazan,4,low
2023-03-13,2023-03-19,Gia Lai,Ia Grai,Robusta / ca phe nhan xo noi dia,46850,46850.0,2,observed,26.443,55.857,0.0,0.256,Dat do bazan,4,low
2023-03-13,2023-03-19,Gia Lai,Pleiku,Robusta / ca phe nhan xo noi dia,47040,47040.0,5,observed,22.443,66.429,0.0,0.255,Dat do bazan,4,low
2023-03-13,2023-03-19,Kon Tum,Kon Tum,Robusta / ca phe nhan xo noi dia,46950,46950.0,2,observed,24.071,62.0,0.0,0.235,Dat do vang / dat bazan cuc bo,3,low
2023-03-13,2023-03-19,Lam Dong,Bao Loc,Robusta / ca phe nhan xo noi dia,46840,46840.0,5,observed,22.157,67.857,0.5,0.24,Dat do vang tren bazan,4,low
2023-03-13,2023-03-19,Lam Dong,Di Linh,Robusta / ca phe nhan xo noi dia,46840,46840.0,5,observed,21.857,66.571,1.3,0.216,Dat do vang tren bazan,4,medium
2023-03-13,2023-03-19,Lam Dong,Lam Ha,Robusta / ca phe nhan xo noi dia,46840,46840.0,5,observed,22.243,65.714,0.0,0.254,Dat do vang tren bazan,4,low
2023-03-20,2023-03-26,Dak Lak,Buon Ho,Robusta / ca phe nhan xo noi dia,46700,46700.0,2,observed,26.6,63.286,5.2,0.169,Dat do bazan,5,medium
2023-03-20,2023-03-26,Dak Lak,Cu M'gar,Robusta / ca phe nhan xo noi dia,46700,,0,province_proxy,28.471,57.286,0.0,0.218,Dat do bazan,5,high
2023-03-20,2023-03-26,Dak Lak,Ea H'leo,Robusta / ca phe nhan xo noi dia,46700,46700.0,2,observed,27.557,58.286,0.1,0.213,Dat do bazan,5,medium
2023-03-20,2023-03-26,Dak Nong,Dak R'lap,Robusta / ca phe nhan xo noi dia,47933,,0,interpolated_area,25.486,72.0,2.3,0.306,Dat do bazan,4,low
2023-03-20,2023-03-26,Dak Nong,Gia Nghia,Robusta / ca phe nhan xo noi dia,47933,,0,interpolated_area,25.771,69.571,1.2,0.237,Dat do bazan,4,low
2023-03-20,2023-03-26,Gia Lai,Chu Prong,Robusta / ca phe nhan xo noi dia,46900,,0,province_proxy,29.5,51.286,0.0,0.195,Dat do bazan,4,low
2023-03-20,2023-03-26,Gia Lai,Ia Grai,Robusta / ca phe nhan xo noi dia,46900,46900.0,1,observed,29.971,51.0,0.2,0.253,Dat do bazan,4,low
2023-03-20,2023-03-26,Gia Lai,Pleiku,Robusta / ca phe nhan xo noi dia,46900,46900.0,1,observed,27.057,56.0,0.4,0.251,Dat do bazan,4,low
2023-03-20,2023-03-26,Kon Tum,Kon Tum,Robusta / ca phe nhan xo noi dia,46650,46650.0,2,observed,27.357,61.0,0.0,0.243,Dat do vang / dat bazan cuc bo,3,low
2023-03-20,2023-03-26,Lam Dong,Bao Loc,Robusta / ca phe nhan xo noi dia,46700,46700.0,1,observed,23.886,72.857,3.0,0.249,Dat do vang tren bazan,4,low
2023-03-20,2023-03-26,Lam Dong,Di Linh,Robusta / ca phe nhan xo noi dia,46350,46350.0,2,observed,23.314,71.714,6.7,0.234,Dat do vang tren bazan,4,medium
2023-03-20,2023-03-26,Lam Dong,Lam Ha,Robusta / ca phe nhan xo noi dia,46700,46700.0,1,observed,23.914,71.0,1.7,0.261,Dat do vang tren bazan,4,low
2023-03-27,2023-04-02,Dak Lak,Buon Ho,Robusta / ca phe nhan xo noi dia,48400,48400.0,3,observed,24.729,72.714,0.0,0.177,Dat do bazan,5,medium
2023-03-27,2023-04-02,Dak Lak,Cu M'gar,Robusta / ca phe nhan xo noi dia,48700,48700.0,1,observed,27.386,62.286,0.6,0.213,Dat do bazan,5,high
2023-03-27,2023-04-02,Dak Lak,Ea H'leo,Robusta / ca phe nhan xo noi dia,48400,48400.0,3,observed,25.929,66.429,0.5,0.216,Dat do bazan,5,medium
2023-03-27,2023-04-02,Dak Nong,Dak R'lap,Robusta / ca phe nhan xo noi dia,48600,,0,province_proxy,24.771,74.857,3.1,0.341,Dat do bazan,4,low
2023-03-27,2023-04-02,Dak Nong,Gia Nghia,Robusta / ca phe nhan xo noi dia,48600,48600.0,1,observed,25.043,70.714,2.2,0.246,Dat do bazan,4,low
2023-03-27,2023-04-02,Gia Lai,Chu Prong,Robusta / ca phe nhan xo noi dia,48600,48600.0,1,observed,27.629,62.571,4.1,0.23,Dat do bazan,4,low
2023-03-27,2023-04-02,Gia Lai,Ia Grai,Robusta / ca phe nhan xo noi dia,48200,48200.0,2,observed,28.186,63.571,9.6,0.266,Dat do bazan,4,low
2023-03-27,2023-04-02,Gia Lai,Pleiku,Robusta / ca phe nhan xo noi dia,48300,48300.0,3,observed,24.7,72.143,14.3,0.293,Dat do bazan,4,low
2023-03-27,2023-04-02,Kon Tum,Kon Tum,Robusta / ca phe nhan xo noi dia,48300,48300.0,2,observed,25.286,75.0,17.7,0.294,Dat do vang / dat bazan cuc bo,3,low
2023-03-27,2023-04-02,Lam Dong,Bao Loc,Robusta / ca phe nhan xo noi dia,48100,48100.0,3,observed,23.7,72.143,2.0,0.262,Dat do vang tren bazan,4,low
2023-03-27,2023-04-02,Lam Dong,Di Linh,Robusta / ca phe nhan xo noi dia,48100,48100.0,3,observed,23.029,71.286,6.1,0.25,Dat do vang tren bazan,4,medium
2023-03-27,2023-04-02,Lam Dong,Lam Ha,Robusta / ca phe nhan xo noi dia,48100,48100.0,3,observed,23.6,70.286,1.1,0.273,Dat do vang tren bazan,4,low
2023-04-03,2023-04-09,Dak Lak,Buon Ho,Robusta / ca phe nhan xo noi dia,48900,48900.0,1,observed,25.586,71.0,7.1,0.19,Dat do bazan,5,medium
2023-04-03,2023-04-09,Dak Lak,Cu M'gar,Robusta / ca phe nhan xo noi dia,48900,,0,province_proxy,27.643,64.0,7.8,0.224,Dat do bazan,5,high
2023-04-03,2023-04-09,Dak Lak,Ea H'leo,Robusta / ca phe nhan xo noi dia,48900,48900.0,1,observed,25.986,69.714,14.2,0.25,Dat do bazan,5,medium
2023-04-03,2023-04-09,Dak Nong,Dak R'lap,Robusta / ca phe nhan xo noi dia,49400,,0,interpolated_area,24.657,77.286,6.6,0.381,Dat do bazan,4,low
2023-04-03,2023-04-09,Dak Nong,Gia Nghia,Robusta / ca phe nhan xo noi dia,49400,,0,interpolated_area,24.557,76.714,13.8,0.34,Dat do bazan,4,low
2023-04-03,2023-04-09,Gia Lai,Chu Prong,Robusta / ca phe nhan xo noi dia,48800,,0,province_proxy,28.314,59.143,2.6,0.212,Dat do bazan,4,low
2023-04-03,2023-04-09,Gia Lai,Ia Grai,Robusta / ca phe nhan xo noi dia,48800,48800.0,1,observed,28.5,62.286,6.9,0.289,Dat do bazan,4,low
2023-04-03,2023-04-09,Gia Lai,Pleiku,Robusta / ca phe nhan xo noi dia,48800,48800.0,1,observed,25.3,68.0,10.8,0.309,Dat do bazan,4,low
2023-04-03,2023-04-09,Kon Tum,Kon Tum,Robusta / ca phe nhan xo noi dia,48900,48900.0,1,observed,26.1,69.571,10.7,0.284,Dat do vang / dat bazan cuc bo,3,low
2023-04-03,2023-04-09,Lam Dong,Bao Loc,Robusta / ca phe nhan xo noi dia,48600,48600.0,1,observed,23.657,76.0,11.7,0.309,Dat do vang tren bazan,4,low
2023-04-03,2023-04-09,Lam Dong,Di Linh,Robusta / ca phe nhan xo noi dia,48600,48600.0,1,observed,22.886,77.0,12.9,0.288,Dat do vang tren bazan,4,medium
2023-04-03,2023-04-09,Lam Dong,Lam Ha,Robusta / ca phe nhan xo noi dia,48600,48600.0,1,observed,23.543,74.143,5.6,0.316,Dat do vang tren bazan,4,low
2023-04-10,2023-04-16,Dak Lak,Buon Ho,Robusta / ca phe nhan xo noi dia,50125,50125.0,8,observed,25.729,76.714,10.1,0.192,Dat do bazan,5,medium
2023-04-10,2023-04-16,Dak Lak,Cu M'gar,Robusta / ca phe nhan xo noi dia,50300,50300.0,6,observed,27.943,68.857,8.9,0.239,Dat do bazan,5,high
2023-04-10,2023-04-16,Dak Lak,Ea H'leo,Robusta / ca phe nhan xo noi dia,50125,50125.0,8,observed,26.386,73.714,5.7,0.24,Dat do bazan,5,medium
2023-04-10,2023-04-16,Dak Nong,Dak R'lap,Robusta / ca phe nhan xo noi dia,50200,,0,province_proxy,24.5,84.0,27.7,0.4,Dat do bazan,4,low
2023-04-10,2023-04-16,Dak Nong,Gia Nghia,Robusta / ca phe nhan xo noi dia,50200,50200.0,6,observed,24.457,82.286,27.7,0.312,Dat do bazan,4,low
2023-04-10,2023-04-16,Gia Lai,Chu Prong,Robusta / ca phe nhan xo noi dia,50200,50200.0,6,observed,27.786,71.0,14.2,0.277,Dat do bazan,4,low
2023-04-10,2023-04-16,Gia Lai,Ia Grai,Robusta / ca phe nhan xo noi dia,49800,49800.0,2,observed,28.471,70.571,15.6,0.315,Dat do bazan,4,low
2023-04-10,2023-04-16,Gia Lai,Pleiku,Robusta / ca phe nhan xo noi dia,50025,50025.0,8,observed,25.357,76.714,13.9,0.321,Dat do bazan,4,low
2023-04-10,2023-04-16,Kon Tum,Kon Tum,Robusta / ca phe nhan xo noi dia,49900,49900.0,2,observed,26.6,73.286,15.4,0.273,Dat do vang / dat bazan cuc bo,3,low
2023-04-10,2023-04-16,Lam Dong,Bao Loc,Robusta / ca phe nhan xo noi dia,49812,49812.5,8,observed,23.657,82.143,29.3,0.324,Dat do vang tren bazan,4,low
2023-04-10,2023-04-16,Lam Dong,Di Linh,Robusta / ca phe nhan xo noi dia,49812,49812.5,8,observed,23.171,82.714,25.3,0.318,Dat do vang tren bazan,4,medium
2023-04-10,2023-04-16,Lam Dong,Lam Ha,Robusta / ca phe nhan xo noi dia,49812,49812.5,8,observed,24.029,77.429,16.1,0.296,Dat do vang tren bazan,4,low
2023-04-17,2023-04-23,Dak Lak,Buon Ho,Robusta / ca phe nhan xo noi dia,50667,50666.666666666664,3,observed,26.657,73.0,4.3,0.254,Dat do bazan,5,medium
2023-04-17,2023-04-23,Dak Lak,Cu M'gar,Robusta / ca phe nhan xo noi dia,50667,,0,province_proxy,28.414,67.429,6.5,0.305,Dat do bazan,5,high
2023-04-17,2023-04-23,Dak Lak,Ea H'leo,Robusta / ca phe nhan xo noi dia,50667,50666.666666666664,3,observed,27.386,70.286,9.6,0.29,Dat do bazan,5,medium
2023-04-17,2023-04-23,Dak Nong,Dak R'lap,Robusta / ca phe nhan xo noi dia,50600,,0,interpolated_area,25.243,81.714,14.7,0.419,Dat do bazan,4,low
2023-04-17,2023-04-23,Dak Nong,Gia Nghia,Robusta / ca phe nhan xo noi dia,50600,,0,interpolated_area,25.386,79.143,14.1,0.356,Dat do bazan,4,low
2023-04-17,2023-04-23,Gia Lai,Chu Prong,Robusta / ca phe nhan xo noi dia,50567,,0,province_proxy,28.229,70.0,39.2,0.315,Dat do bazan,4,low
2023-04-17,2023-04-23,Gia Lai,Ia Grai,Robusta / ca phe nhan xo noi dia,50567,50566.666666666664,3,observed,28.429,72.714,50.4,0.375,Dat do bazan,4,low
2023-04-17,2023-04-23,Gia Lai,Pleiku,Robusta / ca phe nhan xo noi dia,50567,50566.666666666664,3,observed,26.129,74.0,17.7,0.321,Dat do bazan,4,low
2023-04-17,2023-04-23,Kon Tum,Kon Tum,Robusta / ca phe nhan xo noi dia,50667,50666.666666666664,3,observed,26.757,76.571,16.7,0.346,Dat do vang / dat bazan cuc bo,3,low
2023-04-17,2023-04-23,Lam Dong,Bao Loc,Robusta / ca phe nhan xo noi dia,50267,50266.666666666664,3,observed,24.471,77.714,11.7,0.311,Dat do vang tren bazan,4,low
2023-04-17,2023-04-23,Lam Dong,Di Linh,Robusta / ca phe nhan xo noi dia,50267,50266.666666666664,3,observed,23.571,78.571,7.5,0.322,Dat do vang tren bazan,4,medium
2023-04-17,2023-04-23,Lam Dong,Lam Ha,Robusta / ca phe nhan xo noi dia,50267,50266.666666666664,3,observed,24.4,75.857,3.5,0.338,Dat do vang tren bazan,4,low
2023-04-24,2023-04-30,Dak Lak,Buon Ho,Robusta / ca phe nhan xo noi dia,51700,51700.0,2,observed,25.2,74.143,3.6,0.185,Dat do bazan,5,medium
2023-04-24,2023-04-30,Dak Lak,Cu M'gar,Robusta / ca phe nhan xo noi dia,51700,,0,province_proxy,27.743,64.714,1.7,0.235,Dat do bazan,5,high
2023-04-24,2023-04-30,Dak Lak,Ea H'leo,Robusta / ca phe nhan xo noi dia,51700,51700.0,2,observed,26.271,68.143,3.1,0.234,Dat do bazan,5,medium
2023-04-24,2023-04-30,Dak Nong,Dak R'lap,Robusta / ca phe nhan xo noi dia,51000,,0,interpolated_area,25.786,72.0,6.6,0.365,Dat do bazan,4,low
2023-04-24,2023-04-30,Dak Nong,Gia Nghia,Robusta / ca phe nhan xo noi dia,51000,,0,interpolated_area,25.643,71.429,7.2,0.335,Dat do bazan,4,low
2023-04-24,2023-04-30,Gia Lai,Chu Prong,Robusta / ca phe nhan xo noi dia,51500,,0,province_proxy,28.5,59.571,1.8,0.22,Dat do bazan,4,low
2023-04-24,2023-04-30,Gia Lai,Ia Grai,Robusta / ca phe nhan xo noi dia,51500,51500.0,1,observed,28.871,60.429,2.3,0.327,Dat do bazan,4,low
2023-04-24,2023-04-30,Gia Lai,Pleiku,Robusta / ca phe nhan xo noi dia,51500,51500.0,1,observed,25.4,68.0,2.6,0.333,Dat do bazan,4,low
2023-04-24,2023-04-30,Kon Tum,Kon Tum,Robusta / ca phe nhan xo noi dia,51650,51650.0,2,observed,26.2,68.571,4.3,0.334,Dat do vang / dat bazan cuc bo,3,low
2023-04-24,2023-04-30,Lam Dong,Bao Loc,Robusta / ca phe nhan xo noi dia,51200,51200.0,1,observed,24.586,71.286,6.5,0.314,Dat do vang tren bazan,4,low
2023-04-24,2023-04-30,Lam Dong,Di Linh,Robusta / ca phe nhan xo noi dia,51150,51150.0,2,observed,24.1,68.571,20.9,0.284,Dat do vang tren bazan,4,medium
2023-04-24,2023-04-30,Lam Dong,Lam Ha,Robusta / ca phe nhan xo noi dia,51200,51200.0,1,observed,24.029,69.857,12.7,0.307,Dat do vang tren bazan,4,low
2023-05-01,2023-05-07,Dak Lak,Buon Ho,Robusta / ca phe nhan xo noi dia,54325,54325.0,4,observed,26.629,70.143,6.2,0.18,Dat do bazan,5,medium
2023-05-01,2023-05-07,Dak Lak,Cu M'gar,Robusta / ca phe nhan xo noi dia,51500,51500.0,1,observed,28.8,62.714,9.5,0.237,Dat do bazan,5,high
2023-05-01,2023-05-07,Dak Lak,Ea H'leo,Robusta / ca phe nhan xo noi dia,54325,54325.0,4,observed,27.586,65.286,11.8,0.228,Dat do bazan,5,medium
2023-05-01,2023-05-07,Dak Nong,Dak R'lap,Robusta / ca phe nhan xo noi dia,51400,,0,province_proxy,26.429,73.714,5.9,0.351,Dat do bazan,4,low
2023-05-01,2023-05-07,Dak Nong,Gia Nghia,Robusta / ca phe nhan xo noi dia,51400,51400.0,1,observed,26.3,73.143,7.8,0.317,Dat do bazan,4,low
2023-05-01,2023-05-07,Gia Lai,Chu Prong,Robusta / ca phe nhan xo noi dia,51400,51400.0,1,observed,29.429,58.857,17.4,0.208,Dat do bazan,4,low
2023-05-01,2023-05-07,Gia Lai,Ia Grai,Robusta / ca phe nhan xo noi dia,56550,56550.0,2,observed,30.043,59.429,14.4,0.276,Dat do bazan,4,low
2023-05-01,2023-05-07,Gia Lai,Pleiku,Robusta / ca phe nhan xo noi dia,54800,54800.0,3,observed,27.043,63.571,9.6,0.275,Dat do bazan,4,low
2023-05-01,2023-05-07,Kon Tum,Kon Tum,Robusta / ca phe nhan xo noi dia,55167,55166.666666666664,3,observed,27.943,64.429,8.6,0.272,Dat do vang / dat bazan cuc bo,3,low
2023-05-01,2023-05-07,Lam Dong,Bao Loc,Robusta / ca phe nhan xo noi dia,54400,54400.0,3,observed,24.757,75.714,11.4,0.316,Dat do vang tren bazan,4,low
2023-05-01,2023-05-07,Lam Dong,Di Linh,Robusta / ca phe nhan xo noi dia,53700,53700.0,4,observed,24.129,75.857,13.0,0.315,Dat do vang tren bazan,4,medium
2023-05-01,2023-05-07,Lam Dong,Lam Ha,Robusta / ca phe nhan xo noi dia,54400,54400.0,3,observed,24.6,74.0,17.0,0.307,Dat do vang tren bazan,4,low
2023-05-08,2023-05-14,Dak Lak,Buon Ho,Robusta / ca phe nhan xo noi dia,54086,54085.71428571428,7,observed,24.414,85.857,74.9,0.426,Dat do bazan,5,medium
2023-05-08,2023-05-14,Dak Lak,Cu M'gar,Robusta / ca phe nhan xo noi dia,54200,54200.0,5,observed,25.914,82.857,86.8,0.419,Dat do bazan,5,high
2023-05-08,2023-05-14,Dak Lak,Ea H'leo,Robusta / ca phe nhan xo noi dia,54086,54085.71428571428,7,observed,24.771,85.571,72.2,0.466,Dat do bazan,5,medium
2023-05-08,2023-05-14,Dak Nong,Dak R'lap,Robusta / ca phe nhan xo noi dia,54200,,0,province_proxy,24.257,88.0,78.4,0.455,Dat do bazan,4,low
2023-05-08,2023-05-14,Dak Nong,Gia Nghia,Robusta / ca phe nhan xo noi dia,54200,54200.0,5,observed,24.171,87.0,66.9,0.436,Dat do bazan,4,low
2023-05-08,2023-05-14,Gia Lai,Chu Prong,Robusta / ca phe nhan xo noi dia,54120,54120.0,5,observed,25.6,85.143,99.6,0.473,Dat do bazan,4,low
2023-05-08,2023-05-14,Gia Lai,Ia Grai,Robusta / ca phe nhan xo noi dia,53900,53900.0,2,observed,26.386,85.286,110.7,0.435,Dat do bazan,4,low
2023-05-08,2023-05-14,Gia Lai,Pleiku,Robusta / ca phe nhan xo noi dia,53986,53985.71428571428,7,observed,23.971,85.571,70.3,0.442,Dat do bazan,4,low
2023-05-08,2023-05-14,Kon Tum,Kon Tum,Robusta / ca phe nhan xo noi dia,54000,54000.0,2,observed,24.671,87.429,84.0,0.447,Dat do vang / dat bazan cuc bo,3,low
2023-05-08,2023-05-14,Lam Dong,Bao Loc,Robusta / ca phe nhan xo noi dia,53643,53642.857142857145,7,observed,23.357,85.857,33.6,0.375,Dat do vang tren bazan,4,low
2023-05-08,2023-05-14,Lam Dong,Di Linh,Robusta / ca phe nhan xo noi dia,53643,53642.857142857145,7,observed,22.529,87.857,54.3,0.427,Dat do vang tren bazan,4,medium
2023-05-08,2023-05-14,Lam Dong,Lam Ha,Robusta / ca phe nhan xo noi dia,53643,53642.857142857145,7,observed,22.914,86.714,57.9,0.429,Dat do vang tren bazan,4,low
2023-05-15,2023-05-21,Dak Lak,Buon Ho,Robusta / ca phe nhan xo noi dia,56450,56450.0,4,observed,25.743,79.0,26.9,0.36,Dat do bazan,5,medium
2023-05-15,2023-05-21,Dak Lak,Cu M'gar,Robusta / ca phe nhan xo noi dia,55300,55300.0,1,observed,27.243,75.286,23.1,0.324,Dat do bazan,5,high
2023-05-15,2023-05-21,Dak Lak,Ea H'leo,Robusta / ca phe nhan xo noi dia,56450,56450.0,4,observed,26.357,77.143,16.7,0.422,Dat do bazan,5,medium
2023-05-15,2023-05-21,Dak Nong,Dak R'lap,Robusta / ca phe nhan xo noi dia,55300,,0,province_proxy,24.6,87.571,43.3,0.448,Dat do bazan,4,low
2023-05-15,2023-05-21,Dak Nong,Gia Nghia,Robusta / ca phe nhan xo noi dia,55300,55300.0,1,observed,24.543,86.857,39.0,0.422,Dat do bazan,4,low
2023-05-15,2023-05-21,Gia Lai,Chu Prong,Robusta / ca phe nhan xo noi dia,55200,55200.0,1,observed,27.0,79.429,38.5,0.416,Dat do bazan,4,low
2023-05-15,2023-05-21,Gia Lai,Ia Grai,Robusta / ca phe nhan xo noi dia,56800,56800.0,3,observed,27.429,81.286,25.8,0.438,Dat do bazan,4,low
2023-05-15,2023-05-21,Gia Lai,Pleiku,Robusta / ca phe nhan xo noi dia,56375,56375.0,4,observed,25.029,81.857,19.6,0.408,Dat do bazan,4,low
2023-05-15,2023-05-21,Kon Tum,Kon Tum,Robusta / ca phe nhan xo noi dia,56900,56900.0,3,observed,25.614,83.857,22.4,0.434,Dat do vang / dat bazan cuc bo,3,low
2023-05-15,2023-05-21,Lam Dong,Bao Loc,Robusta / ca phe nhan xo noi dia,56175,56175.0,4,observed,23.614,85.857,22.3,0.376,Dat do vang tren bazan,4,low
2023-05-15,2023-05-21,Lam Dong,Di Linh,Robusta / ca phe nhan xo noi dia,56175,56175.0,4,observed,22.8,87.0,51.4,0.436,Dat do vang tren bazan,4,medium
2023-05-15,2023-05-21,Lam Dong,Lam Ha,Robusta / ca phe nhan xo noi dia,56175,56175.0,4,observed,23.214,84.571,41.5,0.42,Dat do vang tren bazan,4,low
2023-05-22,2023-05-28,Dak Lak,Buon Ho,Robusta / ca phe nhan xo noi dia,60950,60950.0,2,observed,24.814,80.857,63.0,0.297,Dat do bazan,5,medium
2023-05-22,2023-05-28,Dak Lak,Cu M'gar,Robusta / ca phe nhan xo noi dia,60950,,0,province_proxy,26.243,78.286,79.0,0.346,Dat do bazan,5,high
2023-05-22,2023-05-28,Dak Lak,Ea H'leo,Robusta / ca phe nhan xo noi dia,60950,60950.0,2,observed,25.186,81.143,75.4,0.404,Dat do bazan,5,medium
2023-05-22,2023-05-28,Dak Nong,Dak R'lap,Robusta / ca phe nhan xo noi dia,58000,,0,interpolated_area,23.829,88.429,53.2,0.483,Dat do bazan,4,low
2023-05-22,2023-05-28,Dak Nong,Gia Nghia,Robusta / ca phe nhan xo noi dia,58000,,0,interpolated_area,23.9,87.0,57.4,0.453,Dat do bazan,4,low
2023-05-22,2023-05-28,Gia Lai,Chu Prong,Robusta / ca phe nhan xo noi dia,60800,,0,province_proxy,25.843,82.571,50.2,0.435,Dat do bazan,4,low
2023-05-22,2023-05-28,Gia Lai,Ia Grai,Robusta / ca phe nhan xo noi dia,60800,60800.0,2,observed,26.357,84.286,49.5,0.47,Dat do bazan,4,low
2023-05-22,2023-05-28,Gia Lai,Pleiku,Robusta / ca phe nhan xo noi dia,60800,60800.0,2,observed,24.029,83.857,24.5,0.418,Dat do bazan,4,low
2023-05-22,2023-05-28,Kon Tum,Kon Tum,Robusta / ca phe nhan xo noi dia,60850,60850.0,2,observed,25.0,84.571,37.6,0.421,Dat do vang / dat bazan cuc bo,3,low
2023-05-22,2023-05-28,Lam Dong,Bao Loc,Robusta / ca phe nhan xo noi dia,60600,60600.0,2,observed,22.886,87.286,39.7,0.416,Dat do vang tren bazan,4,low
2023-05-22,2023-05-28,Lam Dong,Di Linh,Robusta / ca phe nhan xo noi dia,60600,60600.0,2,observed,22.157,88.429,73.1,0.461,Dat do vang tren bazan,4,medium
2023-05-22,2023-05-28,Lam Dong,Lam Ha,Robusta / ca phe nhan xo noi dia,60600,60600.0,2,observed,22.743,84.429,57.9,0.438,Dat do vang tren bazan,4,low
2023-05-29,2023-06-04,Dak Lak,Buon Ho,Robusta / ca phe nhan xo noi dia,60650,60650.0,2,observed,24.2,86.714,29.2,0.42,Dat do bazan,5,medium
2023-05-29,2023-06-04,Dak Lak,Cu M'gar,Robusta / ca phe nhan xo noi dia,60700,60700.0,1,observed,25.257,85.857,54.6,0.456,Dat do bazan,5,high
2023-05-29,2023-06-04,Dak Lak,Ea H'leo,Robusta / ca phe nhan xo noi dia,60650,60650.0,2,observed,24.614,85.857,37.1,0.481,Dat do bazan,5,medium
2023-05-29,2023-06-04,Dak Nong,Dak R'lap,Robusta / ca phe nhan xo noi dia,60700,,0,province_proxy,23.6,92.143,85.7,0.5,Dat do bazan,4,low
2023-05-29,2023-06-04,Dak Nong,Gia Nghia,Robusta / ca phe nhan xo noi dia,60700,60700.0,1,observed,23.643,90.0,71.3,0.486,Dat do bazan,4,low
2023-05-29,2023-06-04,Gia Lai,Chu Prong,Robusta / ca phe nhan xo noi dia,60500,60500.0,1,observed,25.243,86.714,45.7,0.463,Dat do bazan,4,low
2023-05-29,2023-06-04,Gia Lai,Ia Grai,Robusta / ca phe nhan xo noi dia,60450,,0,province_proxy,25.829,87.429,58.9,0.483,Dat do bazan,4,low
2023-05-29,2023-06-04,Gia Lai,Pleiku,Robusta / ca phe nhan xo noi dia,60400,60400.0,1,observed,23.529,88.857,55.3,0.443,Dat do bazan,4,low
2023-05-29,2023-06-04,Kon Tum,Kon Tum,Robusta / ca phe nhan xo noi dia,60500,60500.0,1,observed,24.543,87.571,56.7,0.441,Dat do vang / dat bazan cuc bo,3,low
2023-05-29,2023-06-04,Lam Dong,Bao Loc,Robusta / ca phe nhan xo noi dia,60100,60100.0,1,observed,23.029,89.714,30.4,0.421,Dat do vang tren bazan,4,low
2023-05-29,2023-06-04,Lam Dong,Di Linh,Robusta / ca phe nhan xo noi dia,60150,60150.0,2,observed,22.371,91.286,31.2,0.467,Dat do vang tren bazan,4,medium
2023-05-29,2023-06-04,Lam Dong,Lam Ha,Robusta / ca phe nhan xo noi dia,60100,60100.0,1,observed,23.2,85.429,33.5,0.448,Dat do vang tren bazan,4,low
2023-06-05,2023-06-11,Dak Lak,Buon Ho,Robusta / ca phe nhan xo noi dia,62950,62950.0,4,observed,23.5,87.714,44.1,0.434,Dat do bazan,5,medium
2023-06-05,2023-06-11,Dak Lak,Cu M'gar,Robusta / ca phe nhan xo noi dia,64100,64100.0,1,observed,24.786,86.286,72.7,0.481,Dat do bazan,5,high
2023-06-05,2023-06-11,Dak Lak,Ea H'leo,Robusta / ca phe nhan xo noi dia,62950,62950.0,4,observed,23.729,88.571,44.1,0.491,Dat do bazan,5,medium
2023-06-05,2023-06-11,Dak Nong,Dak R'lap,Robusta / ca phe nhan xo noi dia,64200,,0,province_proxy,23.3,91.429,96.4,0.502,Dat do bazan,4,low
2023-06-05,2023-06-11,Dak Nong,Gia Nghia,Robusta / ca phe nhan xo noi dia,64200,64200.0,1,observed,23.429,88.857,70.3,0.491,Dat do bazan,4,low
2023-06-05,2023-06-11,Gia Lai,Chu Prong,Robusta / ca phe nhan xo noi dia,63800,63800.0,1,observed,24.071,90.429,128.4,0.499,Dat do bazan,4,low
2023-06-05,2023-06-11,Gia Lai,Ia Grai,Robusta / ca phe nhan xo noi dia,62367,62366.666666666664,3,observed,24.714,90.429,147.8,0.505,Dat do bazan,4,low
2023-06-05,2023-06-11,Gia Lai,Pleiku,Robusta / ca phe nhan xo noi dia,62700,62700.0,4,observed,22.414,91.714,96.5,0.495,Dat do bazan,4,low
2023-06-05,2023-06-11,Kon Tum,Kon Tum,Robusta / ca phe nhan xo noi dia,62500,62500.0,3,observed,24.243,86.857,76.8,0.486,Dat do vang / dat bazan cuc bo,3,low
2023-06-05,2023-06-11,Lam Dong,Bao Loc,Robusta / ca phe nhan xo noi dia,62500,62500.0,4,observed,22.314,90.714,47.8,0.451,Dat do vang tren bazan,4,low
2023-06-05,2023-06-11,Lam Dong,Di Linh,Robusta / ca phe nhan xo noi dia,62500,62500.0,4,observed,21.643,91.857,41.9,0.471,Dat do vang tren bazan,4,medium
2023-06-05,2023-06-11,Lam Dong,Lam Ha,Robusta / ca phe nhan xo noi dia,62500,62500.0,4,observed,22.929,83.571,22.7,0.432,Dat do vang tren bazan,4,low
2023-06-12,2023-06-18,Dak Lak,Buon Ho,Robusta / ca phe nhan xo noi dia,64700,64700.0,6,observed,24.071,85.429,27.6,0.406,Dat do bazan,5,medium
2023-06-12,2023-06-18,Dak Lak,Cu M'gar,Robusta / ca phe nhan xo noi dia,64825,64825.0,4,observed,25.214,84.429,59.2,0.468,Dat do bazan,5,high
2023-06-12,2023-06-18,Dak Lak,Ea H'leo,Robusta / ca phe nhan xo noi dia,64700,64700.0,6,observed,24.357,85.714,23.1,0.461,Dat do bazan,5,medium
2023-06-12,2023-06-18,Dak Nong,Dak R'lap,Robusta / ca phe nhan xo noi dia,64925,,0,province_proxy,23.471,90.429,94.6,0.491,Dat do bazan,4,low
2023-06-12,2023-06-18,Dak Nong,Gia Nghia,Robusta / ca phe nhan xo noi dia,64925,64925.0,4,observed,23.443,89.0,77.0,0.476,Dat do bazan,4,low
2023-06-12,2023-06-18,Gia Lai,Chu Prong,Robusta / ca phe nhan xo noi dia,64425,64425.0,4,observed,24.643,89.143,95.9,0.495,Dat do bazan,4,low
2023-06-12,2023-06-18,Gia Lai,Ia Grai,Robusta / ca phe nhan xo noi dia,64400,64400.0,1,observed,25.343,88.714,118.8,0.501,Dat do bazan,4,low
2023-06-12,2023-06-18,Gia Lai,Pleiku,Robusta / ca phe nhan xo noi dia,64420,64420.0,5,observed,22.957,90.714,62.4,0.486,Dat do bazan,4,low
2023-06-12,2023-06-18,Kon Tum,Kon Tum,Robusta / ca phe nhan xo noi dia,64450,64450.0,2,observed,24.629,86.286,37.4,0.475,Dat do vang / dat bazan cuc bo,3,low
2023-06-12,2023-06-18,Lam Dong,Bao Loc,Robusta / ca phe nhan xo noi dia,64180,64180.0,5,observed,22.6,88.571,27.4,0.434,Dat do vang tren bazan,4,low
2023-06-12,2023-06-18,Lam Dong,Di Linh,Robusta / ca phe nhan xo noi dia,64183,64183.333333333336,6,observed,21.843,90.429,44.4,0.466,Dat do vang tren bazan,4,medium
2023-06-12,2023-06-18,Lam Dong,Lam Ha,Robusta / ca phe nhan xo noi dia,64180,64180.0,5,observed,22.857,84.286,53.1,0.402,Dat do vang tren bazan,4,low
2023-06-19,2023-06-25,Dak Lak,Buon Ho,Robusta / ca phe nhan xo noi dia,66450,66450.0,2,observed,24.614,83.286,41.3,0.358,Dat do bazan,5,medium
2023-06-19,2023-06-25,Dak Lak,Cu M'gar,Robusta / ca phe nhan xo noi dia,66450,,0,province_proxy,25.529,83.286,55.5,0.436,Dat do bazan,5,high
2023-06-19,2023-06-25,Dak Lak,Ea H'leo,Robusta / ca phe nhan xo noi dia,66450,66450.0,2,observed,25.071,83.0,55.7,0.426,Dat do bazan,5,medium
2023-06-19,2023-06-25,Dak Nong,Dak R'lap,Robusta / ca phe nhan xo noi dia,64812,,0,interpolated_area,23.886,89.0,62.2,0.49,Dat do bazan,4,low
2023-06-19,2023-06-25,Dak Nong,Gia Nghia,Robusta / ca phe nhan xo noi dia,64812,,0,interpolated_area,23.657,89.0,91.4,0.487,Dat do bazan,4,low
2023-06-19,2023-06-25,Gia Lai,Chu Prong,Robusta / ca phe nhan xo noi dia,66150,,0,province_proxy,25.557,85.286,45.6,0.482,Dat do bazan,4,low
2023-06-19,2023-06-25,Gia Lai,Ia Grai,Robusta / ca phe nhan xo noi dia,66150,66150.0,2,observed,26.129,85.286,25.5,0.48,Dat do bazan,4,low
2023-06-19,2023-06-25,Gia Lai,Pleiku,Robusta / ca phe nhan xo noi dia,66150,66150.0,2,observed,23.871,86.286,22.8,0.44,Dat do bazan,4,low
2023-06-19,2023-06-25,Kon Tum,Kon Tum,Robusta / ca phe nhan xo noi dia,66150,66150.0,2,observed,24.814,86.857,31.2,0.463,Dat do vang / dat bazan cuc bo,3,low
2023-06-19,2023-06-25,Lam Dong,Bao Loc,Robusta / ca phe nhan xo noi dia,66050,66050.0,2,observed,22.829,88.571,68.5,0.453,Dat do vang tren bazan,4,low
2023-06-19,2023-06-25,Lam Dong,Di Linh,Robusta / ca phe nhan xo noi dia,66050,66050.0,2,observed,22.3,88.429,65.3,0.482,Dat do vang tren bazan,4,medium
2023-06-19,2023-06-25,Lam Dong,Lam Ha,Robusta / ca phe nhan xo noi dia,66050,66050.0,2,observed,22.857,84.286,37.6,0.433,Dat do vang tren bazan,4,low
2023-06-26,2023-07-02,Dak Lak,Buon Ho,Robusta / ca phe nhan xo noi dia,65600,65600.0,4,observed,24.057,86.429,77.5,0.455,Dat do bazan,5,medium
2023-06-26,2023-07-02,Dak Lak,Cu M'gar,Robusta / ca phe nhan xo noi dia,64500,64500.0,1,observed,25.214,85.571,113.7,0.483,Dat do bazan,5,high
2023-06-26,2023-07-02,Dak Lak,Ea H'leo,Robusta / ca phe nhan xo noi dia,65600,65600.0,4,observed,24.571,84.714,67.9,0.48,Dat do bazan,5,medium
2023-06-26,2023-07-02,Dak Nong,Dak R'lap,Robusta / ca phe nhan xo noi dia,64700,,0,province_proxy,23.486,91.0,105.6,0.501,Dat do bazan,4,low
2023-06-26,2023-07-02,Dak Nong,Gia Nghia,Robusta / ca phe nhan xo noi dia,64700,64700.0,1,observed,23.429,89.714,98.2,0.496,Dat do bazan,4,low
2023-06-26,2023-07-02,Gia Lai,Chu Prong,Robusta / ca phe nhan xo noi dia,64400,64400.0,1,observed,25.114,86.857,95.2,0.486,Dat do bazan,4,low
2023-06-26,2023-07-02,Gia Lai,Ia Grai,Robusta / ca phe nhan xo noi dia,65600,65600.0,2,observed,25.686,87.714,76.5,0.489,Dat do bazan,4,low
2023-06-26,2023-07-02,Gia Lai,Pleiku,Robusta / ca phe nhan xo noi dia,65167,65166.666666666664,3,observed,23.343,88.571,59.5,0.456,Dat do bazan,4,low
2023-06-26,2023-07-02,Kon Tum,Kon Tum,Robusta / ca phe nhan xo noi dia,65900,65900.0,3,observed,24.571,87.0,62.5,0.477,Dat do vang / dat bazan cuc bo,3,low
2023-06-26,2023-07-02,Lam Dong,Bao Loc,Robusta / ca phe nhan xo noi dia,65100,65100.0,3,observed,22.5,89.714,79.2,0.487,Dat do vang tren bazan,4,low
2023-06-26,2023-07-02,Lam Dong,Di Linh,Robusta / ca phe nhan xo noi dia,65375,65375.0,4,observed,22.1,88.714,84.1,0.491,Dat do vang tren bazan,4,medium
2023-06-26,2023-07-02,Lam Dong,Lam Ha,Robusta / ca phe nhan xo noi dia,65100,65100.0,3,observed,22.671,85.571,65.5,0.47,Dat do vang tren bazan,4,low
2023-07-03,2023-07-09,Dak Lak,Buon Ho,Robusta / ca phe nhan xo noi dia,65125,65125.0,4,observed,24.229,84.857,49.4,0.475,Dat do bazan,5,medium
2023-07-03,2023-07-09,Dak Lak,Cu M'gar,Robusta / ca phe nhan xo noi dia,65125,,0,province_proxy,25.4,83.429,44.1,0.455,Dat do bazan,5,high
2023-07-03,2023-07-09,Dak Lak,Ea H'leo,Robusta / ca phe nhan xo noi dia,65125,65125.0,4,observed,24.829,83.571,48.7,0.468,Dat do bazan,5,medium
2023-07-03,2023-07-09,Dak Nong,Dak R'lap,Robusta / ca phe nhan xo noi dia,65260,,0,interpolated_area,23.657,88.286,65.9,0.489,Dat do bazan,4,low
2023-07-03,2023-07-09,Dak Nong,Gia Nghia,Robusta / ca phe nhan xo noi dia,65260,,0,interpolated_area,23.557,87.429,67.7,0.488,Dat do bazan,4,low
2023-07-03,2023-07-09,Gia Lai,Chu Prong,Robusta / ca phe nhan xo noi dia,64600,,0,province_proxy,25.557,83.857,54.3,0.476,Dat do bazan,4,low
2023-07-03,2023-07-09,Gia Lai,Ia Grai,Robusta / ca phe nhan xo noi dia,64600,64600.0,3,observed,26.229,84.857,26.2,0.465,Dat do bazan,4,low
2023-07-03,2023-07-09,Gia Lai,Pleiku,Robusta / ca phe nhan xo noi dia,64600,64600.0,3,observed,23.771,85.714,26.9,0.455,Dat do bazan,4,low
2023-07-03,2023-07-09,Kon Tum,Kon Tum,Robusta / ca phe nhan xo noi dia,65025,65025.0,4,observed,24.814,85.0,22.8,0.451,Dat do vang / dat bazan cuc bo,3,low
2023-07-03,2023-07-09,Lam Dong,Bao Loc,Robusta / ca phe nhan xo noi dia,64500,64500.0,3,observed,22.357,88.571,47.4,0.476,Dat do vang tren bazan,4,low
2023-07-03,2023-07-09,Lam Dong,Di Linh,Robusta / ca phe nhan xo noi dia,64775,64775.0,4,observed,22.229,87.0,39.8,0.483,Dat do vang tren bazan,4,medium
2023-07-03,2023-07-09,Lam Dong,Lam Ha,Robusta / ca phe nhan xo noi dia,64500,64500.0,3,observed,22.229,86.0,28.5,0.455,Dat do vang tren bazan,4,low
2023-07-10,2023-07-16,Dak Lak,Buon Ho,Robusta / ca phe nhan xo noi dia,65590,65590.0,10,observed,23.843,87.143,58.6,0.463,Dat do bazan,5,medium
2023-07-10,2023-07-16,Dak Lak,Cu M'gar,Robusta / ca phe nhan xo noi dia,65680,65680.0,5,observed,24.857,86.143,114.5,0.458,Dat do bazan,5,high
2023-07-10,2023-07-16,Dak Lak,Ea H'leo,Robusta / ca phe nhan xo noi dia,65590,65590.0,10,observed,24.371,85.857,31.1,0.466,Dat do bazan,5,medium
2023-07-10,2023-07-16,Dak Nong,Dak R'lap,Robusta / ca phe nhan xo noi dia,65820,,0,province_proxy,23.529,90.857,119.0,0.494,Dat do bazan,4,low
2023-07-10,2023-07-16,Dak Nong,Gia Nghia,Robusta / ca phe nhan xo noi dia,65820,65820.0,5,observed,23.3,90.0,107.5,0.491,Dat do bazan,4,low
2023-07-10,2023-07-16,Gia Lai,Chu Prong,Robusta / ca phe nhan xo noi dia,65460,65460.0,5,observed,24.929,86.571,72.0,0.472,Dat do bazan,4,low
2023-07-10,2023-07-16,Gia Lai,Ia Grai,Robusta / ca phe nhan xo noi dia,65167,65166.666666666664,3,observed,25.7,87.0,83.1,0.475,Dat do bazan,4,low
2023-07-10,2023-07-16,Gia Lai,Pleiku,Robusta / ca phe nhan xo noi dia,65288,65287.5,8,observed,23.4,88.286,64.5,0.459,Dat do bazan,4,low
2023-07-10,2023-07-16,Kon Tum,Kon Tum,Robusta / ca phe nhan xo noi dia,65600,65600.0,6,observed,24.871,85.429,51.2,0.457,Dat do vang / dat bazan cuc bo,3,low
2023-07-10,2023-07-16,Lam Dong,Bao Loc,Robusta / ca phe nhan xo noi dia,65150,65150.0,8,observed,22.371,90.571,65.6,0.48,Dat do vang tren bazan,4,low
2023-07-10,2023-07-16,Lam Dong,Di Linh,Robusta / ca phe nhan xo noi dia,65250,65250.0,10,observed,21.957,90.429,66.9,0.494,Dat do vang tren bazan,4,medium
2023-07-10,2023-07-16,Lam Dong,Lam Ha,Robusta / ca phe nhan xo noi dia,65150,65150.0,8,observed,22.371,86.143,37.1,0.466,Dat do vang tren bazan,4,low
2023-07-17,2023-07-23,Dak Lak,Buon Ho,Robusta / ca phe nhan xo noi dia,66100,66100.0,2,observed,23.357,88.714,70.4,0.491,Dat do bazan,5,medium
2023-07-17,2023-07-23,Dak Lak,Cu M'gar,Robusta / ca phe nhan xo noi dia,66100,,0,province_proxy,24.571,88.0,93.2,0.499,Dat do bazan,5,high
2023-07-17,2023-07-23,Dak Lak,Ea H'leo,Robusta / ca phe nhan xo noi dia,66100,66100.0,2,observed,23.843,88.714,70.6,0.495,Dat do bazan,5,medium
2023-07-17,2023-07-23,Dak Nong,Dak R'lap,Robusta / ca phe nhan xo noi dia,66290,,0,interpolated_area,22.957,94.0,123.0,0.504,Dat do bazan,4,low
2023-07-17,2023-07-23,Dak Nong,Gia Nghia,Robusta / ca phe nhan xo noi dia,66290,,0,interpolated_area,23.0,92.286,135.5,0.502,Dat do bazan,4,low
2023-07-17,2023-07-23,Gia Lai,Chu Prong,Robusta / ca phe nhan xo noi dia,65300,,0,province_proxy,24.271,90.0,105.1,0.502,Dat do bazan,4,low
2023-07-17,2023-07-23,Gia Lai,Ia Grai,Robusta / ca phe nhan xo noi dia,65300,65300.0,1,observed,25.029,90.143,120.4,0.505,Dat do bazan,4,low
2023-07-17,2023-07-23,Gia Lai,Pleiku,Robusta / ca phe nhan xo noi dia,65300,65300.0,1,observed,22.8,91.286,81.4,0.501,Dat do bazan,4,low
2023-07-17,2023-07-23,Kon Tum,Kon Tum,Robusta / ca phe nhan xo noi dia,65950,65950.0,2,observed,24.286,88.286,88.3,0.494,Dat do vang / dat bazan cuc bo,3,low
2023-07-17,2023-07-23,Lam Dong,Bao Loc,Robusta / ca phe nhan xo noi dia,65100,65100.0,1,observed,22.1,92.429,95.2,0.502,Dat do vang tren bazan,4,low
2023-07-17,2023-07-23,Lam Dong,Di Linh,Robusta / ca phe nhan xo noi dia,65600,65600.0,2,observed,21.457,93.857,95.7,0.505,Dat do vang tren bazan,4,medium
2023-07-17,2023-07-23,Lam Dong,Lam Ha,Robusta / ca phe nhan xo noi dia,65100,65100.0,1,observed,22.386,88.0,88.5,0.483,Dat do vang tren bazan,4,low
2023-07-24,2023-07-30,Dak Lak,Buon Ho,Robusta / ca phe nhan xo noi dia,67400,67400.0,1,observed,23.271,89.286,65.2,0.499,Dat do bazan,5,medium
2023-07-24,2023-07-30,Dak Lak,Cu M'gar,Robusta / ca phe nhan xo noi dia,67400,,0,province_proxy,24.471,88.714,106.9,0.502,Dat do bazan,5,high
2023-07-24,2023-07-30,Dak Lak,Ea H'leo,Robusta / ca phe nhan xo noi dia,67400,67400.0,1,observed,23.686,89.286,63.6,0.497,Dat do bazan,5,medium
2023-07-24,2023-07-30,Dak Nong,Dak R'lap,Robusta / ca phe nhan xo noi dia,66760,,0,interpolated_area,22.657,95.857,170.6,0.509,Dat do bazan,4,low
2023-07-24,2023-07-30,Dak Nong,Gia Nghia,Robusta / ca phe nhan xo noi dia,66760,,0,interpolated_area,22.571,94.0,146.6,0.508,Dat do bazan,4,low
2023-07-24,2023-07-30,Gia Lai,Chu Prong,Robusta / ca phe nhan xo noi dia,67200,,0,province_proxy,23.714,92.714,197.7,0.507,Dat do bazan,4,low
2023-07-24,2023-07-30,Gia Lai,Ia Grai,Robusta / ca phe nhan xo noi dia,67200,67200.0,1,observed,24.443,93.143,153.3,0.508,Dat do bazan,4,low
2023-07-24,2023-07-30,Gia Lai,Pleiku,Robusta / ca phe nhan xo noi dia,67200,67200.0,1,observed,22.243,93.714,93.9,0.507,Dat do bazan,4,low
2023-07-24,2023-07-30,Kon Tum,Kon Tum,Robusta / ca phe nhan xo noi dia,67300,67300.0,1,observed,24.186,88.714,96.4,0.501,Dat do vang / dat bazan cuc bo,3,low
2023-07-24,2023-07-30,Lam Dong,Bao Loc,Robusta / ca phe nhan xo noi dia,67000,67000.0,1,observed,21.857,93.571,99.2,0.509,Dat do vang tren bazan,4,low
2023-07-24,2023-07-30,Lam Dong,Di Linh,Robusta / ca phe nhan xo noi dia,67000,67000.0,1,observed,21.229,94.714,101.9,0.506,Dat do vang tren bazan,4,medium
2023-07-24,2023-07-30,Lam Dong,Lam Ha,Robusta / ca phe nhan xo noi dia,67000,67000.0,1,observed,22.314,88.571,92.2,0.494,Dat do vang tren bazan,4,low
2023-07-31,2023-08-06,Dak Lak,Buon Ho,Robusta / ca phe nhan xo noi dia,67033,67033.33333333333,3,observed,23.457,88.0,33.7,0.484,Dat do bazan,5,medium
2023-07-31,2023-08-06,Dak Lak,Cu M'gar,Robusta / ca phe nhan xo noi dia,67033,,0,province_proxy,24.714,86.714,64.8,0.491,Dat do bazan,5,high
2023-07-31,2023-08-06,Dak Lak,Ea H'leo,Robusta / ca phe nhan xo noi dia,67033,67033.33333333333,3,observed,23.743,88.571,43.9,0.493,Dat do bazan,5,medium
2023-07-31,2023-08-06,Dak Nong,Dak R'lap,Robusta / ca phe nhan xo noi dia,67230,,0,interpolated_area,23.029,93.571,77.5,0.501,Dat do bazan,4,low
2023-07-31,2023-08-06,Dak Nong,Gia Nghia,Robusta / ca phe nhan xo noi dia,67230,,0,interpolated_area,23.014,92.143,57.2,0.496,Dat do bazan,4,low
2023-07-31,2023-08-06,Gia Lai,Chu Prong,Robusta / ca phe nhan xo noi dia,66767,,0,province_proxy,23.8,92.143,120.1,0.502,Dat do bazan,4,low
2023-07-31,2023-08-06,Gia Lai,Ia Grai,Robusta / ca phe nhan xo noi dia,66767,66766.66666666667,3,observed,24.386,92.571,119.0,0.505,Dat do bazan,4,low
2023-07-31,2023-08-06,Gia Lai,Pleiku,Robusta / ca phe nhan xo noi dia,66767,66766.66666666667,3,observed,22.014,94.286,82.5,0.508,Dat do bazan,4,low
2023-07-31,2023-08-06,Kon Tum,Kon Tum,Robusta / ca phe nhan xo noi dia,66867,66866.66666666667,3,observed,24.086,87.571,35.8,0.492,Dat do vang / dat bazan cuc bo,3,low
2023-07-31,2023-08-06,Lam Dong,Bao Loc,Robusta / ca phe nhan xo noi dia,66467,66466.66666666667,3,observed,22.214,92.286,53.4,0.499,Dat do vang tren bazan,4,low
2023-07-31,2023-08-06,Lam Dong,Di Linh,Robusta / ca phe nhan xo noi dia,66467,66466.66666666667,3,observed,21.543,93.429,38.7,0.491,Dat do vang tren bazan,4,medium
2023-07-31,2023-08-06,Lam Dong,Lam Ha,Robusta / ca phe nhan xo noi dia,66467,66466.66666666667,3,observed,22.529,86.714,18.3,0.468,Dat do vang tren bazan,4,low
2023-08-07,2023-08-13,Dak Lak,Buon Ho,Robusta / ca phe nhan xo noi dia,67450,67450.0,4,observed,24.914,80.857,13.8,0.37,Dat do bazan,5,medium
2023-08-07,2023-08-13,Dak Lak,Cu M'gar,Robusta / ca phe nhan xo noi dia,67500,67500.0,1,observed,26.086,79.857,18.5,0.424,Dat do bazan,5,high
2023-08-07,2023-08-13,Dak Lak,Ea H'leo,Robusta / ca phe nhan xo noi dia,67450,67450.0,4,observed,25.343,80.429,13.7,0.423,Dat do bazan,5,medium
2023-08-07,2023-08-13,Dak Nong,Dak R'lap,Robusta / ca phe nhan xo noi dia,67700,,0,province_proxy,24.114,88.286,42.9,0.488,Dat do bazan,4,low
2023-08-07,2023-08-13,Dak Nong,Gia Nghia,Robusta / ca phe nhan xo noi dia,67700,67700.0,1,observed,24.286,85.857,26.4,0.467,Dat do bazan,4,low
2023-08-07,2023-08-13,Gia Lai,Chu Prong,Robusta / ca phe nhan xo noi dia,67000,67000.0,1,observed,25.271,85.714,55.1,0.494,Dat do bazan,4,low
2023-08-07,2023-08-13,Gia Lai,Ia Grai,Robusta / ca phe nhan xo noi dia,67000,67000.0,3,observed,25.9,86.143,68.9,0.499,Dat do bazan,4,low
2023-08-07,2023-08-13,Gia Lai,Pleiku,Robusta / ca phe nhan xo noi dia,66975,66975.0,4,observed,23.414,88.429,39.4,0.49,Dat do bazan,4,low
2023-08-07,2023-08-13,Kon Tum,Kon Tum,Robusta / ca phe nhan xo noi dia,67100,67100.0,3,observed,25.257,83.0,19.4,0.445,Dat do vang / dat bazan cuc bo,3,low
2023-08-07,2023-08-13,Lam Dong,Bao Loc,Robusta / ca phe nhan xo noi dia,66900,66900.0,4,observed,22.957,89.286,15.7,0.458,Dat do vang tren bazan,4,low
2023-08-07,2023-08-13,Lam Dong,Di Linh,Robusta / ca phe nhan xo noi dia,66900,66900.0,4,observed,22.371,90.571,20.4,0.452,Dat do vang tren bazan,4,medium
2023-08-07,2023-08-13,Lam Dong,Lam Ha,Robusta / ca phe nhan xo noi dia,66900,66900.0,4,observed,23.571,82.429,6.8,0.369,Dat do vang tren bazan,4,low
2023-08-14,2023-08-20,Dak Lak,Buon Ho,Robusta / ca phe nhan xo noi dia,65900,65900.0,5,observed,24.057,86.143,49.9,0.414,Dat do bazan,5,medium
2023-08-14,2023-08-20,Dak Lak,Cu M'gar,Robusta / ca phe nhan xo noi dia,66450,66450.0,2,observed,25.029,85.571,69.8,0.475,Dat do bazan,5,high
2023-08-14,2023-08-20,Dak Lak,Ea H'leo,Robusta / ca phe nhan xo noi dia,65900,65900.0,5,observed,24.614,85.143,49.9,0.447,Dat do bazan,5,medium
2023-08-14,2023-08-20,Dak Nong,Dak R'lap,Robusta / ca phe nhan xo noi dia,66650,,0,province_proxy,23.471,91.286,107.0,0.497,Dat do bazan,4,low
2023-08-14,2023-08-20,Dak Nong,Gia Nghia,Robusta / ca phe nhan xo noi dia,66650,66650.0,2,observed,23.614,89.429,77.5,0.489,Dat do bazan,4,low
2023-08-14,2023-08-20,Gia Lai,Chu Prong,Robusta / ca phe nhan xo noi dia,65950,65950.0,2,observed,25.0,87.857,54.3,0.492,Dat do bazan,4,low
2023-08-14,2023-08-20,Gia Lai,Ia Grai,Robusta / ca phe nhan xo noi dia,65067,65066.666666666664,3,observed,25.686,88.143,88.5,0.497,Dat do bazan,4,low
2023-08-14,2023-08-20,Gia Lai,Pleiku,Robusta / ca phe nhan xo noi dia,65380,65380.0,5,observed,23.371,89.429,47.4,0.485,Dat do bazan,4,low
2023-08-14,2023-08-20,Kon Tum,Kon Tum,Robusta / ca phe nhan xo noi dia,65133,65133.333333333336,3,observed,24.843,86.571,39.7,0.466,Dat do vang / dat bazan cuc bo,3,low
2023-08-14,2023-08-20,Lam Dong,Bao Loc,Robusta / ca phe nhan xo noi dia,65340,65340.0,5,observed,22.557,90.571,59.8,0.46,Dat do vang tren bazan,4,low
2023-08-14,2023-08-20,Lam Dong,Di Linh,Robusta / ca phe nhan xo noi dia,65340,65340.0,5,observed,21.971,91.286,74.3,0.468,Dat do vang tren bazan,4,medium
2023-08-14,2023-08-20,Lam Dong,Lam Ha,Robusta / ca phe nhan xo noi dia,65340,65340.0,5,observed,22.743,86.143,52.9,0.437,Dat do vang tren bazan,4,low
2023-08-21,2023-08-27,Dak Lak,Buon Ho,Robusta / ca phe nhan xo noi dia,64650,64650.0,2,observed,24.2,85.286,20.1,0.414,Dat do bazan,5,medium
2023-08-21,2023-08-27,Dak Lak,Cu M'gar,Robusta / ca phe nhan xo noi dia,64650,,0,province_proxy,25.271,84.857,41.8,0.483,Dat do bazan,5,high
2023-08-21,2023-08-27,Dak Lak,Ea H'leo,Robusta / ca phe nhan xo noi dia,64650,64650.0,2,observed,24.571,84.714,27.1,0.459,Dat do bazan,5,medium
2023-08-21,2023-08-27,Dak Nong,Dak R'lap,Robusta / ca phe nhan xo noi dia,66675,,0,interpolated_area,23.857,88.0,74.4,0.498,Dat do bazan,4,low
2023-08-21,2023-08-27,Dak Nong,Gia Nghia,Robusta / ca phe nhan xo noi dia,66675,,0,interpolated_area,24.0,85.286,32.4,0.486,Dat do bazan,4,low
2023-08-21,2023-08-27,Gia Lai,Chu Prong,Robusta / ca phe nhan xo noi dia,64050,,0,province_proxy,24.786,86.857,95.8,0.499,Dat do bazan,4,low
2023-08-21,2023-08-27,Gia Lai,Ia Grai,Robusta / ca phe nhan xo noi dia,64050,64050.0,2,observed,25.557,86.714,99.3,0.5,Dat do bazan,4,low
2023-08-21,2023-08-27,Gia Lai,Pleiku,Robusta / ca phe nhan xo noi dia,64050,64050.0,2,observed,23.071,89.0,38.5,0.48,Dat do bazan,4,low
2023-08-21,2023-08-27,Kon Tum,Kon Tum,Robusta / ca phe nhan xo noi dia,64050,64050.0,2,observed,24.757,86.143,34.4,0.485,Dat do vang / dat bazan cuc bo,3,low
2023-08-21,2023-08-27,Lam Dong,Bao Loc,Robusta / ca phe nhan xo noi dia,64050,64050.0,2,observed,22.871,88.0,21.5,0.461,Dat do vang tren bazan,4,low
2023-08-21,2023-08-27,Lam Dong,Di Linh,Robusta / ca phe nhan xo noi dia,64050,64050.0,2,observed,22.157,89.857,34.0,0.472,Dat do vang tren bazan,4,medium
2023-08-21,2023-08-27,Lam Dong,Lam Ha,Robusta / ca phe nhan xo noi dia,64050,64050.0,2,observed,23.214,83.0,25.4,0.384,Dat do vang tren bazan,4,low
2023-08-28,2023-09-03,Dak Lak,Buon Ho,Robusta / ca phe nhan xo noi dia,65900,65900.0,3,observed,23.357,88.714,67.6,0.453,Dat do bazan,5,medium
2023-08-28,2023-09-03,Dak Lak,Cu M'gar,Robusta / ca phe nhan xo noi dia,66600,66600.0,1,observed,24.543,88.0,92.8,0.5,Dat do bazan,5,high
2023-08-28,2023-09-03,Dak Lak,Ea H'leo,Robusta / ca phe nhan xo noi dia,65900,65900.0,3,observed,23.729,88.857,48.3,0.482,Dat do bazan,5,medium
2023-08-28,2023-09-03,Dak Nong,Dak R'lap,Robusta / ca phe nhan xo noi dia,66700,,0,province_proxy,23.086,93.143,141.4,0.506,Dat do bazan,4,low
2023-08-28,2023-09-03,Dak Nong,Gia Nghia,Robusta / ca phe nhan xo noi dia,66700,66700.0,1,observed,23.214,90.714,94.0,0.505,Dat do bazan,4,low
2023-08-28,2023-09-03,Gia Lai,Chu Prong,Robusta / ca phe nhan xo noi dia,66200,66200.0,1,observed,23.971,92.0,113.3,0.506,Dat do bazan,4,low
2023-08-28,2023-09-03,Gia Lai,Ia Grai,Robusta / ca phe nhan xo noi dia,65150,65150.0,2,observed,24.743,91.429,110.6,0.506,Dat do bazan,4,low
2023-08-28,2023-09-03,Gia Lai,Pleiku,Robusta / ca phe nhan xo noi dia,65467,65466.666666666664,3,observed,22.529,92.286,58.3,0.498,Dat do bazan,4,low
2023-08-28,2023-09-03,Kon Tum,Kon Tum,Robusta / ca phe nhan xo noi dia,65150,65150.0,2,observed,24.2,88.571,61.4,0.498,Dat do vang / dat bazan cuc bo,3,low
2023-08-28,2023-09-03,Lam Dong,Bao Loc,Robusta / ca phe nhan xo noi dia,65267,65266.666666666664,3,observed,22.229,91.857,96.5,0.501,Dat do vang tren bazan,4,low
2023-08-28,2023-09-03,Lam Dong,Di Linh,Robusta / ca phe nhan xo noi dia,65267,65266.666666666664,3,observed,21.657,93.286,96.0,0.505,Dat do vang tren bazan,4,medium
2023-08-28,2023-09-03,Lam Dong,Lam Ha,Robusta / ca phe nhan xo noi dia,65267,65266.666666666664,3,observed,22.786,86.714,56.9,0.462,Dat do vang tren bazan,4,low
2023-09-04,2023-09-10,Dak Lak,Buon Ho,Robusta / ca phe nhan xo noi dia,65433,65433.333333333336,3,observed,23.914,87.714,69.0,0.474,Dat do bazan,5,medium
2023-09-04,2023-09-10,Dak Lak,Cu M'gar,Robusta / ca phe nhan xo noi dia,65300,65300.0,1,observed,24.943,87.429,73.3,0.487,Dat do bazan,5,high
2023-09-04,2023-09-10,Dak Lak,Ea H'leo,Robusta / ca phe nhan xo noi dia,65433,65433.333333333336,3,observed,24.414,87.143,56.4,0.483,Dat do bazan,5,medium
2023-09-04,2023-09-10,Dak Nong,Dak R'lap,Robusta / ca phe nhan xo noi dia,65500,,0,province_proxy,23.343,92.143,69.2,0.494,Dat do bazan,4,low
2023-09-04,2023-09-10,Dak Nong,Gia Nghia,Robusta / ca phe nhan xo noi dia,65500,65500.0,1,observed,23.357,90.857,71.1,0.496,Dat do bazan,4,low
2023-09-04,2023-09-10,Gia Lai,Chu Prong,Robusta / ca phe nhan xo noi dia,64900,64900.0,1,observed,24.643,89.857,104.2,0.5,Dat do bazan,4,low
2023-09-04,2023-09-10,Gia Lai,Ia Grai,Robusta / ca phe nhan xo noi dia,65500,65500.0,1,observed,25.471,89.571,114.7,0.501,Dat do bazan,4,low
2023-09-04,2023-09-10,Gia Lai,Pleiku,Robusta / ca phe nhan xo noi dia,65150,65150.0,2,observed,23.1,91.143,73.5,0.492,Dat do bazan,4,low
2023-09-04,2023-09-10,Kon Tum,Kon Tum,Robusta / ca phe nhan xo noi dia,65600,65600.0,1,observed,24.414,88.571,55.8,0.488,Dat do vang / dat bazan cuc bo,3,low
2023-09-04,2023-09-10,Lam Dong,Bao Loc,Robusta / ca phe nhan xo noi dia,64767,64766.666666666664,3,observed,22.414,91.714,51.4,0.492,Dat do vang tren bazan,4,low
2023-09-04,2023-09-10,Lam Dong,Di Linh,Robusta / ca phe nhan xo noi dia,64767,64766.666666666664,3,observed,21.929,91.714,51.3,0.487,Dat do vang tren bazan,4,medium
2023-09-04,2023-09-10,Lam Dong,Lam Ha,Robusta / ca phe nhan xo noi dia,64767,64766.666666666664,3,observed,22.586,88.286,51.5,0.492,Dat do vang tren bazan,4,low
2023-09-11,2023-09-17,Dak Lak,Buon Ho,Robusta / ca phe nhan xo noi dia,66033,66033.33333333333,6,observed,23.257,88.0,57.3,0.473,Dat do bazan,5,medium
2023-09-11,2023-09-17,Dak Lak,Cu M'gar,Robusta / ca phe nhan xo noi dia,66075,66075.0,4,observed,24.357,87.571,80.6,0.49,Dat do bazan,5,high
2023-09-11,2023-09-17,Dak Lak,Ea H'leo,Robusta / ca phe nhan xo noi dia,66033,66033.33333333333,6,observed,23.7,87.857,35.2,0.475,Dat do bazan,5,medium
2023-09-11,2023-09-17,Dak Nong,Dak R'lap,Robusta / ca phe nhan xo noi dia,66300,,0,province_proxy,22.986,91.143,64.1,0.496,Dat do bazan,4,low
2023-09-11,2023-09-17,Dak Nong,Gia Nghia,Robusta / ca phe nhan xo noi dia,66300,66300.0,4,observed,23.043,90.143,54.0,0.495,Dat do bazan,4,low
2023-09-11,2023-09-17,Gia Lai,Chu Prong,Robusta / ca phe nhan xo noi dia,65800,65800.0,4,observed,23.686,91.571,97.1,0.504,Dat do bazan,4,low
2023-09-11,2023-09-17,Gia Lai,Ia Grai,Robusta / ca phe nhan xo noi dia,65750,65750.0,2,observed,24.286,92.429,110.5,0.504,Dat do bazan,4,low
2023-09-11,2023-09-17,Gia Lai,Pleiku,Robusta / ca phe nhan xo noi dia,65717,65716.66666666667,6,observed,22.029,93.714,68.9,0.502,Dat do bazan,4,low
2023-09-11,2023-09-17,Kon Tum,Kon Tum,Robusta / ca phe nhan xo noi dia,65800,65800.0,2,observed,23.743,89.857,58.8,0.491,Dat do vang / dat bazan cuc bo,3,low
2023-09-11,2023-09-17,Lam Dong,Bao Loc,Robusta / ca phe nhan xo noi dia,65350,65350.0,6,observed,21.943,91.143,34.7,0.487,Dat do vang tren bazan,4,low
2023-09-11,2023-09-17,Lam Dong,Di Linh,Robusta / ca phe nhan xo noi dia,65350,65350.0,6,observed,21.314,91.857,46.3,0.493,Dat do vang tren bazan,4,medium
2023-09-11,2023-09-17,Lam Dong,Lam Ha,Robusta / ca phe nhan xo noi dia,65350,65350.0,6,observed,22.071,86.571,25.6,0.47,Dat do vang tren bazan,4,low
2023-09-18,2023-09-24,Dak Lak,Buon Ho,Robusta / ca phe nhan xo noi dia,67500,67500.0,2,observed,23.771,86.857,32.2,0.472,Dat do bazan,5,medium
2023-09-18,2023-09-24,Dak Lak,Cu M'gar,Robusta / ca phe nhan xo noi dia,67500,,0,province_proxy,25.029,84.571,52.4,0.476,Dat do bazan,5,high
2023-09-18,2023-09-24,Dak Lak,Ea H'leo,Robusta / ca phe nhan xo noi dia,67500,67500.0,2,observed,24.357,84.714,32.1,0.472,Dat do bazan,5,medium
2023-09-18,2023-09-24,Dak Nong,Dak R'lap,Robusta / ca phe nhan xo noi dia,65650,,0,interpolated_area,23.171,91.143,98.7,0.496,Dat do bazan,4,low
2023-09-18,2023-09-24,Dak Nong,Gia Nghia,Robusta / ca phe nhan xo noi dia,65650,,0,interpolated_area,23.171,90.143,81.6,0.494,Dat do bazan,4,low
2023-09-18,2023-09-24,Gia Lai,Chu Prong,Robusta / ca phe nhan xo noi dia,67300,,0,province_proxy,25.114,84.0,63.3,0.478,Dat do bazan,4,low
2023-09-18,2023-09-24,Gia Lai,Ia Grai,Robusta / ca phe nhan xo noi dia,67300,67300.0,2,observed,25.671,85.857,29.3,0.48,Dat do bazan,4,low
2023-09-18,2023-09-24,Gia Lai,Pleiku,Robusta / ca phe nhan xo noi dia,67300,67300.0,2,observed,23.214,86.286,37.1,0.463,Dat do bazan,4,low
2023-09-18,2023-09-24,Kon Tum,Kon Tum,Robusta / ca phe nhan xo noi dia,67400,67400.0,2,observed,23.914,87.286,27.1,0.469,Dat do vang / dat bazan cuc bo,3,low
2023-09-18,2023-09-24,Lam Dong,Bao Loc,Robusta / ca phe nhan xo noi dia,67000,67000.0,2,observed,22.114,90.0,60.2,0.494,Dat do vang tren bazan,4,low
2023-09-18,2023-09-24,Lam Dong,Di Linh,Robusta / ca phe nhan xo noi dia,67000,67000.0,2,observed,21.686,89.429,57.7,0.492,Dat do vang tren bazan,4,medium
2023-09-18,2023-09-24,Lam Dong,Lam Ha,Robusta / ca phe nhan xo noi dia,67000,67000.0,2,observed,21.914,88.0,42.3,0.474,Dat do vang tren bazan,4,low
2023-09-25,2023-10-01,Dak Lak,Buon Ho,Robusta / ca phe nhan xo noi dia,66425,66425.0,4,observed,23.171,88.0,61.3,0.487,Dat do bazan,5,medium
2023-09-25,2023-10-01,Dak Lak,Cu M'gar,Robusta / ca phe nhan xo noi dia,66425,,0,province_proxy,24.386,87.143,63.0,0.494,Dat do bazan,5,high
2023-09-25,2023-10-01,Dak Lak,Ea H'leo,Robusta / ca phe nhan xo noi dia,66425,66425.0,4,observed,23.571,88.0,61.3,0.488,Dat do bazan,5,medium
2023-09-25,2023-10-01,Dak Nong,Dak R'lap,Robusta / ca phe nhan xo noi dia,65000,,0,interpolated_area,23.029,92.286,107.3,0.502,Dat do bazan,4,low
2023-09-25,2023-10-01,Dak Nong,Gia Nghia,Robusta / ca phe nhan xo noi dia,65000,,0,interpolated_area,22.986,90.857,96.3,0.499,Dat do bazan,4,low
2023-09-25,2023-10-01,Gia Lai,Chu Prong,Robusta / ca phe nhan xo noi dia,66300,,0,province_proxy,23.929,90.0,110.8,0.501,Dat do bazan,4,low
2023-09-25,2023-10-01,Gia Lai,Ia Grai,Robusta / ca phe nhan xo noi dia,66300,66300.0,3,observed,24.6,90.571,122.4,0.5,Dat do bazan,4,low
2023-09-25,2023-10-01,Gia Lai,Pleiku,Robusta / ca phe nhan xo noi dia,66300,66300.0,3,observed,22.257,91.429,114.7,0.5,Dat do bazan,4,low
2023-09-25,2023-10-01,Kon Tum,Kon Tum,Robusta / ca phe nhan xo noi dia,66300,66300.0,4,observed,23.571,90.0,102.7,0.498,Dat do vang / dat bazan cuc bo,3,low
2023-09-25,2023-10-01,Lam Dong,Bao Loc,Robusta / ca phe nhan xo noi dia,65975,65975.0,4,observed,21.971,90.857,91.1,0.499,Dat do vang tren bazan,4,low
2023-09-25,2023-10-01,Lam Dong,Di Linh,Robusta / ca phe nhan xo noi dia,65975,65975.0,4,observed,21.586,91.143,63.0,0.497,Dat do vang tren bazan,4,medium
2023-09-25,2023-10-01,Lam Dong,Lam Ha,Robusta / ca phe nhan xo noi dia,65975,65975.0,4,observed,22.071,87.0,49.5,0.487,Dat do vang tren bazan,4,low
2023-10-02,2023-10-08,Dak Lak,Buon Ho,Robusta / ca phe nhan xo noi dia,65133,65133.333333333336,3,observed,23.643,89.143,65.2,0.486,Dat do bazan,5,medium
2023-10-02,2023-10-08,Dak Lak,Cu M'gar,Robusta / ca phe nhan xo noi dia,65133,,0,province_proxy,24.814,87.714,70.0,0.49,Dat do bazan,5,high
2023-10-02,2023-10-08,Dak Lak,Ea H'leo,Robusta / ca phe nhan xo noi dia,65133,65133.333333333336,3,observed,24.114,88.714,51.3,0.487,Dat do bazan,5,medium
2023-10-02,2023-10-08,Dak Nong,Dak R'lap,Robusta / ca phe nhan xo noi dia,64350,,0,interpolated_area,23.486,91.857,63.2,0.494,Dat do bazan,4,low
2023-10-02,2023-10-08,Dak Nong,Gia Nghia,Robusta / ca phe nhan xo noi dia,64350,,0,interpolated_area,23.429,90.714,58.8,0.491,Dat do bazan,4,low
2023-10-02,2023-10-08,Gia Lai,Chu Prong,Robusta / ca phe nhan xo noi dia,64967,,0,province_proxy,24.629,90.0,58.6,0.489,Dat do bazan,4,low
2023-10-02,2023-10-08,Gia Lai,Ia Grai,Robusta / ca phe nhan xo noi dia,64967,64966.666666666664,3,observed,25.271,90.857,85.9,0.496,Dat do bazan,4,low
2023-10-02,2023-10-08,Gia Lai,Pleiku,Robusta / ca phe nhan xo noi dia,64967,64966.666666666664,3,observed,22.986,90.857,67.8,0.495,Dat do bazan,4,low
2023-10-02,2023-10-08,Kon Tum,Kon Tum,Robusta / ca phe nhan xo noi dia,65033,65033.333333333336,3,observed,23.914,90.143,41.2,0.492,Dat do vang / dat bazan cuc bo,3,low
2023-10-02,2023-10-08,Lam Dong,Bao Loc,Robusta / ca phe nhan xo noi dia,64667,64666.666666666664,3,observed,22.5,90.571,57.9,0.483,Dat do vang tren bazan,4,low
2023-10-02,2023-10-08,Lam Dong,Di Linh,Robusta / ca phe nhan xo noi dia,64667,64666.666666666664,3,observed,22.029,90.286,50.1,0.482,Dat do vang tren bazan,4,medium
2023-10-02,2023-10-08,Lam Dong,Lam Ha,Robusta / ca phe nhan xo noi dia,64667,64666.666666666664,3,observed,22.329,88.429,60.4,0.494,Dat do vang tren bazan,4,low
2023-10-09,2023-10-15,Dak Lak,Buon Ho,Robusta / ca phe nhan xo noi dia,63460,63460.0,5,observed,23.157,89.857,50.4,0.478,Dat do bazan,5,medium
2023-10-09,2023-10-15,Dak Lak,Cu M'gar,Robusta / ca phe nhan xo noi dia,63600,63600.0,3,observed,24.6,86.714,67.8,0.492,Dat do bazan,5,high
2023-10-09,2023-10-15,Dak Lak,Ea H'leo,Robusta / ca phe nhan xo noi dia,63460,63460.0,5,observed,23.714,88.0,43.8,0.482,Dat do bazan,5,medium
2023-10-09,2023-10-15,Dak Nong,Dak R'lap,Robusta / ca phe nhan xo noi dia,63700,,0,province_proxy,23.257,90.857,81.6,0.489,Dat do bazan,4,low
2023-10-09,2023-10-15,Dak Nong,Gia Nghia,Robusta / ca phe nhan xo noi dia,63700,63700.0,3,observed,22.929,90.857,68.4,0.49,Dat do bazan,4,low
2023-10-09,2023-10-15,Gia Lai,Chu Prong,Robusta / ca phe nhan xo noi dia,63500,63500.0,3,observed,24.357,88.714,86.1,0.494,Dat do bazan,4,low
2023-10-09,2023-10-15,Gia Lai,Ia Grai,Robusta / ca phe nhan xo noi dia,63450,63450.0,2,observed,24.743,90.571,81.3,0.496,Dat do bazan,4,low
2023-10-09,2023-10-15,Gia Lai,Pleiku,Robusta / ca phe nhan xo noi dia,63420,63420.0,5,observed,22.614,90.286,108.4,0.496,Dat do bazan,4,low
2023-10-09,2023-10-15,Kon Tum,Kon Tum,Robusta / ca phe nhan xo noi dia,63400,63400.0,2,observed,23.343,91.286,82.3,0.497,Dat do vang / dat bazan cuc bo,3,low
2023-10-09,2023-10-15,Lam Dong,Bao Loc,Robusta / ca phe nhan xo noi dia,63060,63060.0,5,observed,22.0,91.143,58.2,0.485,Dat do vang tren bazan,4,low
2023-10-09,2023-10-15,Lam Dong,Di Linh,Robusta / ca phe nhan xo noi dia,63060,63060.0,5,observed,21.8,89.571,43.7,0.479,Dat do vang tren bazan,4,medium
2023-10-09,2023-10-15,Lam Dong,Lam Ha,Robusta / ca phe nhan xo noi dia,63060,63060.0,5,observed,21.557,88.429,59.6,0.49,Dat do vang tren bazan,4,low
2023-10-16,2023-10-22,Dak Lak,Buon Ho,Robusta / ca phe nhan xo noi dia,63900,63900.0,3,observed,23.214,89.429,34.6,0.482,Dat do bazan,5,medium
2023-10-16,2023-10-22,Dak Lak,Cu M'gar,Robusta / ca phe nhan xo noi dia,63700,63700.0,1,observed,24.6,85.857,52.4,0.483,Dat do bazan,5,high
2023-10-16,2023-10-22,Dak Lak,Ea H'leo,Robusta / ca phe nhan xo noi dia,63900,63900.0,3,observed,23.657,88.0,36.3,0.479,Dat do bazan,5,medium
2023-10-16,2023-10-22,Dak Nong,Dak R'lap,Robusta / ca phe nhan xo noi dia,63800,,0,province_proxy,23.129,91.143,60.4,0.493,Dat do bazan,4,low
2023-10-16,2023-10-22,Dak Nong,Gia Nghia,Robusta / ca phe nhan xo noi dia,63800,63800.0,1,observed,22.971,90.143,45.7,0.493,Dat do bazan,4,low
2023-10-16,2023-10-22,Gia Lai,Chu Prong,Robusta / ca phe nhan xo noi dia,63600,63600.0,1,observed,24.286,88.429,74.7,0.487,Dat do bazan,4,low
2023-10-16,2023-10-22,Gia Lai,Ia Grai,Robusta / ca phe nhan xo noi dia,63950,63950.0,2,observed,24.643,90.714,85.2,0.497,Dat do bazan,4,low
2023-10-16,2023-10-22,Gia Lai,Pleiku,Robusta / ca phe nhan xo noi dia,63800,63800.0,3,observed,22.329,90.714,89.6,0.493,Dat do bazan,4,low
2023-10-16,2023-10-22,Kon Tum,Kon Tum,Robusta / ca phe nhan xo noi dia,63950,63950.0,2,observed,22.971,90.857,119.3,0.492,Dat do vang / dat bazan cuc bo,3,low
2023-10-16,2023-10-22,Lam Dong,Bao Loc,Robusta / ca phe nhan xo noi dia,63500,63500.0,3,observed,21.886,91.571,40.1,0.487,Dat do vang tren bazan,4,low
2023-10-16,2023-10-22,Lam Dong,Di Linh,Robusta / ca phe nhan xo noi dia,63500,63500.0,3,observed,21.571,90.0,50.0,0.491,Dat do vang tren bazan,4,medium
2023-10-16,2023-10-22,Lam Dong,Lam Ha,Robusta / ca phe nhan xo noi dia,63500,63500.0,3,observed,21.414,88.571,53.4,0.484,Dat do vang tren bazan,4,low
2023-10-23,2023-10-29,Dak Lak,Buon Ho,Robusta / ca phe nhan xo noi dia,60900,60900.0,1,observed,23.329,88.571,32.0,0.471,Dat do bazan,5,medium
2023-10-23,2023-10-29,Dak Lak,Cu M'gar,Robusta / ca phe nhan xo noi dia,60900,,0,province_proxy,24.857,84.714,40.5,0.482,Dat do bazan,5,high
2023-10-23,2023-10-29,Dak Lak,Ea H'leo,Robusta / ca phe nhan xo noi dia,60900,60900.0,1,observed,23.8,86.286,23.0,0.431,Dat do bazan,5,medium
2023-10-23,2023-10-29,Dak Nong,Dak R'lap,Robusta / ca phe nhan xo noi dia,62567,,0,interpolated_area,22.871,91.429,73.4,0.49,Dat do bazan,4,low
2023-10-23,2023-10-29,Dak Nong,Gia Nghia,Robusta / ca phe nhan xo noi dia,62567,,0,interpolated_area,22.686,90.429,61.4,0.486,Dat do bazan,4,low
2023-10-23,2023-10-29,Gia Lai,Chu Prong,Robusta / ca phe nhan xo noi dia,60700,,0,province_proxy,24.686,84.857,51.7,0.475,Dat do bazan,4,low
2023-10-23,2023-10-29,Gia Lai,Ia Grai,Robusta / ca phe nhan xo noi dia,60700,60700.0,1,observed,24.971,88.0,61.9,0.475,Dat do bazan,4,low
2023-10-23,2023-10-29,Gia Lai,Pleiku,Robusta / ca phe nhan xo noi dia,60700,60700.0,1,observed,22.686,88.286,46.3,0.48,Dat do bazan,4,low
2023-10-23,2023-10-29,Kon Tum,Kon Tum,Robusta / ca phe nhan xo noi dia,60800,60800.0,1,observed,23.3,89.0,29.1,0.477,Dat do vang / dat bazan cuc bo,3,low
2023-10-23,2023-10-29,Lam Dong,Bao Loc,Robusta / ca phe nhan xo noi dia,60200,60200.0,1,observed,21.643,91.286,63.4,0.486,Dat do vang tren bazan,4,low
2023-10-23,2023-10-29,Lam Dong,Di Linh,Robusta / ca phe nhan xo noi dia,60200,60200.0,1,observed,21.414,89.429,45.6,0.489,Dat do vang tren bazan,4,medium
2023-10-23,2023-10-29,Lam Dong,Lam Ha,Robusta / ca phe nhan xo noi dia,60200,60200.0,1,observed,21.071,89.143,33.2,0.489,Dat do vang tren bazan,4,low
2023-10-30,2023-11-05,Dak Lak,Buon Ho,Robusta / ca phe nhan xo noi dia,58700,58700.0,2,observed,22.986,90.0,9.1,0.413,Dat do bazan,5,medium
2023-10-30,2023-11-05,Dak Lak,Cu M'gar,Robusta / ca phe nhan xo noi dia,58700,,0,province_proxy,24.971,83.143,7.0,0.416,Dat do bazan,5,high
2023-10-30,2023-11-05,Dak Lak,Ea H'leo,Robusta / ca phe nhan xo noi dia,58700,58700.0,2,observed,23.643,86.714,14.2,0.41,Dat do bazan,5,medium
2023-10-30,2023-11-05,Dak Nong,Dak R'lap,Robusta / ca phe nhan xo noi dia,61333,,0,interpolated_area,23.329,89.286,39.0,0.484,Dat do bazan,4,low
2023-10-30,2023-11-05,Dak Nong,Gia Nghia,Robusta / ca phe nhan xo noi dia,61333,,0,interpolated_area,23.286,87.286,20.4,0.48,Dat do bazan,4,low
2023-10-30,2023-11-05,Gia Lai,Chu Prong,Robusta / ca phe nhan xo noi dia,58200,,0,province_proxy,25.314,78.143,18.5,0.405,Dat do bazan,4,low
2023-10-30,2023-11-05,Gia Lai,Ia Grai,Robusta / ca phe nhan xo noi dia,58200,58200.0,2,observed,25.6,81.714,21.4,0.444,Dat do bazan,4,low
2023-10-30,2023-11-05,Gia Lai,Pleiku,Robusta / ca phe nhan xo noi dia,58200,58200.0,2,observed,23.043,83.857,17.5,0.411,Dat do bazan,4,low
2023-10-30,2023-11-05,Kon Tum,Kon Tum,Robusta / ca phe nhan xo noi dia,58700,58700.0,2,observed,24.186,80.857,7.7,0.394,Dat do vang / dat bazan cuc bo,3,low
2023-10-30,2023-11-05,Lam Dong,Bao Loc,Robusta / ca phe nhan xo noi dia,58000,58000.0,2,observed,21.843,90.714,40.2,0.489,Dat do vang tren bazan,4,low
2023-10-30,2023-11-05,Lam Dong,Di Linh,Robusta / ca phe nhan xo noi dia,58000,58000.0,2,observed,21.8,86.571,47.6,0.479,Dat do vang tren bazan,4,medium
2023-10-30,2023-11-05,Lam Dong,Lam Ha,Robusta / ca phe nhan xo noi dia,58000,58000.0,2,observed,21.486,86.714,36.1,0.487,Dat do vang tren bazan,4,low
2023-11-06,2023-11-12,Dak Lak,Buon Ho,Robusta / ca phe nhan xo noi dia,58300,58300.0,3,observed,23.243,89.286,10.8,0.381,Dat do bazan,5,medium
2023-11-06,2023-11-12,Dak Lak,Cu M'gar,Robusta / ca phe nhan xo noi dia,58300,,0,province_proxy,25.243,81.857,6.7,0.373,Dat do bazan,5,high
2023-11-06,2023-11-12,Dak Lak,Ea H'leo,Robusta / ca phe nhan xo noi dia,58300,58300.0,3,observed,24.057,84.857,10.9,0.347,Dat do bazan,5,medium
2023-11-06,2023-11-12,Dak Nong,Dak R'lap,Robusta / ca phe nhan xo noi dia,60100,,0,interpolated_area,23.314,89.143,21.6,0.464,Dat do bazan,4,low
2023-11-06,2023-11-12,Dak Nong,Gia Nghia,Robusta / ca phe nhan xo noi dia,60100,,0,interpolated_area,23.029,89.0,25.6,0.475,Dat do bazan,4,low
2023-11-06,2023-11-12,Gia Lai,Chu Prong,Robusta / ca phe nhan xo noi dia,58167,,0,province_proxy,25.614,77.0,16.2,0.348,Dat do bazan,4,low
2023-11-06,2023-11-12,Gia Lai,Ia Grai,Robusta / ca phe nhan xo noi dia,58167,58166.666666666664,3,observed,25.671,81.714,28.0,0.409,Dat do bazan,4,low
2023-11-06,2023-11-12,Gia Lai,Pleiku,Robusta / ca phe nhan xo noi dia,58167,58166.666666666664,3,observed,23.114,84.143,19.6,0.404,Dat do bazan,4,low
2023-11-06,2023-11-12,Kon Tum,Kon Tum,Robusta / ca phe nhan xo noi dia,58200,58200.0,3,observed,23.757,84.0,25.2,0.421,Dat do vang / dat bazan cuc bo,3,low
2023-11-06,2023-11-12,Lam Dong,Bao Loc,Robusta / ca phe nhan xo noi dia,57600,57600.0,3,observed,21.871,89.143,49.1,0.483,Dat do vang tren bazan,4,low
2023-11-06,2023-11-12,Lam Dong,Di Linh,Robusta / ca phe nhan xo noi dia,57600,57600.0,3,observed,21.871,86.429,26.0,0.473,Dat do vang tren bazan,4,medium
2023-11-06,2023-11-12,Lam Dong,Lam Ha,Robusta / ca phe nhan xo noi dia,57600,57600.0,3,observed,21.643,86.0,37.2,0.478,Dat do vang tren bazan,4,low
2023-11-13,2023-11-19,Dak Lak,Buon Ho,Robusta / ca phe nhan xo noi dia,59000,59000.0,6,observed,21.471,87.143,9.2,0.356,Dat do bazan,5,medium
2023-11-13,2023-11-19,Dak Lak,Cu M'gar,Robusta / ca phe nhan xo noi dia,58967,58966.666666666664,3,observed,23.6,79.571,7.3,0.335,Dat do bazan,5,high
2023-11-13,2023-11-19,Dak Lak,Ea H'leo,Robusta / ca phe nhan xo noi dia,59000,59000.0,6,observed,21.957,84.571,14.9,0.379,Dat do bazan,5,medium
2023-11-13,2023-11-19,Dak Nong,Dak R'lap,Robusta / ca phe nhan xo noi dia,58867,,0,province_proxy,22.786,82.857,7.7,0.45,Dat do bazan,4,low
2023-11-13,2023-11-19,Dak Nong,Gia Nghia,Robusta / ca phe nhan xo noi dia,58867,58866.666666666664,3,observed,22.471,83.429,11.1,0.461,Dat do bazan,4,low
2023-11-13,2023-11-19,Gia Lai,Chu Prong,Robusta / ca phe nhan xo noi dia,58800,58800.0,3,observed,24.8,67.429,3.0,0.293,Dat do bazan,4,low
2023-11-13,2023-11-19,Gia Lai,Ia Grai,Robusta / ca phe nhan xo noi dia,58967,58966.666666666664,3,observed,25.043,70.143,2.3,0.348,Dat do bazan,4,low
2023-11-13,2023-11-19,Gia Lai,Pleiku,Robusta / ca phe nhan xo noi dia,58833,58833.333333333336,6,observed,22.014,76.0,3.0,0.319,Dat do bazan,4,low
2023-11-13,2023-11-19,Kon Tum,Kon Tum,Robusta / ca phe nhan xo noi dia,59033,59033.333333333336,3,observed,23.171,73.857,3.7,0.356,Dat do vang / dat bazan cuc bo,3,low
2023-11-13,2023-11-19,Lam Dong,Bao Loc,Robusta / ca phe nhan xo noi dia,58400,58400.0,6,observed,21.186,87.857,13.0,0.473,Dat do vang tren bazan,4,low
2023-11-13,2023-11-19,Lam Dong,Di Linh,Robusta / ca phe nhan xo noi dia,58400,58400.0,6,observed,21.143,85.286,7.8,0.452,Dat do vang tren bazan,4,medium
2023-11-13,2023-11-19,Lam Dong,Lam Ha,Robusta / ca phe nhan xo noi dia,58400,58400.0,6,observed,21.329,82.714,12.7,0.468,Dat do vang tren bazan,4,low
2023-11-20,2023-11-26,Dak Lak,Buon Ho,Robusta / ca phe nhan xo noi dia,58200,58200.0,2,observed,21.114,84.143,3.3,0.296,Dat do bazan,5,medium
2023-11-20,2023-11-26,Dak Lak,Cu M'gar,Robusta / ca phe nhan xo noi dia,58200,,0,province_proxy,23.229,76.429,0.9,0.294,Dat do bazan,5,high
2023-11-20,2023-11-26,Dak Lak,Ea H'leo,Robusta / ca phe nhan xo noi dia,58200,58200.0,2,observed,21.714,80.857,6.2,0.326,Dat do bazan,5,medium
2023-11-20,2023-11-26,Dak Nong,Dak R'lap,Robusta / ca phe nhan xo noi dia,59444,,0,interpolated_area,22.543,78.143,1.0,0.391,Dat do bazan,4,low
2023-11-20,2023-11-26,Dak Nong,Gia Nghia,Robusta / ca phe nhan xo noi dia,59444,,0,interpolated_area,22.171,78.571,0.9,0.407,Dat do bazan,4,low
2023-11-20,2023-11-26,Gia Lai,Chu Prong,Robusta / ca phe nhan xo noi dia,57900,,0,province_proxy,24.314,64.286,1.4,0.261,Dat do bazan,4,low
2023-11-20,2023-11-26,Gia Lai,Ia Grai,Robusta / ca phe nhan xo noi dia,57900,57900.0,2,observed,24.714,66.143,0.7,0.284,Dat do bazan,4,low
2023-11-20,2023-11-26,Gia Lai,Pleiku,Robusta / ca phe nhan xo noi dia,57900,57900.0,2,observed,21.643,72.0,0.5,0.27,Dat do bazan,4,low
2023-11-20,2023-11-26,Kon Tum,Kon Tum,Robusta / ca phe nhan xo noi dia,58000,58000.0,2,observed,22.229,72.571,0.3,0.293,Dat do vang / dat bazan cuc bo,3,low
2023-11-20,2023-11-26,Lam Dong,Bao Loc,Robusta / ca phe nhan xo noi dia,57600,57600.0,2,observed,20.571,87.429,6.4,0.43,Dat do vang tren bazan,4,low
2023-11-20,2023-11-26,Lam Dong,Di Linh,Robusta / ca phe nhan xo noi dia,57600,57600.0,2,observed,20.829,82.714,7.5,0.407,Dat do vang tren bazan,4,medium
2023-11-20,2023-11-26,Lam Dong,Lam Ha,Robusta / ca phe nhan xo noi dia,57600,57600.0,2,observed,20.986,82.0,5.4,0.417,Dat do vang tren bazan,4,low
2023-11-27,2023-12-03,Dak Lak,Buon Ho,Robusta / ca phe nhan xo noi dia,59000,59000.0,2,observed,21.829,86.143,5.2,0.274,Dat do bazan,5,medium
2023-11-27,2023-12-03,Dak Lak,Cu M'gar,Robusta / ca phe nhan xo noi dia,59000,,0,province_proxy,24.014,77.571,1.2,0.285,Dat do bazan,5,high
2023-11-27,2023-12-03,Dak Lak,Ea H'leo,Robusta / ca phe nhan xo noi dia,59000,59000.0,2,observed,22.371,83.714,11.8,0.343,Dat do bazan,5,medium
2023-11-27,2023-12-03,Dak Nong,Dak R'lap,Robusta / ca phe nhan xo noi dia,60022,,0,interpolated_area,23.443,78.143,3.1,0.358,Dat do bazan,4,low
2023-11-27,2023-12-03,Dak Nong,Gia Nghia,Robusta / ca phe nhan xo noi dia,60022,,0,interpolated_area,22.957,79.857,4.8,0.381,Dat do bazan,4,low
2023-11-27,2023-12-03,Gia Lai,Chu Prong,Robusta / ca phe nhan xo noi dia,58800,,0,province_proxy,25.4,66.286,1.2,0.254,Dat do bazan,4,low
2023-11-27,2023-12-03,Gia Lai,Ia Grai,Robusta / ca phe nhan xo noi dia,58800,58800.0,2,observed,26.029,66.286,3.0,0.266,Dat do bazan,4,low
2023-11-27,2023-12-03,Gia Lai,Pleiku,Robusta / ca phe nhan xo noi dia,58800,58800.0,2,observed,22.7,73.857,0.4,0.267,Dat do bazan,4,low
2023-11-27,2023-12-03,Kon Tum,Kon Tum,Robusta / ca phe nhan xo noi dia,58800,58800.0,2,observed,23.871,71.571,1.6,0.276,Dat do vang / dat bazan cuc bo,3,low
2023-11-27,2023-12-03,Lam Dong,Bao Loc,Robusta / ca phe nhan xo noi dia,58150,58150.0,2,observed,21.371,85.714,6.2,0.416,Dat do vang tren bazan,4,low
2023-11-27,2023-12-03,Lam Dong,Di Linh,Robusta / ca phe nhan xo noi dia,58150,58150.0,2,observed,21.529,81.0,5.5,0.375,Dat do vang tren bazan,4,medium
2023-11-27,2023-12-03,Lam Dong,Lam Ha,Robusta / ca phe nhan xo noi dia,58150,58150.0,2,observed,21.7,79.714,7.7,0.391,Dat do vang tren bazan,4,low
2023-12-04,2023-12-10,Dak Lak,Buon Ho,Robusta / ca phe nhan xo noi dia,60175,60175.0,4,observed,21.786,86.286,1.9,0.271,Dat do bazan,5,medium
2023-12-04,2023-12-10,Dak Lak,Cu M'gar,Robusta / ca phe nhan xo noi dia,60600,60600.0,1,observed,24.071,77.143,0.8,0.289,Dat do bazan,5,high
2023-12-04,2023-12-10,Dak Lak,Ea H'leo,Robusta / ca phe nhan xo noi dia,60175,60175.0,4,observed,22.529,82.857,4.8,0.36,Dat do bazan,5,medium
2023-12-04,2023-12-10,Dak Nong,Dak R'lap,Robusta / ca phe nhan xo noi dia,60600,,0,province_proxy,23.657,79.143,0.3,0.349,Dat do bazan,4,low
2023-12-04,2023-12-10,Dak Nong,Gia Nghia,Robusta / ca phe nhan xo noi dia,60600,60600.0,1,observed,23.229,79.0,0.2,0.368,Dat do bazan,4,low
2023-12-04,2023-12-10,Gia Lai,Chu Prong,Robusta / ca phe nhan xo noi dia,60500,60500.0,1,observed,25.2,67.571,1.5,0.253,Dat do bazan,4,low
2023-12-04,2023-12-10,Gia Lai,Ia Grai,Robusta / ca phe nhan xo noi dia,59900,59900.0,3,observed,25.714,70.0,1.2,0.261,Dat do bazan,4,low
2023-12-04,2023-12-10,Gia Lai,Pleiku,Robusta / ca phe nhan xo noi dia,60050,60050.0,4,observed,22.357,77.0,1.0,0.265,Dat do bazan,4,low
2023-12-04,2023-12-10,Kon Tum,Kon Tum,Robusta / ca phe nhan xo noi dia,60000,60000.0,3,observed,23.657,73.571,1.2,0.266,Dat do vang / dat bazan cuc bo,3,low
2023-12-04,2023-12-10,Lam Dong,Bao Loc,Robusta / ca phe nhan xo noi dia,59325,59325.0,4,observed,21.343,87.0,3.9,0.392,Dat do vang tren bazan,4,low
2023-12-04,2023-12-10,Lam Dong,Di Linh,Robusta / ca phe nhan xo noi dia,59325,59325.0,4,observed,21.486,81.143,4.5,0.342,Dat do vang tren bazan,4,medium
2023-12-04,2023-12-10,Lam Dong,Lam Ha,Robusta / ca phe nhan xo noi dia,59325,59325.0,4,observed,21.114,81.571,1.6,0.362,Dat do vang tren bazan,4,low
2023-12-11,2023-12-17,Dak Lak,Buon Ho,Robusta / ca phe nhan xo noi dia,64400,64400.0,5,observed,22.086,84.286,2.2,0.22,Dat do bazan,5,medium
2023-12-11,2023-12-17,Dak Lak,Cu M'gar,Robusta / ca phe nhan xo noi dia,65100,65100.0,2,observed,24.257,75.857,0.6,0.273,Dat do bazan,5,high
2023-12-11,2023-12-17,Dak Lak,Ea H'leo,Robusta / ca phe nhan xo noi dia,64400,64400.0,5,observed,22.771,80.571,4.2,0.285,Dat do bazan,5,medium
2023-12-11,2023-12-17,Dak Nong,Dak R'lap,Robusta / ca phe nhan xo noi dia,65100,,0,province_proxy,23.529,74.857,0.1,0.322,Dat do bazan,4,low
2023-12-11,2023-12-17,Dak Nong,Gia Nghia,Robusta / ca phe nhan xo noi dia,65100,65100.0,2,observed,23.014,76.143,0.4,0.341,Dat do bazan,4,low
2023-12-11,2023-12-17,Gia Lai,Chu Prong,Robusta / ca phe nhan xo noi dia,65000,65000.0,2,observed,25.429,65.0,0.9,0.241,Dat do bazan,4,low
2023-12-11,2023-12-17,Gia Lai,Ia Grai,Robusta / ca phe nhan xo noi dia,63900,63900.0,3,observed,26.0,66.286,0.4,0.246,Dat do bazan,4,low
2023-12-11,2023-12-17,Gia Lai,Pleiku,Robusta / ca phe nhan xo noi dia,64300,64300.0,5,observed,22.486,74.571,0.4,0.249,Dat do bazan,4,low
2023-12-11,2023-12-17,Kon Tum,Kon Tum,Robusta / ca phe nhan xo noi dia,64000,64000.0,3,observed,23.357,73.143,0.5,0.259,Dat do vang / dat bazan cuc bo,3,low
2023-12-11,2023-12-17,Lam Dong,Bao Loc,Robusta / ca phe nhan xo noi dia,63780,63780.0,5,observed,21.129,81.857,0.5,0.317,Dat do vang tren bazan,4,low
2023-12-11,2023-12-17,Lam Dong,Di Linh,Robusta / ca phe nhan xo noi dia,63780,63780.0,5,observed,21.7,72.0,0.2,0.257,Dat do vang tren bazan,4,medium
2023-12-11,2023-12-17,Lam Dong,Lam Ha,Robusta / ca phe nhan xo noi dia,63780,63780.0,5,observed,20.771,74.571,0.7,0.297,Dat do vang tren bazan,4,low
2023-12-18,2023-12-24,Dak Lak,Buon Ho,Robusta / ca phe nhan xo noi dia,68700,68700.0,4,observed,20.8,78.857,0.5,0.222,Dat do bazan,5,medium
2023-12-18,2023-12-24,Dak Lak,Cu M'gar,Robusta / ca phe nhan xo noi dia,68700,,0,province_proxy,23.029,70.857,0.6,0.278,Dat do bazan,5,high
2023-12-18,2023-12-24,Dak Lak,Ea H'leo,Robusta / ca phe nhan xo noi dia,68700,68700.0,4,observed,20.671,79.286,1.7,0.287,Dat do bazan,5,medium
2023-12-18,2023-12-24,Dak Nong,Dak R'lap,Robusta / ca phe nhan xo noi dia,66500,,0,interpolated_area,22.157,74.143,2.4,0.314,Dat do bazan,4,low
2023-12-18,2023-12-24,Dak Nong,Gia Nghia,Robusta / ca phe nhan xo noi dia,66500,,0,interpolated_area,21.486,76.857,2.4,0.329,Dat do bazan,4,low
2023-12-18,2023-12-24,Gia Lai,Chu Prong,Robusta / ca phe nhan xo noi dia,68267,,0,province_proxy,23.929,59.714,0.2,0.249,Dat do bazan,4,low
2023-12-18,2023-12-24,Gia Lai,Ia Grai,Robusta / ca phe nhan xo noi dia,68267,68266.66666666667,3,observed,24.457,59.857,1.1,0.248,Dat do bazan,4,low
2023-12-18,2023-12-24,Gia Lai,Pleiku,Robusta / ca phe nhan xo noi dia,68267,68266.66666666667,3,observed,20.9,68.143,0.2,0.251,Dat do bazan,4,low
2023-12-18,2023-12-24,Kon Tum,Kon Tum,Robusta / ca phe nhan xo noi dia,68675,68675.0,4,observed,22.171,65.143,0.0,0.255,Dat do vang / dat bazan cuc bo,3,low
2023-12-18,2023-12-24,Lam Dong,Bao Loc,Robusta / ca phe nhan xo noi dia,68050,68050.0,4,observed,20.143,83.286,8.6,0.305,Dat do vang tren bazan,4,low
2023-12-18,2023-12-24,Lam Dong,Di Linh,Robusta / ca phe nhan xo noi dia,68050,68050.0,4,observed,20.529,79.286,19.4,0.277,Dat do vang tren bazan,4,medium
2023-12-18,2023-12-24,Lam Dong,Lam Ha,Robusta / ca phe nhan xo noi dia,68050,68050.0,4,observed,21.086,76.0,10.6,0.316,Dat do vang tren bazan,4,low
2023-12-25,2023-12-31,Dak Lak,Buon Ho,Robusta / ca phe nhan xo noi dia,68867,68866.66666666667,3,observed,20.886,84.0,1.8,0.221,Dat do bazan,5,medium
2023-12-25,2023-12-31,Dak Lak,Cu M'gar,Robusta / ca phe nhan xo noi dia,68867,,0,province_proxy,23.129,75.286,0.0,0.285,Dat do bazan,5,high
2023-12-25,2023-12-31,Dak Lak,Ea H'leo,Robusta / ca phe nhan xo noi dia,68867,68866.66666666667,3,observed,21.429,81.429,2.7,0.278,Dat do bazan,5,medium
2023-12-25,2023-12-31,Dak Nong,Dak R'lap,Robusta / ca phe nhan xo noi dia,67900,,0,interpolated_area,22.757,75.714,2.8,0.309,Dat do bazan,4,low
2023-12-25,2023-12-31,Dak Nong,Gia Nghia,Robusta / ca phe nhan xo noi dia,67900,,0,interpolated_area,22.186,77.0,1.6,0.329,Dat do bazan,4,low
2023-12-25,2023-12-31,Gia Lai,Chu Prong,Robusta / ca phe nhan xo noi dia,68700,,0,province_proxy,24.286,65.0,2.3,0.252,Dat do bazan,4,low
2023-12-25,2023-12-31,Gia Lai,Ia Grai,Robusta / ca phe nhan xo noi dia,68700,68700.0,2,observed,25.057,64.857,2.2,0.255,Dat do bazan,4,low
2023-12-25,2023-12-31,Gia Lai,Pleiku,Robusta / ca phe nhan xo noi dia,68700,68700.0,2,observed,21.671,72.714,1.5,0.254,Dat do bazan,4,low
2023-12-25,2023-12-31,Kon Tum,Kon Tum,Robusta / ca phe nhan xo noi dia,68550,68550.0,4,observed,22.643,70.857,0.7,0.268,Dat do vang / dat bazan cuc bo,3,low
2023-12-25,2023-12-31,Lam Dong,Bao Loc,Robusta / ca phe nhan xo noi dia,67925,67925.0,4,observed,20.729,83.0,4.1,0.312,Dat do vang tren bazan,4,low
2023-12-25,2023-12-31,Lam Dong,Di Linh,Robusta / ca phe nhan xo noi dia,67925,67925.0,4,observed,21.157,77.857,2.8,0.322,Dat do vang tren bazan,4,medium
2023-12-25,2023-12-31,Lam Dong,Lam Ha,Robusta / ca phe nhan xo noi dia,67925,67925.0,4,observed,21.214,77.286,3.7,0.307,Dat do vang tren bazan,4,low
2024-01-01,2024-01-07,Dak Lak,Buon Ho,Robusta / ca phe nhan xo noi dia,68300,68300.0,1,observed,20.543,83.143,0.6,0.209,Dat do bazan,5,medium
2024-01-01,2024-01-07,Dak Lak,Cu M'gar,Robusta / ca phe nhan xo noi dia,68300,,0,province_proxy,22.757,74.286,0.0,0.273,Dat do bazan,5,high
2024-01-01,2024-01-07,Dak Lak,Ea H'leo,Robusta / ca phe nhan xo noi dia,68300,68300.0,1,observed,21.2,80.143,0.9,0.257,Dat do bazan,5,medium
2024-01-01,2024-01-07,Dak Nong,Dak R'lap,Robusta / ca phe nhan xo noi dia,69300,,0,interpolated_area,23.071,71.286,2.2,0.302,Dat do bazan,4,low
2024-01-01,2024-01-07,Dak Nong,Gia Nghia,Robusta / ca phe nhan xo noi dia,69300,,0,interpolated_area,22.329,73.857,0.1,0.321,Dat do bazan,4,low
2024-01-01,2024-01-07,Gia Lai,Chu Prong,Robusta / ca phe nhan xo noi dia,68200,,0,province_proxy,23.629,65.714,0.0,0.255,Dat do bazan,4,low
2024-01-01,2024-01-07,Gia Lai,Ia Grai,Robusta / ca phe nhan xo noi dia,68200,68200.0,1,observed,24.571,64.286,0.0,0.256,Dat do bazan,4,low
2024-01-01,2024-01-07,Gia Lai,Pleiku,Robusta / ca phe nhan xo noi dia,68200,68200.0,1,observed,20.871,73.857,0.3,0.257,Dat do bazan,4,low
2024-01-01,2024-01-07,Kon Tum,Kon Tum,Robusta / ca phe nhan xo noi dia,68300,68300.0,1,observed,22.286,68.429,0.0,0.261,Dat do vang / dat bazan cuc bo,3,low
2024-01-01,2024-01-07,Lam Dong,Bao Loc,Robusta / ca phe nhan xo noi dia,67500,67500.0,1,observed,21.114,80.857,4.5,0.293,Dat do vang tren bazan,4,low
2024-01-01,2024-01-07,Lam Dong,Di Linh,Robusta / ca phe nhan xo noi dia,67500,67500.0,1,observed,21.343,75.286,9.1,0.263,Dat do vang tren bazan,4,medium
2024-01-01,2024-01-07,Lam Dong,Lam Ha,Robusta / ca phe nhan xo noi dia,67500,67500.0,1,observed,20.914,77.143,3.0,0.292,Dat do vang tren bazan,4,low
2024-01-08,2024-01-14,Dak Lak,Buon Ho,Robusta / ca phe nhan xo noi dia,70171,70171.42857142857,7,observed,20.386,81.0,0.1,0.187,Dat do bazan,5,medium
2024-01-08,2024-01-14,Dak Lak,Cu M'gar,Robusta / ca phe nhan xo noi dia,70600,70600.0,5,observed,22.629,72.857,0.0,0.262,Dat do bazan,5,high
2024-01-08,2024-01-14,Dak Lak,Ea H'leo,Robusta / ca phe nhan xo noi dia,70171,70171.42857142857,7,observed,21.257,76.571,0.1,0.226,Dat do bazan,5,medium
2024-01-08,2024-01-14,Dak Nong,Dak R'lap,Robusta / ca phe nhan xo noi dia,70700,,0,province_proxy,22.614,71.143,0.0,0.297,Dat do bazan,4,low
2024-01-08,2024-01-14,Dak Nong,Gia Nghia,Robusta / ca phe nhan xo noi dia,70700,70700.0,5,observed,21.986,72.857,0.0,0.31,Dat do bazan,4,low
2024-01-08,2024-01-14,Gia Lai,Chu Prong,Robusta / ca phe nhan xo noi dia,70560,70560.0,5,observed,23.529,66.0,0.0,0.243,Dat do bazan,4,low
2024-01-08,2024-01-14,Gia Lai,Ia Grai,Robusta / ca phe nhan xo noi dia,69250,69250.0,2,observed,24.671,64.857,0.0,0.241,Dat do bazan,4,low
2024-01-08,2024-01-14,Gia Lai,Pleiku,Robusta / ca phe nhan xo noi dia,70114,70114.28571428571,7,observed,20.857,74.286,0.0,0.244,Dat do bazan,4,low
2024-01-08,2024-01-14,Kon Tum,Kon Tum,Robusta / ca phe nhan xo noi dia,69350,69350.0,2,observed,22.371,69.0,0.0,0.248,Dat do vang / dat bazan cuc bo,3,low
2024-01-08,2024-01-14,Lam Dong,Bao Loc,Robusta / ca phe nhan xo noi dia,69600,69600.0,7,observed,20.829,78.143,0.1,0.282,Dat do vang tren bazan,4,low
2024-01-08,2024-01-14,Lam Dong,Di Linh,Robusta / ca phe nhan xo noi dia,69600,69600.0,7,observed,21.343,68.714,0.2,0.23,Dat do vang tren bazan,4,medium
2024-01-08,2024-01-14,Lam Dong,Lam Ha,Robusta / ca phe nhan xo noi dia,69600,69600.0,7,observed,20.4,73.0,0.1,0.278,Dat do vang tren bazan,4,low
2024-01-15,2024-01-21,Dak Lak,Buon Ho,Robusta / ca phe nhan xo noi dia,71250,71250.0,4,observed,20.3,80.571,0.1,0.181,Dat do bazan,5,medium
2024-01-15,2024-01-21,Dak Lak,Cu M'gar,Robusta / ca phe nhan xo noi dia,70900,70900.0,2,observed,22.614,71.857,0.0,0.256,Dat do bazan,5,high
2024-01-15,2024-01-21,Dak Lak,Ea H'leo,Robusta / ca phe nhan xo noi dia,71250,71250.0,4,observed,21.314,74.286,0.2,0.217,Dat do bazan,5,medium
2024-01-15,2024-01-21,Dak Nong,Dak R'lap,Robusta / ca phe nhan xo noi dia,71000,,0,province_proxy,22.929,69.0,0.0,0.295,Dat do bazan,4,low
2024-01-15,2024-01-21,Dak Nong,Gia Nghia,Robusta / ca phe nhan xo noi dia,71000,71000.0,2,observed,22.157,71.429,0.1,0.305,Dat do bazan,4,low
2024-01-15,2024-01-21,Gia Lai,Chu Prong,Robusta / ca phe nhan xo noi dia,70900,70900.0,2,observed,23.6,62.857,0.0,0.241,Dat do bazan,4,low
2024-01-15,2024-01-21,Gia Lai,Ia Grai,Robusta / ca phe nhan xo noi dia,71650,71650.0,2,observed,24.757,61.571,0.0,0.241,Dat do bazan,4,low
2024-01-15,2024-01-21,Gia Lai,Pleiku,Robusta / ca phe nhan xo noi dia,71225,71225.0,4,observed,21.014,70.429,0.0,0.244,Dat do bazan,4,low
2024-01-15,2024-01-21,Kon Tum,Kon Tum,Robusta / ca phe nhan xo noi dia,71650,71650.0,2,observed,22.029,67.143,0.0,0.248,Dat do vang / dat bazan cuc bo,3,low
2024-01-15,2024-01-21,Lam Dong,Bao Loc,Robusta / ca phe nhan xo noi dia,70725,70725.0,4,observed,21.043,77.429,3.4,0.278,Dat do vang tren bazan,4,low
2024-01-15,2024-01-21,Lam Dong,Di Linh,Robusta / ca phe nhan xo noi dia,70725,70725.0,4,observed,21.214,73.429,11.3,0.237,Dat do vang tren bazan,4,medium
2024-01-15,2024-01-21,Lam Dong,Lam Ha,Robusta / ca phe nhan xo noi dia,70725,70725.0,4,observed,20.986,74.143,4.9,0.281,Dat do vang tren bazan,4,low
2024-01-22,2024-01-28,Dak Lak,Buon Ho,Robusta / ca phe nhan xo noi dia,73567,73566.66666666667,3,observed,20.014,78.429,1.1,0.178,Dat do bazan,5,medium
2024-01-22,2024-01-28,Dak Lak,Cu M'gar,Robusta / ca phe nhan xo noi dia,73567,,0,province_proxy,22.329,69.714,0.0,0.256,Dat do bazan,5,high
2024-01-22,2024-01-28,Dak Lak,Ea H'leo,Robusta / ca phe nhan xo noi dia,73567,73566.66666666667,3,observed,20.6,75.0,0.9,0.218,Dat do bazan,5,medium
2024-01-22,2024-01-28,Dak Nong,Dak R'lap,Robusta / ca phe nhan xo noi dia,75100,,0,interpolated_area,22.386,68.286,0.0,0.295,Dat do bazan,4,low
2024-01-22,2024-01-28,Dak Nong,Gia Nghia,Robusta / ca phe nhan xo noi dia,75100,,0,interpolated_area,21.657,71.0,0.0,0.31,Dat do bazan,4,low
2024-01-22,2024-01-28,Gia Lai,Chu Prong,Robusta / ca phe nhan xo noi dia,73300,,0,province_proxy,23.0,62.286,0.0,0.231,Dat do bazan,4,low
2024-01-22,2024-01-28,Gia Lai,Ia Grai,Robusta / ca phe nhan xo noi dia,73300,73300.0,3,observed,24.386,58.857,0.0,0.233,Dat do bazan,4,low
2024-01-22,2024-01-28,Gia Lai,Pleiku,Robusta / ca phe nhan xo noi dia,73300,73300.0,3,observed,20.386,69.286,0.0,0.239,Dat do bazan,4,low
2024-01-22,2024-01-28,Kon Tum,Kon Tum,Robusta / ca phe nhan xo noi dia,73400,73400.0,3,observed,21.8,64.429,0.0,0.243,Dat do vang / dat bazan cuc bo,3,low
2024-01-22,2024-01-28,Lam Dong,Bao Loc,Robusta / ca phe nhan xo noi dia,72800,72800.0,3,observed,20.7,74.286,0.0,0.271,Dat do vang tren bazan,4,low
2024-01-22,2024-01-28,Lam Dong,Di Linh,Robusta / ca phe nhan xo noi dia,72800,72800.0,3,observed,20.886,64.857,0.0,0.213,Dat do vang tren bazan,4,medium
2024-01-22,2024-01-28,Lam Dong,Lam Ha,Robusta / ca phe nhan xo noi dia,72800,72800.0,3,observed,20.729,67.286,0.0,0.267,Dat do vang tren bazan,4,low
2024-01-29,2024-02-04,Dak Lak,Buon Ho,Robusta / ca phe nhan xo noi dia,77967,77966.66666666667,6,observed,21.471,78.857,0.4,0.181,Dat do bazan,5,medium
2024-01-29,2024-02-04,Dak Lak,Cu M'gar,Robusta / ca phe nhan xo noi dia,78800,78800.0,1,observed,24.086,68.143,0.0,0.249,Dat do bazan,5,high
2024-01-29,2024-02-04,Dak Lak,Ea H'leo,Robusta / ca phe nhan xo noi dia,77967,77966.66666666667,6,observed,22.5,72.429,0.2,0.215,Dat do bazan,5,medium
2024-01-29,2024-02-04,Dak Nong,Dak R'lap,Robusta / ca phe nhan xo noi dia,79200,,0,province_proxy,23.786,69.857,1.0,0.294,Dat do bazan,4,low
2024-01-29,2024-02-04,Dak Nong,Gia Nghia,Robusta / ca phe nhan xo noi dia,79200,79200.0,1,observed,23.257,69.857,0.1,0.301,Dat do bazan,4,low
2024-01-29,2024-02-04,Gia Lai,Chu Prong,Robusta / ca phe nhan xo noi dia,78600,78600.0,1,observed,24.914,61.143,0.0,0.231,Dat do bazan,4,low
2024-01-29,2024-02-04,Gia Lai,Ia Grai,Robusta / ca phe nhan xo noi dia,77660,77660.0,5,observed,25.829,61.286,0.0,0.237,Dat do bazan,4,low
2024-01-29,2024-02-04,Gia Lai,Pleiku,Robusta / ca phe nhan xo noi dia,77800,77800.0,6,observed,22.429,69.0,0.8,0.242,Dat do bazan,4,low
2024-01-29,2024-02-04,Kon Tum,Kon Tum,Robusta / ca phe nhan xo noi dia,77720,77720.0,5,observed,23.586,67.429,0.0,0.245,Dat do vang / dat bazan cuc bo,3,low
2024-01-29,2024-02-04,Lam Dong,Bao Loc,Robusta / ca phe nhan xo noi dia,77383,77383.33333333333,6,observed,21.543,75.429,0.1,0.261,Dat do vang tren bazan,4,low
2024-01-29,2024-02-04,Lam Dong,Di Linh,Robusta / ca phe nhan xo noi dia,77383,77383.33333333333,6,observed,22.029,68.714,0.1,0.197,Dat do vang tren bazan,4,medium
2024-01-29,2024-02-04,Lam Dong,Lam Ha,Robusta / ca phe nhan xo noi dia,77383,77383.33333333333,6,observed,21.614,70.143,0.4,0.249,Dat do vang tren bazan,4,low
2024-02-05,2024-02-11,Dak Lak,Buon Ho,Robusta / ca phe nhan xo noi dia,78400,78400.0,1,observed,22.657,76.143,0.3,0.175,Dat do bazan,5,medium
2024-02-05,2024-02-11,Dak Lak,Cu M'gar,Robusta / ca phe nhan xo noi dia,78400,,0,province_proxy,25.057,68.0,0.1,0.266,Dat do bazan,5,high
2024-02-05,2024-02-11,Dak Lak,Ea H'leo,Robusta / ca phe nhan xo noi dia,78400,78400.0,1,observed,23.4,71.714,0.4,0.213,Dat do bazan,5,medium
2024-02-05,2024-02-11,Dak Nong,Dak R'lap,Robusta / ca phe nhan xo noi dia,79383,,0,interpolated_area,23.871,74.429,3.2,0.319,Dat do bazan,4,low
2024-02-05,2024-02-11,Dak Nong,Gia Nghia,Robusta / ca phe nhan xo noi dia,79383,,0,interpolated_area,23.686,74.143,2.1,0.307,Dat do bazan,4,low
2024-02-05,2024-02-11,Gia Lai,Chu Prong,Robusta / ca phe nhan xo noi dia,78200,,0,province_proxy,25.857,60.857,0.9,0.257,Dat do bazan,4,low
2024-02-05,2024-02-11,Gia Lai,Ia Grai,Robusta / ca phe nhan xo noi dia,78200,78200.0,1,observed,26.829,61.429,0.1,0.251,Dat do bazan,4,low
2024-02-05,2024-02-11,Gia Lai,Pleiku,Robusta / ca phe nhan xo noi dia,78200,78200.0,1,observed,23.229,69.143,1.6,0.264,Dat do bazan,4,low
2024-02-05,2024-02-11,Kon Tum,Kon Tum,Robusta / ca phe nhan xo noi dia,78200,78200.0,1,observed,24.514,67.143,0.6,0.256,Dat do vang / dat bazan cuc bo,3,low
2024-02-05,2024-02-11,Lam Dong,Bao Loc,Robusta / ca phe nhan xo noi dia,77700,77700.0,1,observed,22.071,77.571,2.1,0.278,Dat do vang tren bazan,4,low
2024-02-05,2024-02-11,Lam Dong,Di Linh,Robusta / ca phe nhan xo noi dia,77700,77700.0,1,observed,22.214,71.857,1.9,0.222,Dat do vang tren bazan,4,medium
2024-02-05,2024-02-11,Lam Dong,Lam Ha,Robusta / ca phe nhan xo noi dia,77700,77700.0,1,observed,22.029,73.143,0.6,0.266,Dat do vang tren bazan,4,low
2024-02-12,2024-02-18,Dak Lak,Buon Ho,Robusta / ca phe nhan xo noi dia,78900,78900.0,4,observed,21.3,79.0,0.0,0.174,Dat do bazan,5,medium
2024-02-12,2024-02-18,Dak Lak,Cu M'gar,Robusta / ca phe nhan xo noi dia,79267,79266.66666666667,3,observed,23.771,69.857,0.0,0.259,Dat do bazan,5,high
2024-02-12,2024-02-18,Dak Lak,Ea H'leo,Robusta / ca phe nhan xo noi dia,78900,78900.0,4,observed,22.286,74.143,0.3,0.213,Dat do bazan,5,medium
2024-02-12,2024-02-18,Dak Nong,Dak R'lap,Robusta / ca phe nhan xo noi dia,79567,,0,province_proxy,23.886,67.714,0.6,0.309,Dat do bazan,4,low
2024-02-12,2024-02-18,Dak Nong,Gia Nghia,Robusta / ca phe nhan xo noi dia,79567,79566.66666666667,3,observed,23.443,67.714,0.0,0.307,Dat do bazan,4,low
2024-02-12,2024-02-18,Gia Lai,Chu Prong,Robusta / ca phe nhan xo noi dia,79167,79166.66666666667,3,observed,24.457,61.714,0.0,0.252,Dat do bazan,4,low
2024-02-12,2024-02-18,Gia Lai,Ia Grai,Robusta / ca phe nhan xo noi dia,77800,77800.0,1,observed,25.643,59.714,0.0,0.249,Dat do bazan,4,low
2024-02-12,2024-02-18,Gia Lai,Pleiku,Robusta / ca phe nhan xo noi dia,78750,78750.0,4,observed,21.843,69.286,0.0,0.256,Dat do bazan,4,low
2024-02-12,2024-02-18,Kon Tum,Kon Tum,Robusta / ca phe nhan xo noi dia,77900,77900.0,1,observed,23.3,64.714,0.4,0.254,Dat do vang / dat bazan cuc bo,3,low
2024-02-12,2024-02-18,Lam Dong,Bao Loc,Robusta / ca phe nhan xo noi dia,78150,78150.0,4,observed,22.343,69.429,1.0,0.267,Dat do vang tren bazan,4,low
2024-02-12,2024-02-18,Lam Dong,Di Linh,Robusta / ca phe nhan xo noi dia,78150,78150.0,4,observed,22.429,64.0,0.0,0.207,Dat do vang tren bazan,4,medium
2024-02-12,2024-02-18,Lam Dong,Lam Ha,Robusta / ca phe nhan xo noi dia,78150,78150.0,4,observed,22.129,66.714,0.0,0.263,Dat do vang tren bazan,4,low
2024-02-19,2024-02-25,Dak Lak,Buon Ho,Robusta / ca phe nhan xo noi dia,81467,81466.66666666667,3,observed,23.886,72.286,0.3,0.171,Dat do bazan,5,medium
2024-02-19,2024-02-25,Dak Lak,Cu M'gar,Robusta / ca phe nhan xo noi dia,81467,,0,province_proxy,26.514,62.714,0.3,0.248,Dat do bazan,5,high
2024-02-19,2024-02-25,Dak Lak,Ea H'leo,Robusta / ca phe nhan xo noi dia,81467,81466.66666666667,3,observed,24.757,67.714,0.0,0.205,Dat do bazan,5,medium
2024-02-19,2024-02-25,Dak Nong,Dak R'lap,Robusta / ca phe nhan xo noi dia,83311,,0,interpolated_area,24.8,70.857,0.4,0.31,Dat do bazan,4,low
2024-02-19,2024-02-25,Dak Nong,Gia Nghia,Robusta / ca phe nhan xo noi dia,83311,,0,interpolated_area,24.586,70.714,0.7,0.325,Dat do bazan,4,low
2024-02-19,2024-02-25,Gia Lai,Chu Prong,Robusta / ca phe nhan xo noi dia,81100,,0,province_proxy,26.971,57.286,0.0,0.243,Dat do bazan,4,low
2024-02-19,2024-02-25,Gia Lai,Ia Grai,Robusta / ca phe nhan xo noi dia,81100,81100.0,2,observed,27.671,57.286,0.0,0.243,Dat do bazan,4,low
2024-02-19,2024-02-25,Gia Lai,Pleiku,Robusta / ca phe nhan xo noi dia,81100,81100.0,2,observed,24.471,62.714,0.0,0.241,Dat do bazan,4,low
2024-02-19,2024-02-25,Kon Tum,Kon Tum,Robusta / ca phe nhan xo noi dia,81367,81366.66666666667,3,observed,25.086,63.714,0.1,0.249,Dat do vang / dat bazan cuc bo,3,low
2024-02-19,2024-02-25,Lam Dong,Bao Loc,Robusta / ca phe nhan xo noi dia,80900,80900.0,3,observed,23.057,71.857,0.1,0.254,Dat do vang tren bazan,4,low
2024-02-19,2024-02-25,Lam Dong,Di Linh,Robusta / ca phe nhan xo noi dia,80900,80900.0,3,observed,23.214,66.857,1.2,0.199,Dat do vang tren bazan,4,medium
2024-02-19,2024-02-25,Lam Dong,Lam Ha,Robusta / ca phe nhan xo noi dia,80900,80900.0,3,observed,23.214,68.429,0.2,0.273,Dat do vang tren bazan,4,low
2024-02-26,2024-03-03,Dak Lak,Buon Ho,Robusta / ca phe nhan xo noi dia,82400,82400.0,2,observed,21.943,81.143,1.7,0.183,Dat do bazan,5,medium
2024-02-26,2024-03-03,Dak Lak,Cu M'gar,Robusta / ca phe nhan xo noi dia,82400,,0,province_proxy,24.557,70.571,0.0,0.244,Dat do bazan,5,high
2024-02-26,2024-03-03,Dak Lak,Ea H'leo,Robusta / ca phe nhan xo noi dia,82400,82400.0,2,observed,22.929,75.286,2.0,0.208,Dat do bazan,5,medium
2024-02-26,2024-03-03,Dak Nong,Dak R'lap,Robusta / ca phe nhan xo noi dia,87056,,0,interpolated_area,24.686,67.429,1.2,0.304,Dat do bazan,4,low
2024-02-26,2024-03-03,Dak Nong,Gia Nghia,Robusta / ca phe nhan xo noi dia,87056,,0,interpolated_area,24.186,68.857,1.5,0.326,Dat do bazan,4,low
2024-02-26,2024-03-03,Gia Lai,Chu Prong,Robusta / ca phe nhan xo noi dia,82250,,0,province_proxy,25.471,61.143,0.3,0.244,Dat do bazan,4,low
2024-02-26,2024-03-03,Gia Lai,Ia Grai,Robusta / ca phe nhan xo noi dia,82250,82250.0,2,observed,26.771,57.714,0.0,0.245,Dat do bazan,4,low
2024-02-26,2024-03-03,Gia Lai,Pleiku,Robusta / ca phe nhan xo noi dia,82250,82250.0,2,observed,22.8,68.0,0.2,0.231,Dat do bazan,4,low
2024-02-26,2024-03-03,Kon Tum,Kon Tum,Robusta / ca phe nhan xo noi dia,82300,82300.0,2,observed,24.429,63.286,0.1,0.249,Dat do vang / dat bazan cuc bo,3,low
2024-02-26,2024-03-03,Lam Dong,Bao Loc,Robusta / ca phe nhan xo noi dia,81850,81850.0,2,observed,23.371,68.143,5.6,0.272,Dat do vang tren bazan,4,low
2024-02-26,2024-03-03,Lam Dong,Di Linh,Robusta / ca phe nhan xo noi dia,81850,81850.0,2,observed,23.243,63.429,4.3,0.209,Dat do vang tren bazan,4,medium
2024-02-26,2024-03-03,Lam Dong,Lam Ha,Robusta / ca phe nhan xo noi dia,81850,81850.0,2,observed,23.371,64.143,3.9,0.269,Dat do vang tren bazan,4,low
2024-03-04,2024-03-10,Dak Lak,Buon Ho,Robusta / ca phe nhan xo noi dia,88350,88350.0,4,observed,24.786,71.143,0.1,0.172,Dat do bazan,5,medium
2024-03-04,2024-03-10,Dak Lak,Cu M'gar,Robusta / ca phe nhan xo noi dia,90700,90700.0,1,observed,27.029,62.857,0.0,0.249,Dat do bazan,5,high
2024-03-04,2024-03-10,Dak Lak,Ea H'leo,Robusta / ca phe nhan xo noi dia,88350,88350.0,4,observed,25.929,64.429,0.0,0.203,Dat do bazan,5,medium
2024-03-04,2024-03-10,Dak Nong,Dak R'lap,Robusta / ca phe nhan xo noi dia,90800,,0,province_proxy,25.686,70.286,2.2,0.308,Dat do bazan,4,low
2024-03-04,2024-03-10,Dak Nong,Gia Nghia,Robusta / ca phe nhan xo noi dia,90800,90800.0,1,observed,25.414,69.0,2.6,0.332,Dat do bazan,4,low
2024-03-04,2024-03-10,Gia Lai,Chu Prong,Robusta / ca phe nhan xo noi dia,90600,90600.0,1,observed,27.7,57.571,0.0,0.246,Dat do bazan,4,low
2024-03-04,2024-03-10,Gia Lai,Ia Grai,Robusta / ca phe nhan xo noi dia,86050,86050.0,2,observed,28.571,56.286,0.0,0.247,Dat do bazan,4,low
2024-03-04,2024-03-10,Gia Lai,Pleiku,Robusta / ca phe nhan xo noi dia,87533,87533.33333333333,3,observed,25.357,62.286,0.0,0.226,Dat do bazan,4,low
2024-03-04,2024-03-10,Kon Tum,Kon Tum,Robusta / ca phe nhan xo noi dia,87267,87266.66666666667,3,observed,26.629,59.286,0.0,0.246,Dat do vang / dat bazan cuc bo,3,low
2024-03-04,2024-03-10,Lam Dong,Bao Loc,Robusta / ca phe nhan xo noi dia,87500,87500.0,4,observed,24.314,69.429,2.2,0.287,Dat do vang tren bazan,4,low
2024-03-04,2024-03-10,Lam Dong,Di Linh,Robusta / ca phe nhan xo noi dia,87500,87500.0,4,observed,24.0,66.857,4.8,0.227,Dat do vang tren bazan,4,medium
2024-03-04,2024-03-10,Lam Dong,Lam Ha,Robusta / ca phe nhan xo noi dia,87500,87500.0,4,observed,23.9,69.286,2.4,0.283,Dat do vang tren bazan,4,low
2024-03-11,2024-03-17,Dak Lak,Buon Ho,Robusta / ca phe nhan xo noi dia,91280,91280.0,5,observed,23.457,75.286,0.2,0.177,Dat do bazan,5,medium
2024-03-11,2024-03-17,Dak Lak,Cu M'gar,Robusta / ca phe nhan xo noi dia,91333,91333.33333333333,3,observed,26.171,64.857,0.2,0.247,Dat do bazan,5,high
2024-03-11,2024-03-17,Dak Lak,Ea H'leo,Robusta / ca phe nhan xo noi dia,91280,91280.0,5,observed,24.771,68.0,0.5,0.207,Dat do bazan,5,medium
2024-03-11,2024-03-17,Dak Nong,Dak R'lap,Robusta / ca phe nhan xo noi dia,91433,,0,province_proxy,25.443,65.286,0.4,0.306,Dat do bazan,4,low
2024-03-11,2024-03-17,Dak Nong,Gia Nghia,Robusta / ca phe nhan xo noi dia,91433,91433.33333333333,3,observed,25.343,64.143,0.0,0.31,Dat do bazan,4,low
2024-03-11,2024-03-17,Gia Lai,Chu Prong,Robusta / ca phe nhan xo noi dia,91200,91200.0,3,observed,27.086,56.571,1.0,0.237,Dat do bazan,4,low
2024-03-11,2024-03-17,Gia Lai,Ia Grai,Robusta / ca phe nhan xo noi dia,91200,91200.0,1,observed,28.129,55.286,0.4,0.247,Dat do bazan,4,low
2024-03-11,2024-03-17,Gia Lai,Pleiku,Robusta / ca phe nhan xo noi dia,91125,91125.0,4,observed,24.629,62.429,0.7,0.228,Dat do bazan,4,low
2024-03-11,2024-03-17,Kon Tum,Kon Tum,Robusta / ca phe nhan xo noi dia,91200,91200.0,2,observed,25.929,61.429,1.0,0.245,Dat do vang / dat bazan cuc bo,3,low
2024-03-11,2024-03-17,Lam Dong,Bao Loc,Robusta / ca phe nhan xo noi dia,90600,90600.0,5,observed,24.129,64.286,0.5,0.253,Dat do vang tren bazan,4,low
2024-03-11,2024-03-17,Lam Dong,Di Linh,Robusta / ca phe nhan xo noi dia,90600,90600.0,5,observed,23.714,61.857,0.9,0.199,Dat do vang tren bazan,4,medium
2024-03-11,2024-03-17,Lam Dong,Lam Ha,Robusta / ca phe nhan xo noi dia,90600,90600.0,5,observed,23.957,61.714,0.0,0.255,Dat do vang tren bazan,4,low
2024-03-18,2024-03-24,Dak Lak,Buon Ho,Robusta / ca phe nhan xo noi dia,93733,93733.33333333333,3,observed,23.743,75.429,1.8,0.179,Dat do bazan,5,medium
2024-03-18,2024-03-24,Dak Lak,Cu M'gar,Robusta / ca phe nhan xo noi dia,93733,,0,province_proxy,26.457,65.0,0.7,0.25,Dat do bazan,5,high
2024-03-18,2024-03-24,Dak Lak,Ea H'leo,Robusta / ca phe nhan xo noi dia,93733,93733.33333333333,3,observed,24.829,70.0,5.1,0.218,Dat do bazan,5,medium
2024-03-18,2024-03-24,Dak Nong,Dak R'lap,Robusta / ca phe nhan xo noi dia,95667,,0,interpolated_area,25.629,63.0,0.3,0.292,Dat do bazan,4,low
2024-03-18,2024-03-24,Dak Nong,Gia Nghia,Robusta / ca phe nhan xo noi dia,95667,,0,interpolated_area,25.557,61.0,0.0,0.287,Dat do bazan,4,low
2024-03-18,2024-03-24,Gia Lai,Chu Prong,Robusta / ca phe nhan xo noi dia,93500,,0,province_proxy,27.157,58.571,3.5,0.25,Dat do bazan,4,low
2024-03-18,2024-03-24,Gia Lai,Ia Grai,Robusta / ca phe nhan xo noi dia,93500,93500.0,2,observed,28.171,56.429,1.6,0.229,Dat do bazan,4,low
2024-03-18,2024-03-24,Gia Lai,Pleiku,Robusta / ca phe nhan xo noi dia,93500,93500.0,2,observed,24.671,64.429,1.3,0.228,Dat do bazan,4,low
2024-03-18,2024-03-24,Kon Tum,Kon Tum,Robusta / ca phe nhan xo noi dia,93733,93733.33333333333,3,observed,25.857,63.0,0.7,0.247,Dat do vang / dat bazan cuc bo,3,low
2024-03-18,2024-03-24,Lam Dong,Bao Loc,Robusta / ca phe nhan xo noi dia,92950,92950.0,2,observed,24.386,61.286,0.6,0.222,Dat do vang tren bazan,4,low
2024-03-18,2024-03-24,Lam Dong,Di Linh,Robusta / ca phe nhan xo noi dia,92950,92950.0,2,observed,23.729,59.714,0.3,0.193,Dat do vang tren bazan,4,medium
2024-03-18,2024-03-24,Lam Dong,Lam Ha,Robusta / ca phe nhan xo noi dia,92950,92950.0,2,observed,23.743,61.571,0.8,0.228,Dat do vang tren bazan,4,low
2024-03-25,2024-03-31,Dak Lak,Buon Ho,Robusta / ca phe nhan xo noi dia,97267,97266.66666666667,3,observed,25.443,73.429,14.0,0.193,Dat do bazan,5,medium
2024-03-25,2024-03-31,Dak Lak,Cu M'gar,Robusta / ca phe nhan xo noi dia,97267,,0,province_proxy,28.071,64.143,9.8,0.27,Dat do bazan,5,high
2024-03-25,2024-03-31,Dak Lak,Ea H'leo,Robusta / ca phe nhan xo noi dia,97267,97266.66666666667,3,observed,26.257,69.857,18.5,0.225,Dat do bazan,5,medium
2024-03-25,2024-03-31,Dak Nong,Dak R'lap,Robusta / ca phe nhan xo noi dia,99900,,0,interpolated_area,25.857,75.429,18.1,0.321,Dat do bazan,4,low
2024-03-25,2024-03-31,Dak Nong,Gia Nghia,Robusta / ca phe nhan xo noi dia,99900,,0,interpolated_area,25.771,73.714,10.7,0.314,Dat do bazan,4,low
2024-03-25,2024-03-31,Gia Lai,Chu Prong,Robusta / ca phe nhan xo noi dia,95100,,0,province_proxy,28.343,60.143,4.5,0.271,Dat do bazan,4,low
2024-03-25,2024-03-31,Gia Lai,Ia Grai,Robusta / ca phe nhan xo noi dia,95100,95100.0,1,observed,29.043,60.286,7.6,0.263,Dat do bazan,4,low
2024-03-25,2024-03-31,Gia Lai,Pleiku,Robusta / ca phe nhan xo noi dia,95100,95100.0,1,observed,26.014,65.571,22.7,0.248,Dat do bazan,4,low
2024-03-25,2024-03-31,Kon Tum,Kon Tum,Robusta / ca phe nhan xo noi dia,97233,97233.33333333333,3,observed,26.3,71.857,20.3,0.297,Dat do vang / dat bazan cuc bo,3,low
2024-03-25,2024-03-31,Lam Dong,Bao Loc,Robusta / ca phe nhan xo noi dia,96867,96866.66666666667,3,observed,24.986,69.857,5.1,0.277,Dat do vang tren bazan,4,low
2024-03-25,2024-03-31,Lam Dong,Di Linh,Robusta / ca phe nhan xo noi dia,96867,96866.66666666667,3,observed,24.386,69.143,9.3,0.218,Dat do vang tren bazan,4,medium
2024-03-25,2024-03-31,Lam Dong,Lam Ha,Robusta / ca phe nhan xo noi dia,96867,96866.66666666667,3,observed,24.9,67.857,18.2,0.272,Dat do vang tren bazan,4,low
2024-04-01,2024-04-07,Dak Lak,Buon Ho,Robusta / ca phe nhan xo noi dia,100000,100000.0,2,observed,27.157,68.429,9.1,0.195,Dat do bazan,5,medium
2024-04-01,2024-04-07,Dak Lak,Cu M'gar,Robusta / ca phe nhan xo noi dia,100000,,0,province_proxy,29.657,59.0,2.6,0.258,Dat do bazan,5,high
2024-04-01,2024-04-07,Dak Lak,Ea H'leo,Robusta / ca phe nhan xo noi dia,100000,100000.0,2,observed,27.857,64.857,9.7,0.216,Dat do bazan,5,medium
2024-04-01,2024-04-07,Dak Nong,Dak R'lap,Robusta / ca phe nhan xo noi dia,104133,,0,interpolated_area,26.214,75.714,7.3,0.343,Dat do bazan,4,low
2024-04-01,2024-04-07,Dak Nong,Gia Nghia,Robusta / ca phe nhan xo noi dia,104133,,0,interpolated_area,26.329,74.714,3.2,0.357,Dat do bazan,4,low
2024-04-01,2024-04-07,Gia Lai,Chu Prong,Robusta / ca phe nhan xo noi dia,98500,,0,province_proxy,28.957,62.857,15.9,0.33,Dat do bazan,4,low
2024-04-01,2024-04-07,Gia Lai,Ia Grai,Robusta / ca phe nhan xo noi dia,98500,98500.0,1,observed,29.714,64.0,14.4,0.292,Dat do bazan,4,low
2024-04-01,2024-04-07,Gia Lai,Pleiku,Robusta / ca phe nhan xo noi dia,98500,98500.0,1,observed,27.229,64.571,36.0,0.275,Dat do bazan,4,low
2024-04-01,2024-04-07,Kon Tum,Kon Tum,Robusta / ca phe nhan xo noi dia,100000,100000.0,2,observed,27.486,71.429,7.7,0.3,Dat do vang / dat bazan cuc bo,3,low
2024-04-01,2024-04-07,Lam Dong,Bao Loc,Robusta / ca phe nhan xo noi dia,99650,99650.0,2,observed,25.3,72.857,6.0,0.29,Dat do vang tren bazan,4,low
2024-04-01,2024-04-07,Lam Dong,Di Linh,Robusta / ca phe nhan xo noi dia,99650,99650.0,2,observed,24.7,73.0,5.1,0.246,Dat do vang tren bazan,4,medium
2024-04-01,2024-04-07,Lam Dong,Lam Ha,Robusta / ca phe nhan xo noi dia,99650,99650.0,2,observed,24.971,72.143,3.0,0.294,Dat do vang tren bazan,4,low
2024-04-08,2024-04-14,Dak Lak,Buon Ho,Robusta / ca phe nhan xo noi dia,106380,106380.0,5,observed,25.671,69.143,0.3,0.174,Dat do bazan,5,medium
2024-04-08,2024-04-14,Dak Lak,Cu M'gar,Robusta / ca phe nhan xo noi dia,108233,108233.33333333333,3,observed,28.371,59.714,0.0,0.253,Dat do bazan,5,high
2024-04-08,2024-04-14,Dak Lak,Ea H'leo,Robusta / ca phe nhan xo noi dia,106380,106380.0,5,observed,26.871,62.571,0.1,0.201,Dat do bazan,5,medium
2024-04-08,2024-04-14,Dak Nong,Dak R'lap,Robusta / ca phe nhan xo noi dia,108367,,0,province_proxy,27.057,64.429,3.8,0.32,Dat do bazan,4,low
2024-04-08,2024-04-14,Dak Nong,Gia Nghia,Robusta / ca phe nhan xo noi dia,108367,108366.66666666667,3,observed,26.857,63.714,0.3,0.319,Dat do bazan,4,low
2024-04-08,2024-04-14,Gia Lai,Chu Prong,Robusta / ca phe nhan xo noi dia,107967,107966.66666666667,3,observed,28.814,55.571,0.2,0.267,Dat do bazan,4,low
2024-04-08,2024-04-14,Gia Lai,Ia Grai,Robusta / ca phe nhan xo noi dia,103700,103700.0,2,observed,30.143,53.286,0.3,0.261,Dat do bazan,4,low
2024-04-08,2024-04-14,Gia Lai,Pleiku,Robusta / ca phe nhan xo noi dia,106200,106200.0,5,observed,26.571,60.429,0.2,0.266,Dat do bazan,4,low
2024-04-08,2024-04-14,Kon Tum,Kon Tum,Robusta / ca phe nhan xo noi dia,103750,103750.0,2,observed,27.671,61.286,0.0,0.268,Dat do vang / dat bazan cuc bo,3,low
2024-04-08,2024-04-14,Lam Dong,Bao Loc,Robusta / ca phe nhan xo noi dia,105940,105940.0,5,observed,26.0,61.857,2.2,0.258,Dat do vang tren bazan,4,low
2024-04-08,2024-04-14,Lam Dong,Di Linh,Robusta / ca phe nhan xo noi dia,105940,105940.0,5,observed,25.386,59.714,1.5,0.201,Dat do vang tren bazan,4,medium
2024-04-08,2024-04-14,Lam Dong,Lam Ha,Robusta / ca phe nhan xo noi dia,105940,105940.0,5,observed,25.286,62.429,0.3,0.258,Dat do vang tren bazan,4,low
2024-04-15,2024-04-21,Dak Lak,Buon Ho,Robusta / ca phe nhan xo noi dia,111300,111300.0,2,observed,27.329,64.857,3.3,0.181,Dat do bazan,5,medium
2024-04-15,2024-04-21,Dak Lak,Cu M'gar,Robusta / ca phe nhan xo noi dia,110400,110400.0,1,observed,29.614,57.143,3.0,0.256,Dat do bazan,5,high
2024-04-15,2024-04-21,Dak Lak,Ea H'leo,Robusta / ca phe nhan xo noi dia,111300,111300.0,2,observed,28.143,60.571,5.8,0.208,Dat do bazan,5,medium
2024-04-15,2024-04-21,Dak Nong,Dak R'lap,Robusta / ca phe nhan xo noi dia,110600,,0,province_proxy,26.557,71.857,3.7,0.328,Dat do bazan,4,low
2024-04-15,2024-04-21,Dak Nong,Gia Nghia,Robusta / ca phe nhan xo noi dia,110600,110600.0,1,observed,26.429,71.714,5.1,0.325,Dat do bazan,4,low
2024-04-15,2024-04-21,Gia Lai,Chu Prong,Robusta / ca phe nhan xo noi dia,110100,110100.0,1,observed,30.043,53.571,0.3,0.258,Dat do bazan,4,low
2024-04-15,2024-04-21,Gia Lai,Ia Grai,Robusta / ca phe nhan xo noi dia,112100,112100.0,1,observed,31.171,52.0,0.6,0.247,Dat do bazan,4,low
2024-04-15,2024-04-21,Gia Lai,Pleiku,Robusta / ca phe nhan xo noi dia,111050,111050.0,2,observed,28.071,56.286,1.3,0.249,Dat do bazan,4,low
2024-04-15,2024-04-21,Kon Tum,Kon Tum,Robusta / ca phe nhan xo noi dia,112100,112100.0,1,observed,28.486,60.143,0.3,0.256,Dat do vang / dat bazan cuc bo,3,low
2024-04-15,2024-04-21,Lam Dong,Bao Loc,Robusta / ca phe nhan xo noi dia,110700,110700.0,2,observed,25.571,69.857,4.7,0.266,Dat do vang tren bazan,4,low
2024-04-15,2024-04-21,Lam Dong,Di Linh,Robusta / ca phe nhan xo noi dia,110700,110700.0,2,observed,24.586,70.571,7.9,0.212,Dat do vang tren bazan,4,medium
2024-04-15,2024-04-21,Lam Dong,Lam Ha,Robusta / ca phe nhan xo noi dia,110700,110700.0,2,observed,25.257,68.714,2.7,0.264,Dat do vang tren bazan,4,low
2024-04-22,2024-04-28,Dak Lak,Buon Ho,Robusta / ca phe nhan xo noi dia,127400,127400.0,2,observed,28.729,66.286,11.8,0.223,Dat do bazan,5,medium
2024-04-22,2024-04-28,Dak Lak,Cu M'gar,Robusta / ca phe nhan xo noi dia,127400,,0,province_proxy,31.0,56.857,0.8,0.275,Dat do bazan,5,high
2024-04-22,2024-04-28,Dak Lak,Ea H'leo,Robusta / ca phe nhan xo noi dia,127400,127400.0,2,observed,29.543,62.0,2.8,0.214,Dat do bazan,5,medium
2024-04-22,2024-04-28,Dak Nong,Dak R'lap,Robusta / ca phe nhan xo noi dia,116400,,0,interpolated_area,27.029,74.714,3.0,0.345,Dat do bazan,4,low
2024-04-22,2024-04-28,Dak Nong,Gia Nghia,Robusta / ca phe nhan xo noi dia,116400,,0,interpolated_area,26.843,74.857,3.8,0.345,Dat do bazan,4,low
2024-04-22,2024-04-28,Gia Lai,Chu Prong,Robusta / ca phe nhan xo noi dia,126700,,0,province_proxy,31.257,54.857,1.1,0.27,Dat do bazan,4,low
2024-04-22,2024-04-28,Gia Lai,Ia Grai,Robusta / ca phe nhan xo noi dia,126700,126700.0,2,observed,32.029,54.571,3.0,0.258,Dat do bazan,4,low
2024-04-22,2024-04-28,Gia Lai,Pleiku,Robusta / ca phe nhan xo noi dia,126700,126700.0,2,observed,29.314,56.714,1.9,0.255,Dat do bazan,4,low
2024-04-22,2024-04-28,Kon Tum,Kon Tum,Robusta / ca phe nhan xo noi dia,126750,126750.0,2,observed,29.586,60.857,2.8,0.267,Dat do vang / dat bazan cuc bo,3,low
2024-04-22,2024-04-28,Lam Dong,Bao Loc,Robusta / ca phe nhan xo noi dia,126500,126500.0,2,observed,26.286,70.857,3.3,0.291,Dat do vang tren bazan,4,low
2024-04-22,2024-04-28,Lam Dong,Di Linh,Robusta / ca phe nhan xo noi dia,126500,126500.0,2,observed,25.471,71.143,10.2,0.229,Dat do vang tren bazan,4,medium
2024-04-22,2024-04-28,Lam Dong,Lam Ha,Robusta / ca phe nhan xo noi dia,126500,126500.0,2,observed,26.1,69.857,1.3,0.282,Dat do vang tren bazan,4,low
2024-04-29,2024-05-05,Dak Lak,Buon Ho,Robusta / ca phe nhan xo noi dia,123367,123366.66666666667,3,observed,27.729,70.714,31.4,0.261,Dat do bazan,5,medium
2024-04-29,2024-05-05,Dak Lak,Cu M'gar,Robusta / ca phe nhan xo noi dia,121700,121700.0,1,observed,30.043,61.714,12.5,0.299,Dat do bazan,5,high
2024-04-29,2024-05-05,Dak Lak,Ea H'leo,Robusta / ca phe nhan xo noi dia,123367,123366.66666666667,3,observed,28.443,67.714,17.6,0.293,Dat do bazan,5,medium
2024-04-29,2024-05-05,Dak Nong,Dak R'lap,Robusta / ca phe nhan xo noi dia,122200,,0,province_proxy,26.586,77.0,24.9,0.372,Dat do bazan,4,low
2024-04-29,2024-05-05,Dak Nong,Gia Nghia,Robusta / ca phe nhan xo noi dia,122200,122200.0,1,observed,26.386,77.857,22.2,0.375,Dat do bazan,4,low
2024-04-29,2024-05-05,Gia Lai,Chu Prong,Robusta / ca phe nhan xo noi dia,121700,121700.0,1,observed,29.686,63.857,26.3,0.317,Dat do bazan,4,low
2024-04-29,2024-05-05,Gia Lai,Ia Grai,Robusta / ca phe nhan xo noi dia,121600,121600.0,1,observed,30.614,63.429,15.0,0.274,Dat do bazan,4,low
2024-04-29,2024-05-05,Gia Lai,Pleiku,Robusta / ca phe nhan xo noi dia,121600,121600.0,1,observed,27.6,67.429,11.5,0.321,Dat do bazan,4,low
2024-04-29,2024-05-05,Kon Tum,Kon Tum,Robusta / ca phe nhan xo noi dia,123367,123366.66666666667,3,observed,28.3,69.714,16.1,0.278,Dat do vang / dat bazan cuc bo,3,low
2024-04-29,2024-05-05,Lam Dong,Bao Loc,Robusta / ca phe nhan xo noi dia,122833,122833.33333333333,3,observed,26.286,72.429,28.0,0.311,Dat do vang tren bazan,4,low
2024-04-29,2024-05-05,Lam Dong,Di Linh,Robusta / ca phe nhan xo noi dia,122833,122833.33333333333,3,observed,25.343,73.714,24.0,0.266,Dat do vang tren bazan,4,medium
2024-04-29,2024-05-05,Lam Dong,Lam Ha,Robusta / ca phe nhan xo noi dia,122833,122833.33333333333,3,observed,25.871,72.143,38.0,0.314,Dat do vang tren bazan,4,low
2024-05-06,2024-05-12,Dak Lak,Buon Ho,Robusta / ca phe nhan xo noi dia,99400,99400.0,5,observed,25.957,77.571,4.0,0.294,Dat do bazan,5,medium
2024-05-06,2024-05-12,Dak Lak,Cu M'gar,Robusta / ca phe nhan xo noi dia,100000,100000.0,1,observed,28.829,66.429,6.3,0.329,Dat do bazan,5,high
2024-05-06,2024-05-12,Dak Lak,Ea H'leo,Robusta / ca phe nhan xo noi dia,99400,99400.0,5,observed,26.857,73.143,3.2,0.321,Dat do bazan,5,medium
2024-05-06,2024-05-12,Dak Nong,Dak R'lap,Robusta / ca phe nhan xo noi dia,100000,,0,province_proxy,26.157,78.0,36.3,0.4,Dat do bazan,4,low
2024-05-06,2024-05-12,Dak Nong,Gia Nghia,Robusta / ca phe nhan xo noi dia,100000,100000.0,1,observed,25.943,77.857,13.5,0.428,Dat do bazan,4,low
2024-05-06,2024-05-12,Gia Lai,Chu Prong,Robusta / ca phe nhan xo noi dia,99500,99500.0,1,observed,29.343,58.714,1.4,0.301,Dat do bazan,4,low
2024-05-06,2024-05-12,Gia Lai,Ia Grai,Robusta / ca phe nhan xo noi dia,98550,98550.0,4,observed,30.7,55.143,3.7,0.259,Dat do bazan,4,low
2024-05-06,2024-05-12,Gia Lai,Pleiku,Robusta / ca phe nhan xo noi dia,98720,98720.0,5,observed,26.671,65.0,3.4,0.299,Dat do bazan,4,low
2024-05-06,2024-05-12,Kon Tum,Kon Tum,Robusta / ca phe nhan xo noi dia,98625,98625.0,4,observed,28.157,62.571,8.4,0.278,Dat do vang / dat bazan cuc bo,3,low
2024-05-06,2024-05-12,Lam Dong,Bao Loc,Robusta / ca phe nhan xo noi dia,98500,98500.0,5,observed,24.357,79.857,25.8,0.378,Dat do vang tren bazan,4,low
2024-05-06,2024-05-12,Lam Dong,Di Linh,Robusta / ca phe nhan xo noi dia,98500,98500.0,5,observed,24.043,78.0,16.5,0.393,Dat do vang tren bazan,4,medium
2024-05-06,2024-05-12,Lam Dong,Lam Ha,Robusta / ca phe nhan xo noi dia,98500,98500.0,5,observed,24.143,78.0,14.6,0.397,Dat do vang tren bazan,4,low
2024-05-13,2024-05-19,Dak Lak,Buon Ho,Robusta / ca phe nhan xo noi dia,101129,101128.57142857143,7,observed,26.043,79.0,39.4,0.262,Dat do bazan,5,medium
2024-05-13,2024-05-19,Dak Lak,Cu M'gar,Robusta / ca phe nhan xo noi dia,101160,101160.0,5,observed,28.171,72.429,39.5,0.357,Dat do bazan,5,high
2024-05-13,2024-05-19,Dak Lak,Ea H'leo,Robusta / ca phe nhan xo noi dia,101129,101128.57142857143,7,observed,26.529,77.286,44.4,0.311,Dat do bazan,5,medium
2024-05-13,2024-05-19,Dak Nong,Dak R'lap,Robusta / ca phe nhan xo noi dia,101100,,0,province_proxy,25.757,82.857,29.2,0.415,Dat do bazan,4,low
2024-05-13,2024-05-19,Dak Nong,Gia Nghia,Robusta / ca phe nhan xo noi dia,101100,101100.0,5,observed,25.543,82.286,52.1,0.429,Dat do bazan,4,low
2024-05-13,2024-05-19,Gia Lai,Chu Prong,Robusta / ca phe nhan xo noi dia,100620,100620.0,5,observed,28.257,69.857,66.7,0.337,Dat do bazan,4,low
2024-05-13,2024-05-19,Gia Lai,Ia Grai,Robusta / ca phe nhan xo noi dia,100810,100810.0,4,observed,28.714,72.143,72.7,0.351,Dat do bazan,4,low
2024-05-13,2024-05-19,Gia Lai,Pleiku,Robusta / ca phe nhan xo noi dia,100591,100591.42857142857,7,observed,25.971,74.143,53.7,0.308,Dat do bazan,4,low
2024-05-13,2024-05-19,Kon Tum,Kon Tum,Robusta / ca phe nhan xo noi dia,100850,100850.0,4,observed,26.914,75.429,41.8,0.337,Dat do vang / dat bazan cuc bo,3,low
2024-05-13,2024-05-19,Lam Dong,Bao Loc,Robusta / ca phe nhan xo noi dia,100171,100171.42857142857,7,observed,24.486,82.143,31.0,0.358,Dat do vang tren bazan,4,low
2024-05-13,2024-05-19,Lam Dong,Di Linh,Robusta / ca phe nhan xo noi dia,100171,100171.42857142857,7,observed,23.757,83.0,45.5,0.412,Dat do vang tren bazan,4,medium
2024-05-13,2024-05-19,Lam Dong,Lam Ha,Robusta / ca phe nhan xo noi dia,100171,100171.42857142857,7,observed,23.9,81.429,35.2,0.391,Dat do vang tren bazan,4,low
2024-05-20,2024-05-26,Dak Lak,Buon Ho,Robusta / ca phe nhan xo noi dia,111014,111014.28571428571,7,observed,25.729,80.857,27.5,0.381,Dat do bazan,5,medium
2024-05-20,2024-05-26,Dak Lak,Cu M'gar,Robusta / ca phe nhan xo noi dia,111167,111166.66666666667,3,observed,27.129,78.286,22.0,0.415,Dat do bazan,5,high
2024-05-20,2024-05-26,Dak Lak,Ea H'leo,Robusta / ca phe nhan xo noi dia,111014,111014.28571428571,7,observed,26.171,80.143,19.8,0.407,Dat do bazan,5,medium
2024-05-20,2024-05-26,Dak Nong,Dak R'lap,Robusta / ca phe nhan xo noi dia,111500,,0,province_proxy,25.171,86.143,27.3,0.473,Dat do bazan,4,low
2024-05-20,2024-05-26,Dak Nong,Gia Nghia,Robusta / ca phe nhan xo noi dia,111500,111500.0,3,observed,25.143,85.429,30.8,0.48,Dat do bazan,4,low
2024-05-20,2024-05-26,Gia Lai,Chu Prong,Robusta / ca phe nhan xo noi dia,111033,111033.33333333333,3,observed,27.014,79.143,36.3,0.438,Dat do bazan,4,low
2024-05-20,2024-05-26,Gia Lai,Ia Grai,Robusta / ca phe nhan xo noi dia,110857,110857.14285714286,7,observed,27.486,81.143,27.7,0.439,Dat do bazan,4,low
2024-05-20,2024-05-26,Gia Lai,Pleiku,Robusta / ca phe nhan xo noi dia,110857,110857.14285714286,7,observed,25.357,79.571,23.5,0.373,Dat do bazan,4,low
2024-05-20,2024-05-26,Kon Tum,Kon Tum,Robusta / ca phe nhan xo noi dia,110914,110914.28571428571,7,observed,25.786,84.0,32.3,0.448,Dat do vang / dat bazan cuc bo,3,low
2024-05-20,2024-05-26,Lam Dong,Bao Loc,Robusta / ca phe nhan xo noi dia,111417,111416.66666666667,6,observed,23.943,85.429,36.3,0.407,Dat do vang tren bazan,4,low
2024-05-20,2024-05-26,Lam Dong,Di Linh,Robusta / ca phe nhan xo noi dia,111417,111416.66666666667,6,observed,23.257,87.286,46.7,0.475,Dat do vang tren bazan,4,medium
2024-05-20,2024-05-26,Lam Dong,Lam Ha,Robusta / ca phe nhan xo noi dia,111417,111416.66666666667,6,observed,23.771,83.714,37.2,0.435,Dat do vang tren bazan,4,low
2024-05-27,2024-06-02,Dak Lak,Buon Ho,Robusta / ca phe nhan xo noi dia,118540,118540.0,5,observed,25.714,79.714,16.8,0.294,Dat do bazan,5,medium
2024-05-27,2024-06-02,Dak Lak,Cu M'gar,Robusta / ca phe nhan xo noi dia,118667,118666.66666666667,3,observed,26.843,78.857,30.2,0.369,Dat do bazan,5,high
2024-05-27,2024-06-02,Dak Lak,Ea H'leo,Robusta / ca phe nhan xo noi dia,118540,118540.0,5,observed,25.886,81.0,17.2,0.347,Dat do bazan,5,medium
2024-05-27,2024-06-02,Dak Nong,Dak R'lap,Robusta / ca phe nhan xo noi dia,119067,,0,province_proxy,25.086,86.286,30.0,0.478,Dat do bazan,4,low
2024-05-27,2024-06-02,Dak Nong,Gia Nghia,Robusta / ca phe nhan xo noi dia,119067,119066.66666666667,3,observed,24.986,86.0,39.5,0.482,Dat do bazan,4,low
2024-05-27,2024-06-02,Gia Lai,Chu Prong,Robusta / ca phe nhan xo noi dia,118667,118666.66666666667,3,observed,26.071,84.286,48.4,0.449,Dat do bazan,4,low
2024-05-27,2024-06-02,Gia Lai,Ia Grai,Robusta / ca phe nhan xo noi dia,118567,118566.66666666667,3,observed,26.757,85.571,53.2,0.449,Dat do bazan,4,low
2024-05-27,2024-06-02,Gia Lai,Pleiku,Robusta / ca phe nhan xo noi dia,118567,118566.66666666667,3,observed,24.5,85.429,33.3,0.394,Dat do bazan,4,low
2024-05-27,2024-06-02,Kon Tum,Kon Tum,Robusta / ca phe nhan xo noi dia,118540,118540.0,5,observed,25.643,85.286,35.1,0.458,Dat do vang / dat bazan cuc bo,3,low
2024-05-27,2024-06-02,Lam Dong,Bao Loc,Robusta / ca phe nhan xo noi dia,118250,118250.0,4,observed,24.1,85.571,25.7,0.399,Dat do vang tren bazan,4,low
2024-05-27,2024-06-02,Lam Dong,Di Linh,Robusta / ca phe nhan xo noi dia,118250,118250.0,4,observed,23.171,88.143,37.1,0.476,Dat do vang tren bazan,4,medium
2024-05-27,2024-06-02,Lam Dong,Lam Ha,Robusta / ca phe nhan xo noi dia,118250,118250.0,4,observed,23.929,84.0,25.9,0.416,Dat do vang tren bazan,4,low
2024-06-03,2024-06-09,Dak Lak,Buon Ho,Robusta / ca phe nhan xo noi dia,123471,123471.42857142857,7,observed,25.929,78.429,35.1,0.266,Dat do bazan,5,medium
2024-06-03,2024-06-09,Dak Lak,Cu M'gar,Robusta / ca phe nhan xo noi dia,123125,123125.0,4,observed,26.786,78.714,40.6,0.394,Dat do bazan,5,high
2024-06-03,2024-06-09,Dak Lak,Ea H'leo,Robusta / ca phe nhan xo noi dia,123471,123471.42857142857,7,observed,26.086,80.143,30.4,0.345,Dat do bazan,5,medium
2024-06-03,2024-06-09,Dak Nong,Dak R'lap,Robusta / ca phe nhan xo noi dia,123450,,0,province_proxy,24.771,87.571,47.8,0.476,Dat do bazan,4,low
2024-06-03,2024-06-09,Dak Nong,Gia Nghia,Robusta / ca phe nhan xo noi dia,123450,123450.0,4,observed,24.514,87.286,42.9,0.477,Dat do bazan,4,low
2024-06-03,2024-06-09,Gia Lai,Chu Prong,Robusta / ca phe nhan xo noi dia,123125,123125.0,4,observed,26.514,81.571,44.3,0.439,Dat do bazan,4,low
2024-06-03,2024-06-09,Gia Lai,Ia Grai,Robusta / ca phe nhan xo noi dia,123367,123366.66666666667,6,observed,27.057,83.429,38.6,0.414,Dat do bazan,4,low
2024-06-03,2024-06-09,Gia Lai,Pleiku,Robusta / ca phe nhan xo noi dia,123367,123366.66666666667,6,observed,24.886,82.714,46.4,0.384,Dat do bazan,4,low
2024-06-03,2024-06-09,Kon Tum,Kon Tum,Robusta / ca phe nhan xo noi dia,123571,123571.42857142857,7,observed,25.1,87.143,66.9,0.474,Dat do vang / dat bazan cuc bo,3,low
2024-06-03,2024-06-09,Lam Dong,Bao Loc,Robusta / ca phe nhan xo noi dia,122417,122416.66666666667,6,observed,23.743,86.571,34.2,0.407,Dat do vang tren bazan,4,low
2024-06-03,2024-06-09,Lam Dong,Di Linh,Robusta / ca phe nhan xo noi dia,122417,122416.66666666667,6,observed,23.271,85.286,42.9,0.476,Dat do vang tren bazan,4,medium
2024-06-03,2024-06-09,Lam Dong,Lam Ha,Robusta / ca phe nhan xo noi dia,122417,122416.66666666667,6,observed,23.514,83.286,37.5,0.428,Dat do vang tren bazan,4,low
2024-06-10,2024-06-16,Dak Lak,Buon Ho,Robusta / ca phe nhan xo noi dia,122120,122120.0,10,observed,26.2,74.429,14.2,0.28,Dat do bazan,5,medium
2024-06-10,2024-06-16,Dak Lak,Cu M'gar,Robusta / ca phe nhan xo noi dia,122157,122157.14285714286,7,observed,27.3,73.286,19.5,0.369,Dat do bazan,5,high
2024-06-10,2024-06-16,Dak Lak,Ea H'leo,Robusta / ca phe nhan xo noi dia,122120,122120.0,10,observed,26.5,75.429,12.6,0.358,Dat do bazan,5,medium
2024-06-10,2024-06-16,Dak Nong,Dak R'lap,Robusta / ca phe nhan xo noi dia,122357,,0,province_proxy,24.529,87.0,56.5,0.478,Dat do bazan,4,low
2024-06-10,2024-06-16,Dak Nong,Gia Nghia,Robusta / ca phe nhan xo noi dia,122357,122357.14285714286,7,observed,24.343,87.143,44.0,0.483,Dat do bazan,4,low
2024-06-10,2024-06-16,Gia Lai,Chu Prong,Robusta / ca phe nhan xo noi dia,122229,122228.57142857143,7,observed,26.829,77.857,16.1,0.435,Dat do bazan,4,low
2024-06-10,2024-06-16,Gia Lai,Ia Grai,Robusta / ca phe nhan xo noi dia,122243,122242.85714285714,7,observed,27.543,79.143,17.3,0.424,Dat do bazan,4,low
2024-06-10,2024-06-16,Gia Lai,Pleiku,Robusta / ca phe nhan xo noi dia,122110,122110.0,10,observed,25.271,78.857,14.1,0.374,Dat do bazan,4,low
2024-06-10,2024-06-16,Kon Tum,Kon Tum,Robusta / ca phe nhan xo noi dia,122271,122271.42857142857,7,observed,26.071,80.857,14.8,0.433,Dat do vang / dat bazan cuc bo,3,low
2024-06-10,2024-06-16,Lam Dong,Bao Loc,Robusta / ca phe nhan xo noi dia,121220,121220.0,10,observed,23.271,87.429,50.2,0.433,Dat do vang tren bazan,4,low
2024-06-10,2024-06-16,Lam Dong,Di Linh,Robusta / ca phe nhan xo noi dia,121220,121220.0,10,observed,22.914,86.714,50.0,0.47,Dat do vang tren bazan,4,medium
2024-06-10,2024-06-16,Lam Dong,Lam Ha,Robusta / ca phe nhan xo noi dia,121220,121220.0,10,observed,23.214,83.714,30.3,0.442,Dat do vang tren bazan,4,low
2024-06-17,2024-06-23,Dak Lak,Buon Ho,Robusta / ca phe nhan xo noi dia,121000,121000.0,6,observed,24.357,85.143,70.7,0.415,Dat do bazan,5,medium
2024-06-17,2024-06-23,Dak Lak,Cu M'gar,Robusta / ca phe nhan xo noi dia,121000,121000.0,4,observed,25.571,83.571,113.2,0.436,Dat do bazan,5,high
2024-06-17,2024-06-23,Dak Lak,Ea H'leo,Robusta / ca phe nhan xo noi dia,121000,121000.0,6,observed,24.786,84.714,48.6,0.431,Dat do bazan,5,medium
2024-06-17,2024-06-23,Dak Nong,Dak R'lap,Robusta / ca phe nhan xo noi dia,121200,,0,province_proxy,23.5,92.857,96.4,0.489,Dat do bazan,4,low
2024-06-17,2024-06-23,Dak Nong,Gia Nghia,Robusta / ca phe nhan xo noi dia,121200,121200.0,4,observed,23.471,91.286,101.4,0.497,Dat do bazan,4,low
2024-06-17,2024-06-23,Gia Lai,Chu Prong,Robusta / ca phe nhan xo noi dia,121000,121000.0,4,observed,25.171,87.143,90.9,0.46,Dat do bazan,4,low
2024-06-17,2024-06-23,Gia Lai,Ia Grai,Robusta / ca phe nhan xo noi dia,121000,121000.0,6,observed,25.971,87.571,110.1,0.476,Dat do bazan,4,low
2024-06-17,2024-06-23,Gia Lai,Pleiku,Robusta / ca phe nhan xo noi dia,121000,121000.0,6,observed,23.829,87.286,65.2,0.418,Dat do bazan,4,low
2024-06-17,2024-06-23,Kon Tum,Kon Tum,Robusta / ca phe nhan xo noi dia,121083,121083.33333333333,6,observed,25.086,87.0,59.5,0.447,Dat do vang / dat bazan cuc bo,3,low
2024-06-17,2024-06-23,Lam Dong,Bao Loc,Robusta / ca phe nhan xo noi dia,120083,120083.33333333333,6,observed,22.686,89.857,63.4,0.457,Dat do vang tren bazan,4,low
2024-06-17,2024-06-23,Lam Dong,Di Linh,Robusta / ca phe nhan xo noi dia,120083,120083.33333333333,6,observed,22.029,91.714,53.6,0.486,Dat do vang tren bazan,4,medium
2024-06-17,2024-06-23,Lam Dong,Lam Ha,Robusta / ca phe nhan xo noi dia,120083,120083.33333333333,6,observed,22.871,86.429,58.6,0.46,Dat do vang tren bazan,4,low
2024-06-24,2024-06-30,Dak Lak,Buon Ho,Robusta / ca phe nhan xo noi dia,121850,121850.0,6,observed,24.471,84.571,35.0,0.449,Dat do bazan,5,medium
2024-06-24,2024-06-30,Dak Lak,Cu M'gar,Robusta / ca phe nhan xo noi dia,122533,122533.33333333333,3,observed,25.657,83.714,54.5,0.477,Dat do bazan,5,high
2024-06-24,2024-06-30,Dak Lak,Ea H'leo,Robusta / ca phe nhan xo noi dia,121850,121850.0,6,observed,24.914,83.714,30.6,0.47,Dat do bazan,5,medium
2024-06-24,2024-06-30,Dak Nong,Dak R'lap,Robusta / ca phe nhan xo noi dia,122667,,0,province_proxy,23.829,89.429,54.0,0.488,Dat do bazan,4,low
2024-06-24,2024-06-30,Dak Nong,Gia Nghia,Robusta / ca phe nhan xo noi dia,122667,122666.66666666667,3,observed,23.629,89.286,70.4,0.497,Dat do bazan,4,low
2024-06-24,2024-06-30,Gia Lai,Chu Prong,Robusta / ca phe nhan xo noi dia,122500,122500.0,3,observed,25.257,85.429,34.7,0.48,Dat do bazan,4,low
2024-06-24,2024-06-30,Gia Lai,Ia Grai,Robusta / ca phe nhan xo noi dia,121800,121800.0,6,observed,25.929,86.571,56.7,0.495,Dat do bazan,4,low
2024-06-24,2024-06-30,Gia Lai,Pleiku,Robusta / ca phe nhan xo noi dia,121800,121800.0,6,observed,23.471,88.143,33.5,0.478,Dat do bazan,4,low
2024-06-24,2024-06-30,Kon Tum,Kon Tum,Robusta / ca phe nhan xo noi dia,121883,121883.33333333333,6,observed,24.914,85.714,30.1,0.477,Dat do vang / dat bazan cuc bo,3,low
2024-06-24,2024-06-30,Lam Dong,Bao Loc,Robusta / ca phe nhan xo noi dia,120833,120833.33333333333,6,observed,22.6,89.429,44.5,0.474,Dat do vang tren bazan,4,low
2024-06-24,2024-06-30,Lam Dong,Di Linh,Robusta / ca phe nhan xo noi dia,120833,120833.33333333333,6,observed,22.014,90.286,65.6,0.489,Dat do vang tren bazan,4,medium
2024-06-24,2024-06-30,Lam Dong,Lam Ha,Robusta / ca phe nhan xo noi dia,120833,120833.33333333333,6,observed,22.514,86.286,27.2,0.454,Dat do vang tren bazan,4,low
2024-07-01,2024-07-07,Dak Lak,Buon Ho,Robusta / ca phe nhan xo noi dia,120450,120450.0,4,observed,24.143,84.857,51.7,0.411,Dat do bazan,5,medium
2024-07-01,2024-07-07,Dak Lak,Cu M'gar,Robusta / ca phe nhan xo noi dia,121000,121000.0,1,observed,25.286,84.429,77.0,0.466,Dat do bazan,5,high
2024-07-01,2024-07-07,Dak Lak,Ea H'leo,Robusta / ca phe nhan xo noi dia,120450,120450.0,4,observed,24.671,84.429,74.3,0.465,Dat do bazan,5,medium
2024-07-01,2024-07-07,Dak Nong,Dak R'lap,Robusta / ca phe nhan xo noi dia,121300,,0,province_proxy,23.743,88.857,86.0,0.489,Dat do bazan,4,low
2024-07-01,2024-07-07,Dak Nong,Gia Nghia,Robusta / ca phe nhan xo noi dia,121300,121300.0,1,observed,23.7,87.714,99.8,0.49,Dat do bazan,4,low
2024-07-01,2024-07-07,Gia Lai,Chu Prong,Robusta / ca phe nhan xo noi dia,121000,121000.0,1,observed,25.243,85.143,41.0,0.481,Dat do bazan,4,low
2024-07-01,2024-07-07,Gia Lai,Ia Grai,Robusta / ca phe nhan xo noi dia,120450,120450.0,4,observed,25.9,86.286,76.6,0.494,Dat do bazan,4,low
2024-07-01,2024-07-07,Gia Lai,Pleiku,Robusta / ca phe nhan xo noi dia,120450,120450.0,4,observed,23.5,87.0,64.8,0.459,Dat do bazan,4,low
2024-07-01,2024-07-07,Kon Tum,Kon Tum,Robusta / ca phe nhan xo noi dia,120475,120475.0,4,observed,24.629,86.0,38.6,0.468,Dat do vang / dat bazan cuc bo,3,low
2024-07-01,2024-07-07,Lam Dong,Bao Loc,Robusta / ca phe nhan xo noi dia,119550,119550.0,4,observed,22.686,88.429,36.9,0.437,Dat do vang tren bazan,4,low
2024-07-01,2024-07-07,Lam Dong,Di Linh,Robusta / ca phe nhan xo noi dia,119550,119550.0,4,observed,22.229,89.143,69.1,0.494,Dat do vang tren bazan,4,medium
2024-07-01,2024-07-07,Lam Dong,Lam Ha,Robusta / ca phe nhan xo noi dia,119550,119550.0,4,observed,22.486,85.857,63.7,0.456,Dat do vang tren bazan,4,low
2024-07-08,2024-07-14,Dak Lak,Buon Ho,Robusta / ca phe nhan xo noi dia,127671,127671.42857142857,7,observed,23.314,88.714,65.0,0.457,Dat do bazan,5,medium
2024-07-08,2024-07-14,Dak Lak,Cu M'gar,Robusta / ca phe nhan xo noi dia,128000,128000.0,5,observed,24.429,88.143,109.9,0.489,Dat do bazan,5,high
2024-07-08,2024-07-14,Dak Lak,Ea H'leo,Robusta / ca phe nhan xo noi dia,127671,127671.42857142857,7,observed,23.8,88.0,54.8,0.483,Dat do bazan,5,medium
2024-07-08,2024-07-14,Dak Nong,Dak R'lap,Robusta / ca phe nhan xo noi dia,128140,,0,province_proxy,23.157,91.714,114.0,0.501,Dat do bazan,4,low
2024-07-08,2024-07-14,Dak Nong,Gia Nghia,Robusta / ca phe nhan xo noi dia,128140,128140.0,5,observed,23.214,90.143,87.7,0.499,Dat do bazan,4,low
2024-07-08,2024-07-14,Gia Lai,Chu Prong,Robusta / ca phe nhan xo noi dia,127980,127980.0,5,observed,24.243,89.429,72.3,0.498,Dat do bazan,4,low
2024-07-08,2024-07-14,Gia Lai,Ia Grai,Robusta / ca phe nhan xo noi dia,126700,126700.0,3,observed,25.086,90.143,104.0,0.503,Dat do bazan,4,low
2024-07-08,2024-07-14,Gia Lai,Pleiku,Robusta / ca phe nhan xo noi dia,127650,127650.0,6,observed,22.743,91.143,70.6,0.485,Dat do bazan,4,low
2024-07-08,2024-07-14,Kon Tum,Kon Tum,Robusta / ca phe nhan xo noi dia,126950,126950.0,4,observed,24.129,88.714,98.0,0.498,Dat do vang / dat bazan cuc bo,3,low
2024-07-08,2024-07-14,Lam Dong,Bao Loc,Robusta / ca phe nhan xo noi dia,127133,127133.33333333333,6,observed,22.214,90.286,60.5,0.449,Dat do vang tren bazan,4,low
2024-07-08,2024-07-14,Lam Dong,Di Linh,Robusta / ca phe nhan xo noi dia,127133,127133.33333333333,6,observed,21.486,92.429,56.1,0.497,Dat do vang tren bazan,4,medium
2024-07-08,2024-07-14,Lam Dong,Lam Ha,Robusta / ca phe nhan xo noi dia,127133,127133.33333333333,6,observed,22.357,86.571,41.7,0.453,Dat do vang tren bazan,4,low
2024-07-15,2024-07-21,Dak Lak,Buon Ho,Robusta / ca phe nhan xo noi dia,127700,127700.0,8,observed,22.843,91.143,76.2,0.494,Dat do bazan,5,medium
2024-07-15,2024-07-21,Dak Lak,Cu M'gar,Robusta / ca phe nhan xo noi dia,128020,128020.0,5,observed,24.071,90.286,121.5,0.505,Dat do bazan,5,high
2024-07-15,2024-07-21,Dak Lak,Ea H'leo,Robusta / ca phe nhan xo noi dia,127700,127700.0,8,observed,23.143,91.714,77.5,0.503,Dat do bazan,5,medium
2024-07-15,2024-07-21,Dak Nong,Dak R'lap,Robusta / ca phe nhan xo noi dia,128180,,0,province_proxy,22.329,97.143,124.3,0.509,Dat do bazan,4,low
2024-07-15,2024-07-21,Dak Nong,Gia Nghia,Robusta / ca phe nhan xo noi dia,128180,128180.0,5,observed,22.343,95.429,88.6,0.506,Dat do bazan,4,low
2024-07-15,2024-07-21,Gia Lai,Chu Prong,Robusta / ca phe nhan xo noi dia,128020,128020.0,5,observed,23.3,95.0,120.7,0.507,Dat do bazan,4,low
2024-07-15,2024-07-21,Gia Lai,Ia Grai,Robusta / ca phe nhan xo noi dia,127571,127571.42857142857,7,observed,24.029,94.857,193.6,0.509,Dat do bazan,4,low
2024-07-15,2024-07-21,Gia Lai,Pleiku,Robusta / ca phe nhan xo noi dia,127675,127675.0,8,observed,21.871,95.714,85.0,0.507,Dat do bazan,4,low
2024-07-15,2024-07-21,Kon Tum,Kon Tum,Robusta / ca phe nhan xo noi dia,127614,127614.28571428571,7,observed,23.786,91.143,96.6,0.504,Dat do vang / dat bazan cuc bo,3,low
2024-07-15,2024-07-21,Lam Dong,Bao Loc,Robusta / ca phe nhan xo noi dia,127262,127262.5,8,observed,21.743,93.714,85.0,0.502,Dat do vang tren bazan,4,low
2024-07-15,2024-07-21,Lam Dong,Di Linh,Robusta / ca phe nhan xo noi dia,127262,127262.5,8,observed,21.129,95.0,86.1,0.506,Dat do vang tren bazan,4,medium
2024-07-15,2024-07-21,Lam Dong,Lam Ha,Robusta / ca phe nhan xo noi dia,127262,127262.5,8,observed,22.2,88.286,56.7,0.481,Dat do vang tren bazan,4,low
2024-07-22,2024-07-28,Dak Lak,Buon Ho,Robusta / ca phe nhan xo noi dia,125725,125725.0,4,observed,23.514,87.857,48.6,0.49,Dat do bazan,5,medium
2024-07-22,2024-07-28,Dak Lak,Cu M'gar,Robusta / ca phe nhan xo noi dia,126267,126266.66666666667,3,observed,24.829,86.429,74.0,0.495,Dat do bazan,5,high
2024-07-22,2024-07-28,Dak Lak,Ea H'leo,Robusta / ca phe nhan xo noi dia,125725,125725.0,4,observed,23.657,89.714,53.8,0.501,Dat do bazan,5,medium
2024-07-22,2024-07-28,Dak Nong,Dak R'lap,Robusta / ca phe nhan xo noi dia,126433,,0,province_proxy,22.686,95.714,140.0,0.507,Dat do bazan,4,low
2024-07-22,2024-07-28,Dak Nong,Gia Nghia,Robusta / ca phe nhan xo noi dia,126433,126433.33333333333,3,observed,22.614,94.714,100.7,0.506,Dat do bazan,4,low
2024-07-22,2024-07-28,Gia Lai,Chu Prong,Robusta / ca phe nhan xo noi dia,126233,126233.33333333333,3,observed,23.614,94.286,155.3,0.509,Dat do bazan,4,low
2024-07-22,2024-07-28,Gia Lai,Ia Grai,Robusta / ca phe nhan xo noi dia,125700,125700.0,4,observed,24.357,94.143,163.8,0.508,Dat do bazan,4,low
2024-07-22,2024-07-28,Gia Lai,Pleiku,Robusta / ca phe nhan xo noi dia,125700,125700.0,4,observed,21.986,95.857,116.0,0.511,Dat do bazan,4,low
2024-07-22,2024-07-28,Kon Tum,Kon Tum,Robusta / ca phe nhan xo noi dia,125540,125540.0,5,observed,24.086,89.0,113.9,0.503,Dat do vang / dat bazan cuc bo,3,low
2024-07-22,2024-07-28,Lam Dong,Bao Loc,Robusta / ca phe nhan xo noi dia,125325,125325.0,4,observed,21.871,93.857,77.2,0.507,Dat do vang tren bazan,4,low
2024-07-22,2024-07-28,Lam Dong,Di Linh,Robusta / ca phe nhan xo noi dia,125325,125325.0,4,observed,21.357,95.143,71.4,0.505,Dat do vang tren bazan,4,medium
2024-07-22,2024-07-28,Lam Dong,Lam Ha,Robusta / ca phe nhan xo noi dia,125325,125325.0,4,observed,22.4,88.143,43.3,0.49,Dat do vang tren bazan,4,low
2024-07-29,2024-08-04,Dak Lak,Buon Ho,Robusta / ca phe nhan xo noi dia,123267,123266.66666666667,3,observed,24.071,85.286,44.4,0.438,Dat do bazan,5,medium
2024-07-29,2024-08-04,Dak Lak,Cu M'gar,Robusta / ca phe nhan xo noi dia,123500,123500.0,1,observed,25.129,84.714,77.6,0.487,Dat do bazan,5,high
2024-07-29,2024-08-04,Dak Lak,Ea H'leo,Robusta / ca phe nhan xo noi dia,123267,123266.66666666667,3,observed,24.5,84.571,39.8,0.476,Dat do bazan,5,medium
2024-07-29,2024-08-04,Dak Nong,Dak R'lap,Robusta / ca phe nhan xo noi dia,123600,,0,province_proxy,23.743,88.714,68.6,0.491,Dat do bazan,4,low
2024-07-29,2024-08-04,Dak Nong,Gia Nghia,Robusta / ca phe nhan xo noi dia,123600,123600.0,1,observed,23.714,87.571,63.6,0.486,Dat do bazan,4,low
2024-07-29,2024-08-04,Gia Lai,Chu Prong,Robusta / ca phe nhan xo noi dia,123500,123500.0,1,observed,24.814,87.286,48.7,0.485,Dat do bazan,4,low
2024-07-29,2024-08-04,Gia Lai,Ia Grai,Robusta / ca phe nhan xo noi dia,123233,123233.33333333333,3,observed,25.514,87.429,35.2,0.475,Dat do bazan,4,low
2024-07-29,2024-08-04,Gia Lai,Pleiku,Robusta / ca phe nhan xo noi dia,123233,123233.33333333333,3,observed,23.029,89.714,29.9,0.476,Dat do bazan,4,low
2024-07-29,2024-08-04,Kon Tum,Kon Tum,Robusta / ca phe nhan xo noi dia,123233,123233.33333333333,3,observed,24.471,86.857,27.5,0.474,Dat do vang / dat bazan cuc bo,3,low
2024-07-29,2024-08-04,Lam Dong,Bao Loc,Robusta / ca phe nhan xo noi dia,122900,122900.0,3,observed,22.4,89.857,52.8,0.478,Dat do vang tren bazan,4,low
2024-07-29,2024-08-04,Lam Dong,Di Linh,Robusta / ca phe nhan xo noi dia,122900,122900.0,3,observed,21.843,89.857,54.6,0.479,Dat do vang tren bazan,4,medium
2024-07-29,2024-08-04,Lam Dong,Lam Ha,Robusta / ca phe nhan xo noi dia,122900,122900.0,3,observed,22.457,85.714,49.3,0.472,Dat do vang tren bazan,4,low
2024-08-05,2024-08-11,Dak Lak,Buon Ho,Robusta / ca phe nhan xo noi dia,121560,121560.0,5,observed,24.529,85.571,27.2,0.397,Dat do bazan,5,medium
2024-08-05,2024-08-11,Dak Lak,Cu M'gar,Robusta / ca phe nhan xo noi dia,121900,121900.0,2,observed,25.557,85.0,29.1,0.47,Dat do bazan,5,high
2024-08-05,2024-08-11,Dak Lak,Ea H'leo,Robusta / ca phe nhan xo noi dia,121560,121560.0,5,observed,25.0,84.857,51.2,0.47,Dat do bazan,5,medium
2024-08-05,2024-08-11,Dak Nong,Dak R'lap,Robusta / ca phe nhan xo noi dia,121950,,0,province_proxy,24.157,88.714,49.9,0.489,Dat do bazan,4,low
2024-08-05,2024-08-11,Dak Nong,Gia Nghia,Robusta / ca phe nhan xo noi dia,121950,121950.0,2,observed,24.171,87.429,48.1,0.483,Dat do bazan,4,low
2024-08-05,2024-08-11,Gia Lai,Chu Prong,Robusta / ca phe nhan xo noi dia,121800,121800.0,2,observed,25.529,86.714,46.2,0.485,Dat do bazan,4,low
2024-08-05,2024-08-11,Gia Lai,Ia Grai,Robusta / ca phe nhan xo noi dia,122233,122233.33333333333,3,observed,26.214,86.714,49.6,0.484,Dat do bazan,4,low
2024-08-05,2024-08-11,Gia Lai,Pleiku,Robusta / ca phe nhan xo noi dia,121775,121775.0,4,observed,23.729,88.571,24.8,0.47,Dat do bazan,4,low
2024-08-05,2024-08-11,Kon Tum,Kon Tum,Robusta / ca phe nhan xo noi dia,121825,121825.0,4,observed,24.943,87.429,47.1,0.475,Dat do vang / dat bazan cuc bo,3,low
2024-08-05,2024-08-11,Lam Dong,Bao Loc,Robusta / ca phe nhan xo noi dia,121250,121250.0,4,observed,23.0,89.143,32.3,0.479,Dat do vang tren bazan,4,low
2024-08-05,2024-08-11,Lam Dong,Di Linh,Robusta / ca phe nhan xo noi dia,121250,121250.0,4,observed,22.486,89.429,43.6,0.484,Dat do vang tren bazan,4,medium
2024-08-05,2024-08-11,Lam Dong,Lam Ha,Robusta / ca phe nhan xo noi dia,121250,121250.0,4,observed,23.014,85.429,34.7,0.46,Dat do vang tren bazan,4,low
2024-08-12,2024-08-18,Dak Lak,Buon Ho,Robusta / ca phe nhan xo noi dia,118757,118757.14285714286,7,observed,25.357,81.714,12.0,0.311,Dat do bazan,5,medium
2024-08-12,2024-08-18,Dak Lak,Cu M'gar,Robusta / ca phe nhan xo noi dia,118467,118466.66666666667,3,observed,26.214,82.0,13.8,0.419,Dat do bazan,5,high
2024-08-12,2024-08-18,Dak Lak,Ea H'leo,Robusta / ca phe nhan xo noi dia,118757,118757.14285714286,7,observed,25.586,82.571,12.2,0.431,Dat do bazan,5,medium
2024-08-12,2024-08-18,Dak Nong,Dak R'lap,Robusta / ca phe nhan xo noi dia,118467,,0,province_proxy,24.529,87.286,46.9,0.48,Dat do bazan,4,low
2024-08-12,2024-08-18,Dak Nong,Gia Nghia,Robusta / ca phe nhan xo noi dia,118467,118466.66666666667,3,observed,24.6,86.0,27.5,0.47,Dat do bazan,4,low
2024-08-12,2024-08-18,Gia Lai,Chu Prong,Robusta / ca phe nhan xo noi dia,118300,118300.0,3,observed,25.929,84.143,25.8,0.482,Dat do bazan,4,low
2024-08-12,2024-08-18,Gia Lai,Ia Grai,Robusta / ca phe nhan xo noi dia,118740,118740.0,5,observed,26.614,85.143,36.5,0.489,Dat do bazan,4,low
2024-08-12,2024-08-18,Gia Lai,Pleiku,Robusta / ca phe nhan xo noi dia,118471,118471.42857142857,7,observed,24.029,87.857,10.7,0.47,Dat do bazan,4,low
2024-08-12,2024-08-18,Kon Tum,Kon Tum,Robusta / ca phe nhan xo noi dia,119020,119020.0,5,observed,25.186,86.714,18.9,0.48,Dat do vang / dat bazan cuc bo,3,low
2024-08-12,2024-08-18,Lam Dong,Bao Loc,Robusta / ca phe nhan xo noi dia,118171,118171.42857142857,7,observed,23.3,88.571,19.6,0.448,Dat do vang tren bazan,4,low
2024-08-12,2024-08-18,Lam Dong,Di Linh,Robusta / ca phe nhan xo noi dia,118171,118171.42857142857,7,observed,22.614,89.571,29.2,0.465,Dat do vang tren bazan,4,medium
2024-08-12,2024-08-18,Lam Dong,Lam Ha,Robusta / ca phe nhan xo noi dia,118171,118171.42857142857,7,observed,23.2,85.286,15.1,0.393,Dat do vang tren bazan,4,low
2024-08-19,2024-08-25,Dak Lak,Buon Ho,Robusta / ca phe nhan xo noi dia,118900,118900.0,5,observed,25.3,78.857,31.6,0.289,Dat do bazan,5,medium
2024-08-19,2024-08-25,Dak Lak,Cu M'gar,Robusta / ca phe nhan xo noi dia,118100,118100.0,1,observed,26.029,80.286,47.1,0.397,Dat do bazan,5,high
2024-08-19,2024-08-25,Dak Lak,Ea H'leo,Robusta / ca phe nhan xo noi dia,118900,118900.0,5,observed,25.343,81.714,34.0,0.424,Dat do bazan,5,medium
2024-08-19,2024-08-25,Dak Nong,Dak R'lap,Robusta / ca phe nhan xo noi dia,118100,,0,province_proxy,24.171,87.286,64.0,0.48,Dat do bazan,4,low
2024-08-19,2024-08-25,Dak Nong,Gia Nghia,Robusta / ca phe nhan xo noi dia,118100,118100.0,1,observed,24.257,85.429,38.4,0.471,Dat do bazan,4,low
2024-08-19,2024-08-25,Gia Lai,Chu Prong,Robusta / ca phe nhan xo noi dia,118000,118000.0,1,observed,25.886,82.286,32.6,0.464,Dat do bazan,4,low
2024-08-19,2024-08-25,Gia Lai,Ia Grai,Robusta / ca phe nhan xo noi dia,118680,118680.0,5,observed,26.329,84.571,33.2,0.479,Dat do bazan,4,low
2024-08-19,2024-08-25,Gia Lai,Pleiku,Robusta / ca phe nhan xo noi dia,118680,118680.0,5,observed,23.914,85.857,42.9,0.458,Dat do bazan,4,low
2024-08-19,2024-08-25,Kon Tum,Kon Tum,Robusta / ca phe nhan xo noi dia,118940,118940.0,5,observed,24.671,86.714,29.6,0.472,Dat do vang / dat bazan cuc bo,3,low
2024-08-19,2024-08-25,Lam Dong,Bao Loc,Robusta / ca phe nhan xo noi dia,140183,140183.33333333334,6,observed,22.7,88.0,36.6,0.443,Dat do vang tren bazan,4,low
2024-08-19,2024-08-25,Lam Dong,Di Linh,Robusta / ca phe nhan xo noi dia,140183,140183.33333333334,6,observed,22.5,87.286,36.4,0.48,Dat do vang tren bazan,4,medium
2024-08-19,2024-08-25,Lam Dong,Lam Ha,Robusta / ca phe nhan xo noi dia,140183,140183.33333333334,6,observed,22.871,82.857,34.2,0.382,Dat do vang tren bazan,4,low
2024-08-26,2024-09-01,Dak Lak,Buon Ho,Robusta / ca phe nhan xo noi dia,120333,120333.33333333333,3,observed,23.314,88.143,48.9,0.464,Dat do bazan,5,medium
2024-08-26,2024-09-01,Dak Lak,Cu M'gar,Robusta / ca phe nhan xo noi dia,119500,119500.0,1,observed,24.371,88.0,98.8,0.489,Dat do bazan,5,high
2024-08-26,2024-09-01,Dak Lak,Ea H'leo,Robusta / ca phe nhan xo noi dia,120333,120333.33333333333,3,observed,23.829,87.0,69.3,0.489,Dat do bazan,5,medium
2024-08-26,2024-09-01,Dak Nong,Dak R'lap,Robusta / ca phe nhan xo noi dia,119600,,0,province_proxy,22.886,92.857,155.2,0.503,Dat do bazan,4,low
2024-08-26,2024-09-01,Dak Nong,Gia Nghia,Robusta / ca phe nhan xo noi dia,119600,119600.0,1,observed,22.957,91.714,151.8,0.504,Dat do bazan,4,low
2024-08-26,2024-09-01,Gia Lai,Chu Prong,Robusta / ca phe nhan xo noi dia,119500,119500.0,1,observed,24.3,88.571,101.3,0.498,Dat do bazan,4,low
2024-08-26,2024-09-01,Gia Lai,Ia Grai,Robusta / ca phe nhan xo noi dia,120300,120300.0,3,observed,25.0,89.0,108.0,0.498,Dat do bazan,4,low
2024-08-26,2024-09-01,Gia Lai,Pleiku,Robusta / ca phe nhan xo noi dia,120300,120300.0,3,observed,22.657,90.143,85.8,0.497,Dat do bazan,4,low
2024-08-26,2024-09-01,Kon Tum,Kon Tum,Robusta / ca phe nhan xo noi dia,120400,120400.0,3,observed,24.029,88.286,85.4,0.495,Dat do vang / dat bazan cuc bo,3,low
2024-08-26,2024-09-01,Lam Dong,Bao Loc,Robusta / ca phe nhan xo noi dia,119733,119733.33333333333,3,observed,22.0,91.714,77.6,0.491,Dat do vang tren bazan,4,low
2024-08-26,2024-09-01,Lam Dong,Di Linh,Robusta / ca phe nhan xo noi dia,119733,119733.33333333333,3,observed,21.386,92.714,66.3,0.501,Dat do vang tren bazan,4,medium
2024-08-26,2024-09-01,Lam Dong,Lam Ha,Robusta / ca phe nhan xo noi dia,119733,119733.33333333333,3,observed,22.257,87.714,76.9,0.474,Dat do vang tren bazan,4,low
2024-09-02,2024-09-08,Dak Lak,Buon Ho,Robusta / ca phe nhan xo noi dia,120100,120100.0,1,observed,23.557,88.429,47.6,0.492,Dat do bazan,5,medium
2024-09-02,2024-09-08,Dak Lak,Cu M'gar,Robusta / ca phe nhan xo noi dia,120100,,0,province_proxy,24.743,87.143,63.7,0.493,Dat do bazan,5,high
2024-09-02,2024-09-08,Dak Lak,Ea H'leo,Robusta / ca phe nhan xo noi dia,120100,120100.0,1,observed,23.871,88.571,57.8,0.495,Dat do bazan,5,medium
2024-09-02,2024-09-08,Dak Nong,Dak R'lap,Robusta / ca phe nhan xo noi dia,120800,,0,interpolated_area,22.9,94.714,128.5,0.504,Dat do bazan,4,low
2024-09-02,2024-09-08,Dak Nong,Gia Nghia,Robusta / ca phe nhan xo noi dia,120800,,0,interpolated_area,22.943,93.143,83.3,0.501,Dat do bazan,4,low
2024-09-02,2024-09-08,Gia Lai,Chu Prong,Robusta / ca phe nhan xo noi dia,120100,,0,province_proxy,24.043,91.857,111.1,0.504,Dat do bazan,4,low
2024-09-02,2024-09-08,Gia Lai,Ia Grai,Robusta / ca phe nhan xo noi dia,120100,120100.0,1,observed,24.757,92.143,141.2,0.505,Dat do bazan,4,low
2024-09-02,2024-09-08,Gia Lai,Pleiku,Robusta / ca phe nhan xo noi dia,120100,120100.0,1,observed,22.471,93.857,90.2,0.506,Dat do bazan,4,low
2024-09-02,2024-09-08,Kon Tum,Kon Tum,Robusta / ca phe nhan xo noi dia,120200,120200.0,1,observed,24.314,88.857,70.9,0.493,Dat do vang / dat bazan cuc bo,3,low
2024-09-02,2024-09-08,Lam Dong,Bao Loc,Robusta / ca phe nhan xo noi dia,119400,119400.0,1,observed,22.143,93.143,81.6,0.503,Dat do vang tren bazan,4,low
2024-09-02,2024-09-08,Lam Dong,Di Linh,Robusta / ca phe nhan xo noi dia,119400,119400.0,1,observed,21.629,93.571,72.0,0.504,Dat do vang tren bazan,4,medium
2024-09-02,2024-09-08,Lam Dong,Lam Ha,Robusta / ca phe nhan xo noi dia,119400,119400.0,1,observed,22.543,87.714,45.0,0.492,Dat do vang tren bazan,4,low
2024-09-09,2024-09-15,Dak Lak,Buon Ho,Robusta / ca phe nhan xo noi dia,121117,121116.66666666667,6,observed,23.514,90.143,30.5,0.483,Dat do bazan,5,medium
2024-09-09,2024-09-15,Dak Lak,Cu M'gar,Robusta / ca phe nhan xo noi dia,121975,121975.0,4,observed,24.5,89.571,46.4,0.494,Dat do bazan,5,high
2024-09-09,2024-09-15,Dak Lak,Ea H'leo,Robusta / ca phe nhan xo noi dia,121117,121116.66666666667,6,observed,23.986,89.143,29.3,0.492,Dat do bazan,5,medium
2024-09-09,2024-09-15,Dak Nong,Dak R'lap,Robusta / ca phe nhan xo noi dia,122000,,0,province_proxy,23.343,92.571,118.1,0.502,Dat do bazan,4,low
2024-09-09,2024-09-15,Dak Nong,Gia Nghia,Robusta / ca phe nhan xo noi dia,122000,122000.0,4,observed,23.143,92.571,124.0,0.501,Dat do bazan,4,low
2024-09-09,2024-09-15,Gia Lai,Chu Prong,Robusta / ca phe nhan xo noi dia,121925,121925.0,4,observed,24.257,91.429,89.5,0.499,Dat do bazan,4,low
2024-09-09,2024-09-15,Gia Lai,Ia Grai,Robusta / ca phe nhan xo noi dia,119933,119933.33333333333,3,observed,24.971,91.429,98.8,0.501,Dat do bazan,4,low
2024-09-09,2024-09-15,Gia Lai,Pleiku,Robusta / ca phe nhan xo noi dia,121000,121000.0,6,observed,22.771,92.571,49.4,0.497,Dat do bazan,4,low
2024-09-09,2024-09-15,Kon Tum,Kon Tum,Robusta / ca phe nhan xo noi dia,120000,120000.0,3,observed,24.129,90.0,98.5,0.497,Dat do vang / dat bazan cuc bo,3,low
2024-09-09,2024-09-15,Lam Dong,Bao Loc,Robusta / ca phe nhan xo noi dia,120567,120566.66666666667,6,observed,22.414,92.143,93.9,0.501,Dat do vang tren bazan,4,low
2024-09-09,2024-09-15,Lam Dong,Di Linh,Robusta / ca phe nhan xo noi dia,120567,120566.66666666667,6,observed,21.914,92.286,88.3,0.501,Dat do vang tren bazan,4,medium
2024-09-09,2024-09-15,Lam Dong,Lam Ha,Robusta / ca phe nhan xo noi dia,120567,120566.66666666667,6,observed,22.629,87.714,69.9,0.49,Dat do vang tren bazan,4,low
2024-09-16,2024-09-22,Dak Lak,Buon Ho,Robusta / ca phe nhan xo noi dia,123343,123342.85714285714,7,observed,23.043,91.571,103.4,0.502,Dat do bazan,5,medium
2024-09-16,2024-09-22,Dak Lak,Cu M'gar,Robusta / ca phe nhan xo noi dia,123600,123600.0,2,observed,24.214,90.857,118.1,0.502,Dat do bazan,5,high
2024-09-16,2024-09-22,Dak Lak,Ea H'leo,Robusta / ca phe nhan xo noi dia,123343,123342.85714285714,7,observed,23.457,91.143,75.8,0.502,Dat do bazan,5,medium
2024-09-16,2024-09-22,Dak Nong,Dak R'lap,Robusta / ca phe nhan xo noi dia,123650,,0,province_proxy,22.371,98.143,174.7,0.509,Dat do bazan,4,low
2024-09-16,2024-09-22,Dak Nong,Gia Nghia,Robusta / ca phe nhan xo noi dia,123650,123650.0,2,observed,22.357,96.571,128.8,0.508,Dat do bazan,4,low
2024-09-16,2024-09-22,Gia Lai,Chu Prong,Robusta / ca phe nhan xo noi dia,123550,123550.0,2,observed,23.6,94.0,147.4,0.506,Dat do bazan,4,low
2024-09-16,2024-09-22,Gia Lai,Ia Grai,Robusta / ca phe nhan xo noi dia,123286,123285.71428571429,7,observed,24.4,93.714,154.8,0.505,Dat do bazan,4,low
2024-09-16,2024-09-22,Gia Lai,Pleiku,Robusta / ca phe nhan xo noi dia,123286,123285.71428571429,7,observed,22.229,94.714,119.0,0.505,Dat do bazan,4,low
2024-09-16,2024-09-22,Kon Tum,Kon Tum,Robusta / ca phe nhan xo noi dia,123386,123385.71428571429,7,observed,23.786,91.429,129.7,0.505,Dat do vang / dat bazan cuc bo,3,low
2024-09-16,2024-09-22,Lam Dong,Bao Loc,Robusta / ca phe nhan xo noi dia,122986,122985.71428571429,7,observed,21.886,94.857,116.4,0.508,Dat do vang tren bazan,4,low
2024-09-16,2024-09-22,Lam Dong,Di Linh,Robusta / ca phe nhan xo noi dia,122986,122985.71428571429,7,observed,21.357,95.714,122.1,0.507,Dat do vang tren bazan,4,medium
2024-09-16,2024-09-22,Lam Dong,Lam Ha,Robusta / ca phe nhan xo noi dia,122986,122985.71428571429,7,observed,22.114,91.0,148.0,0.505,Dat do vang tren bazan,4,low
2024-09-23,2024-09-29,Dak Lak,Buon Ho,Robusta / ca phe nhan xo noi dia,120833,120833.33333333333,3,observed,23.843,87.286,18.3,0.47,Dat do bazan,5,medium
2024-09-23,2024-09-29,Dak Lak,Cu M'gar,Robusta / ca phe nhan xo noi dia,120000,120000.0,1,observed,25.243,84.0,21.3,0.468,Dat do bazan,5,high
2024-09-23,2024-09-29,Dak Lak,Ea H'leo,Robusta / ca phe nhan xo noi dia,120833,120833.33333333333,3,observed,24.3,85.857,23.2,0.48,Dat do bazan,5,medium
2024-09-23,2024-09-29,Dak Nong,Dak R'lap,Robusta / ca phe nhan xo noi dia,120000,,0,province_proxy,23.629,88.857,48.0,0.491,Dat do bazan,4,low
2024-09-23,2024-09-29,Dak Nong,Gia Nghia,Robusta / ca phe nhan xo noi dia,120000,120000.0,1,observed,23.4,88.0,50.6,0.491,Dat do bazan,4,low
2024-09-23,2024-09-29,Gia Lai,Chu Prong,Robusta / ca phe nhan xo noi dia,120000,120000.0,1,observed,25.1,85.143,39.1,0.472,Dat do bazan,4,low
2024-09-23,2024-09-29,Gia Lai,Ia Grai,Robusta / ca phe nhan xo noi dia,120133,120133.33333333333,3,observed,25.529,87.429,36.3,0.482,Dat do bazan,4,low
2024-09-23,2024-09-29,Gia Lai,Pleiku,Robusta / ca phe nhan xo noi dia,120133,120133.33333333333,3,observed,23.129,88.429,39.3,0.481,Dat do bazan,4,low
2024-09-23,2024-09-29,Kon Tum,Kon Tum,Robusta / ca phe nhan xo noi dia,120233,120233.33333333333,3,observed,23.971,87.714,45.5,0.478,Dat do vang / dat bazan cuc bo,3,low
2024-09-23,2024-09-29,Lam Dong,Bao Loc,Robusta / ca phe nhan xo noi dia,120167,120166.66666666667,3,observed,22.371,89.286,45.4,0.482,Dat do vang tren bazan,4,low
2024-09-23,2024-09-29,Lam Dong,Di Linh,Robusta / ca phe nhan xo noi dia,120167,120166.66666666667,3,observed,21.943,88.571,33.9,0.485,Dat do vang tren bazan,4,medium
2024-09-23,2024-09-29,Lam Dong,Lam Ha,Robusta / ca phe nhan xo noi dia,120167,120166.66666666667,3,observed,21.971,88.0,34.0,0.476,Dat do vang tren bazan,4,low
2024-09-30,2024-10-06,Dak Lak,Buon Ho,Robusta / ca phe nhan xo noi dia,119967,119966.66666666667,6,observed,23.329,88.0,33.8,0.439,Dat do bazan,5,medium
2024-09-30,2024-10-06,Dak Lak,Cu M'gar,Robusta / ca phe nhan xo noi dia,118500,118500.0,2,observed,24.871,83.714,41.0,0.435,Dat do bazan,5,high
2024-09-30,2024-10-06,Dak Lak,Ea H'leo,Robusta / ca phe nhan xo noi dia,119967,119966.66666666667,6,observed,24.014,84.143,14.1,0.424,Dat do bazan,5,medium
2024-09-30,2024-10-06,Dak Nong,Dak R'lap,Robusta / ca phe nhan xo noi dia,117650,,0,province_proxy,23.7,88.0,34.5,0.479,Dat do bazan,4,low
2024-09-30,2024-10-06,Dak Nong,Gia Nghia,Robusta / ca phe nhan xo noi dia,117650,117650.0,2,observed,23.557,86.714,39.0,0.477,Dat do bazan,4,low
2024-09-30,2024-10-06,Gia Lai,Chu Prong,Robusta / ca phe nhan xo noi dia,117600,117600.0,2,observed,24.8,83.429,51.5,0.467,Dat do bazan,4,low
2024-09-30,2024-10-06,Gia Lai,Ia Grai,Robusta / ca phe nhan xo noi dia,119067,119066.66666666667,6,observed,25.257,85.571,60.7,0.473,Dat do bazan,4,low
2024-09-30,2024-10-06,Gia Lai,Pleiku,Robusta / ca phe nhan xo noi dia,119067,119066.66666666667,6,observed,22.929,85.857,40.5,0.468,Dat do bazan,4,low
2024-09-30,2024-10-06,Kon Tum,Kon Tum,Robusta / ca phe nhan xo noi dia,119117,119116.66666666667,6,observed,23.671,86.0,21.0,0.459,Dat do vang / dat bazan cuc bo,3,low
2024-09-30,2024-10-06,Lam Dong,Bao Loc,Robusta / ca phe nhan xo noi dia,119100,119100.0,6,observed,22.3,90.571,51.5,0.484,Dat do vang tren bazan,4,low
2024-09-30,2024-10-06,Lam Dong,Di Linh,Robusta / ca phe nhan xo noi dia,119100,119100.0,6,observed,22.014,89.0,44.8,0.489,Dat do vang tren bazan,4,medium
2024-09-30,2024-10-06,Lam Dong,Lam Ha,Robusta / ca phe nhan xo noi dia,119100,119100.0,6,observed,21.671,88.429,65.4,0.48,Dat do vang tren bazan,4,low
2024-10-07,2024-10-13,Dak Lak,Buon Ho,Robusta / ca phe nhan xo noi dia,114440,114440.0,5,observed,23.029,89.571,26.7,0.472,Dat do bazan,5,medium
2024-10-07,2024-10-13,Dak Lak,Cu M'gar,Robusta / ca phe nhan xo noi dia,114433,114433.33333333333,3,observed,24.843,83.429,27.9,0.466,Dat do bazan,5,high
2024-10-07,2024-10-13,Dak Lak,Ea H'leo,Robusta / ca phe nhan xo noi dia,114300,114300.0,6,observed,23.8,85.143,23.3,0.42,Dat do bazan,5,medium
2024-10-07,2024-10-13,Dak Nong,Dak R'lap,Robusta / ca phe nhan xo noi dia,114467,,0,province_proxy,23.471,90.0,77.7,0.494,Dat do bazan,4,low
2024-10-07,2024-10-13,Dak Nong,Gia Nghia,Robusta / ca phe nhan xo noi dia,114467,114466.66666666667,3,observed,23.343,88.571,57.5,0.488,Dat do bazan,4,low
2024-10-07,2024-10-13,Gia Lai,Chu Prong,Robusta / ca phe nhan xo noi dia,114367,114366.66666666667,3,observed,25.114,79.429,33.6,0.477,Dat do bazan,4,low
2024-10-07,2024-10-13,Gia Lai,Ia Grai,Robusta / ca phe nhan xo noi dia,115033,115033.33333333333,3,observed,25.571,83.429,36.3,0.473,Dat do bazan,4,low
2024-10-07,2024-10-13,Gia Lai,Pleiku,Robusta / ca phe nhan xo noi dia,114380,114380.0,5,observed,23.186,82.571,42.6,0.472,Dat do bazan,4,low
2024-10-07,2024-10-13,Kon Tum,Kon Tum,Robusta / ca phe nhan xo noi dia,114675,114675.0,4,observed,23.957,82.286,9.7,0.452,Dat do vang / dat bazan cuc bo,3,low
2024-10-07,2024-10-13,Lam Dong,Bao Loc,Robusta / ca phe nhan xo noi dia,113717,113716.66666666667,6,observed,21.957,91.143,86.7,0.495,Dat do vang tren bazan,4,low
2024-10-07,2024-10-13,Lam Dong,Di Linh,Robusta / ca phe nhan xo noi dia,113717,113716.66666666667,6,observed,21.643,89.714,60.4,0.491,Dat do vang tren bazan,4,medium
2024-10-07,2024-10-13,Lam Dong,Lam Ha,Robusta / ca phe nhan xo noi dia,113717,113716.66666666667,6,observed,21.443,88.571,89.3,0.494,Dat do vang tren bazan,4,low
2024-10-14,2024-10-20,Dak Lak,Buon Ho,Robusta / ca phe nhan xo noi dia,113820,113820.0,5,observed,23.186,89.429,30.3,0.471,Dat do bazan,5,medium
2024-10-14,2024-10-20,Dak Lak,Cu M'gar,Robusta / ca phe nhan xo noi dia,114150,114150.0,2,observed,24.857,84.857,42.5,0.475,Dat do bazan,5,high
2024-10-14,2024-10-20,Dak Lak,Ea H'leo,Robusta / ca phe nhan xo noi dia,113820,113820.0,5,observed,23.843,86.571,46.6,0.406,Dat do bazan,5,medium
2024-10-14,2024-10-20,Dak Nong,Dak R'lap,Robusta / ca phe nhan xo noi dia,114300,,0,province_proxy,23.1,91.429,85.8,0.497,Dat do bazan,4,low
2024-10-14,2024-10-20,Dak Nong,Gia Nghia,Robusta / ca phe nhan xo noi dia,114300,114300.0,2,observed,23.043,90.714,102.5,0.494,Dat do bazan,4,low
2024-10-14,2024-10-20,Gia Lai,Chu Prong,Robusta / ca phe nhan xo noi dia,114200,114200.0,2,observed,24.657,85.0,65.2,0.48,Dat do bazan,4,low
2024-10-14,2024-10-20,Gia Lai,Ia Grai,Robusta / ca phe nhan xo noi dia,113700,113700.0,3,observed,25.157,86.857,37.3,0.468,Dat do bazan,4,low
2024-10-14,2024-10-20,Gia Lai,Pleiku,Robusta / ca phe nhan xo noi dia,113860,113860.0,5,observed,22.729,87.714,38.4,0.471,Dat do bazan,4,low
2024-10-14,2024-10-20,Kon Tum,Kon Tum,Robusta / ca phe nhan xo noi dia,113700,113700.0,3,observed,23.529,87.571,34.3,0.459,Dat do vang / dat bazan cuc bo,3,low
2024-10-14,2024-10-20,Lam Dong,Bao Loc,Robusta / ca phe nhan xo noi dia,113400,113400.0,5,observed,21.914,91.0,101.3,0.492,Dat do vang tren bazan,4,low
2024-10-14,2024-10-20,Lam Dong,Di Linh,Robusta / ca phe nhan xo noi dia,113400,113400.0,5,observed,21.414,90.857,158.2,0.499,Dat do vang tren bazan,4,medium
2024-10-14,2024-10-20,Lam Dong,Lam Ha,Robusta / ca phe nhan xo noi dia,113400,113400.0,5,observed,21.471,89.857,82.0,0.496,Dat do vang tren bazan,4,low
2024-10-21,2024-10-27,Dak Lak,Buon Ho,Robusta / ca phe nhan xo noi dia,109880,109880.0,5,observed,22.243,83.571,23.6,0.456,Dat do bazan,5,medium
2024-10-21,2024-10-27,Dak Lak,Cu M'gar,Robusta / ca phe nhan xo noi dia,109880,,0,province_proxy,23.571,81.857,30.1,0.466,Dat do bazan,5,high
2024-10-21,2024-10-27,Dak Lak,Ea H'leo,Robusta / ca phe nhan xo noi dia,109880,109880.0,5,observed,22.743,81.571,30.0,0.423,Dat do bazan,5,medium
2024-10-21,2024-10-27,Dak Nong,Dak R'lap,Robusta / ca phe nhan xo noi dia,113775,,0,interpolated_area,22.786,84.714,29.7,0.469,Dat do bazan,4,low
2024-10-21,2024-10-27,Dak Nong,Gia Nghia,Robusta / ca phe nhan xo noi dia,113775,,0,interpolated_area,22.557,84.571,28.0,0.472,Dat do bazan,4,low
2024-10-21,2024-10-27,Gia Lai,Chu Prong,Robusta / ca phe nhan xo noi dia,109900,,0,province_proxy,23.457,81.571,71.9,0.465,Dat do bazan,4,low
2024-10-21,2024-10-27,Gia Lai,Ia Grai,Robusta / ca phe nhan xo noi dia,109900,109900.0,5,observed,23.857,84.0,87.7,0.46,Dat do bazan,4,low
2024-10-21,2024-10-27,Gia Lai,Pleiku,Robusta / ca phe nhan xo noi dia,109900,109900.0,5,observed,21.429,84.286,71.3,0.459,Dat do bazan,4,low
2024-10-21,2024-10-27,Kon Tum,Kon Tum,Robusta / ca phe nhan xo noi dia,110000,110000.0,5,observed,21.886,85.143,77.6,0.456,Dat do vang / dat bazan cuc bo,3,low
2024-10-21,2024-10-27,Lam Dong,Bao Loc,Robusta / ca phe nhan xo noi dia,109700,109700.0,5,observed,21.429,87.0,33.9,0.476,Dat do vang tren bazan,4,low
2024-10-21,2024-10-27,Lam Dong,Di Linh,Robusta / ca phe nhan xo noi dia,109700,109700.0,5,observed,20.943,87.571,57.5,0.477,Dat do vang tren bazan,4,medium
2024-10-21,2024-10-27,Lam Dong,Lam Ha,Robusta / ca phe nhan xo noi dia,109700,109700.0,5,observed,21.157,85.571,43.6,0.477,Dat do vang tren bazan,4,low
2024-10-28,2024-11-03,Dak Lak,Buon Ho,Robusta / ca phe nhan xo noi dia,108700,108700.0,4,observed,21.971,88.429,38.4,0.477,Dat do bazan,5,medium
2024-10-28,2024-11-03,Dak Lak,Cu M'gar,Robusta / ca phe nhan xo noi dia,108700,,0,province_proxy,23.457,85.0,45.0,0.478,Dat do bazan,5,high
2024-10-28,2024-11-03,Dak Lak,Ea H'leo,Robusta / ca phe nhan xo noi dia,108700,108700.0,4,observed,22.443,85.857,49.3,0.466,Dat do bazan,5,medium
2024-10-28,2024-11-03,Dak Nong,Dak R'lap,Robusta / ca phe nhan xo noi dia,113250,,0,interpolated_area,22.357,90.571,108.8,0.49,Dat do bazan,4,low
2024-10-28,2024-11-03,Dak Nong,Gia Nghia,Robusta / ca phe nhan xo noi dia,113250,,0,interpolated_area,22.129,89.857,76.7,0.489,Dat do bazan,4,low
2024-10-28,2024-11-03,Gia Lai,Chu Prong,Robusta / ca phe nhan xo noi dia,108650,,0,province_proxy,22.9,86.286,27.3,0.485,Dat do bazan,4,low
2024-10-28,2024-11-03,Gia Lai,Ia Grai,Robusta / ca phe nhan xo noi dia,108650,108650.0,4,observed,23.5,87.571,41.6,0.49,Dat do bazan,4,low
2024-10-28,2024-11-03,Gia Lai,Pleiku,Robusta / ca phe nhan xo noi dia,108650,108650.0,4,observed,21.0,88.571,44.8,0.493,Dat do bazan,4,low
2024-10-28,2024-11-03,Kon Tum,Kon Tum,Robusta / ca phe nhan xo noi dia,108725,108725.0,4,observed,21.843,87.857,50.6,0.491,Dat do vang / dat bazan cuc bo,3,low
2024-10-28,2024-11-03,Lam Dong,Bao Loc,Robusta / ca phe nhan xo noi dia,108120,108120.0,5,observed,21.343,90.571,73.5,0.488,Dat do vang tren bazan,4,low
2024-10-28,2024-11-03,Lam Dong,Di Linh,Robusta / ca phe nhan xo noi dia,108120,108120.0,5,observed,20.886,91.143,85.5,0.491,Dat do vang tren bazan,4,medium
2024-10-28,2024-11-03,Lam Dong,Lam Ha,Robusta / ca phe nhan xo noi dia,108120,108120.0,5,observed,21.3,88.429,75.3,0.487,Dat do vang tren bazan,4,low
2024-11-04,2024-11-10,Dak Lak,Buon Ho,Robusta / ca phe nhan xo noi dia,106400,106400.0,3,observed,21.657,87.857,10.3,0.448,Dat do bazan,5,medium
2024-11-04,2024-11-10,Dak Lak,Cu M'gar,Robusta / ca phe nhan xo noi dia,106400,,0,province_proxy,23.686,80.571,7.0,0.429,Dat do bazan,5,high
2024-11-04,2024-11-10,Dak Lak,Ea H'leo,Robusta / ca phe nhan xo noi dia,106400,106400.0,3,observed,22.529,82.714,14.8,0.455,Dat do bazan,5,medium
2024-11-04,2024-11-10,Dak Nong,Dak R'lap,Robusta / ca phe nhan xo noi dia,112725,,0,interpolated_area,22.986,84.429,30.7,0.468,Dat do bazan,4,low
2024-11-04,2024-11-10,Dak Nong,Gia Nghia,Robusta / ca phe nhan xo noi dia,112725,,0,interpolated_area,22.771,83.143,22.6,0.47,Dat do bazan,4,low
2024-11-04,2024-11-10,Gia Lai,Chu Prong,Robusta / ca phe nhan xo noi dia,106050,,0,province_proxy,24.186,73.857,16.8,0.44,Dat do bazan,4,low
2024-11-04,2024-11-10,Gia Lai,Ia Grai,Robusta / ca phe nhan xo noi dia,106050,106050.0,2,observed,24.4,77.143,21.5,0.449,Dat do bazan,4,low
2024-11-04,2024-11-10,Gia Lai,Pleiku,Robusta / ca phe nhan xo noi dia,106050,106050.0,2,observed,21.871,79.714,5.8,0.445,Dat do bazan,4,low
2024-11-04,2024-11-10,Kon Tum,Kon Tum,Robusta / ca phe nhan xo noi dia,106150,106150.0,2,observed,22.457,79.286,3.6,0.46,Dat do vang / dat bazan cuc bo,3,low
2024-11-04,2024-11-10,Lam Dong,Bao Loc,Robusta / ca phe nhan xo noi dia,106000,106000.0,3,observed,21.286,89.714,52.0,0.482,Dat do vang tren bazan,4,low
2024-11-04,2024-11-10,Lam Dong,Di Linh,Robusta / ca phe nhan xo noi dia,106000,106000.0,3,observed,21.229,87.0,18.5,0.467,Dat do vang tren bazan,4,medium
2024-11-04,2024-11-10,Lam Dong,Lam Ha,Robusta / ca phe nhan xo noi dia,106000,106000.0,3,observed,21.271,86.714,22.6,0.475,Dat do vang tren bazan,4,low
2024-11-11,2024-11-17,Dak Lak,Buon Ho,Robusta / ca phe nhan xo noi dia,112500,112500.0,5,observed,22.686,86.143,15.1,0.381,Dat do bazan,5,medium
2024-11-11,2024-11-17,Dak Lak,Cu M'gar,Robusta / ca phe nhan xo noi dia,112000,112000.0,2,observed,24.729,78.0,15.8,0.368,Dat do bazan,5,high
2024-11-11,2024-11-17,Dak Lak,Ea H'leo,Robusta / ca phe nhan xo noi dia,111567,111566.66666666667,6,observed,23.586,80.429,21.5,0.348,Dat do bazan,5,medium
2024-11-11,2024-11-17,Dak Nong,Dak R'lap,Robusta / ca phe nhan xo noi dia,112200,,0,province_proxy,23.657,82.857,7.4,0.432,Dat do bazan,4,low
2024-11-11,2024-11-17,Dak Nong,Gia Nghia,Robusta / ca phe nhan xo noi dia,112200,112200.0,2,observed,23.314,82.429,6.1,0.391,Dat do bazan,4,low
2024-11-11,2024-11-17,Gia Lai,Chu Prong,Robusta / ca phe nhan xo noi dia,112000,112000.0,2,observed,24.571,80.0,90.7,0.434,Dat do bazan,4,low
2024-11-11,2024-11-17,Gia Lai,Ia Grai,Robusta / ca phe nhan xo noi dia,110817,110816.66666666667,6,observed,24.829,83.429,69.6,0.443,Dat do bazan,4,low
2024-11-11,2024-11-17,Gia Lai,Pleiku,Robusta / ca phe nhan xo noi dia,110971,110971.42857142857,7,observed,22.514,84.429,69.1,0.452,Dat do bazan,4,low
2024-11-11,2024-11-17,Kon Tum,Kon Tum,Robusta / ca phe nhan xo noi dia,111520,111520.0,5,observed,23.2,83.571,72.3,0.46,Dat do vang / dat bazan cuc bo,3,low
2024-11-11,2024-11-17,Lam Dong,Bao Loc,Robusta / ca phe nhan xo noi dia,111071,111071.42857142857,7,observed,21.943,85.286,2.3,0.424,Dat do vang tren bazan,4,low
2024-11-11,2024-11-17,Lam Dong,Di Linh,Robusta / ca phe nhan xo noi dia,111071,111071.42857142857,7,observed,21.943,84.143,3.6,0.434,Dat do vang tren bazan,4,medium
2024-11-11,2024-11-17,Lam Dong,Lam Ha,Robusta / ca phe nhan xo noi dia,111071,111071.42857142857,7,observed,21.557,83.0,2.9,0.448,Dat do vang tren bazan,4,low
2024-11-18,2024-11-24,Dak Lak,Buon Ho,Robusta / ca phe nhan xo noi dia,115233,115233.33333333333,3,observed,22.357,88.0,6.0,0.318,Dat do bazan,5,medium
2024-11-18,2024-11-24,Dak Lak,Cu M'gar,Robusta / ca phe nhan xo noi dia,115233,,0,province_proxy,24.6,78.714,1.7,0.279,Dat do bazan,5,high
2024-11-18,2024-11-24,Dak Lak,Ea H'leo,Robusta / ca phe nhan xo noi dia,115233,115233.33333333333,3,observed,23.214,83.714,20.1,0.282,Dat do bazan,5,medium
2024-11-18,2024-11-24,Dak Nong,Dak R'lap,Robusta / ca phe nhan xo noi dia,115350,,0,interpolated_area,23.871,79.857,6.2,0.358,Dat do bazan,4,low
2024-11-18,2024-11-24,Dak Nong,Gia Nghia,Robusta / ca phe nhan xo noi dia,115350,,0,interpolated_area,23.486,80.571,3.8,0.323,Dat do bazan,4,low
2024-11-18,2024-11-24,Gia Lai,Chu Prong,Robusta / ca phe nhan xo noi dia,116000,,0,province_proxy,24.814,74.286,2.5,0.347,Dat do bazan,4,low
2024-11-18,2024-11-24,Gia Lai,Ia Grai,Robusta / ca phe nhan xo noi dia,116000,116000.0,2,observed,25.557,74.0,2.1,0.357,Dat do bazan,4,low
2024-11-18,2024-11-24,Gia Lai,Pleiku,Robusta / ca phe nhan xo noi dia,116000,116000.0,2,observed,22.771,78.571,3.7,0.38,Dat do bazan,4,low
2024-11-18,2024-11-24,Kon Tum,Kon Tum,Robusta / ca phe nhan xo noi dia,116000,116000.0,2,observed,24.1,74.571,0.6,0.38,Dat do vang / dat bazan cuc bo,3,low
2024-11-18,2024-11-24,Lam Dong,Bao Loc,Robusta / ca phe nhan xo noi dia,114867,114866.66666666667,3,observed,21.671,85.857,6.6,0.376,Dat do vang tren bazan,4,low
2024-11-18,2024-11-24,Lam Dong,Di Linh,Robusta / ca phe nhan xo noi dia,114867,114866.66666666667,3,observed,21.829,79.0,7.9,0.381,Dat do vang tren bazan,4,medium
2024-11-18,2024-11-24,Lam Dong,Lam Ha,Robusta / ca phe nhan xo noi dia,114867,114866.66666666667,3,observed,21.557,80.714,3.3,0.413,Dat do vang tren bazan,4,low
2024-11-25,2024-12-01,Dak Lak,Buon Ho,Robusta / ca phe nhan xo noi dia,124050,124050.0,4,observed,21.229,82.714,1.2,0.304,Dat do bazan,5,medium
2024-11-25,2024-12-01,Dak Lak,Cu M'gar,Robusta / ca phe nhan xo noi dia,124050,,0,province_proxy,23.486,73.857,2.4,0.267,Dat do bazan,5,high
2024-11-25,2024-12-01,Dak Lak,Ea H'leo,Robusta / ca phe nhan xo noi dia,124050,124050.0,4,observed,22.029,78.143,2.6,0.288,Dat do bazan,5,medium
2024-11-25,2024-12-01,Dak Nong,Dak R'lap,Robusta / ca phe nhan xo noi dia,118500,,0,interpolated_area,22.986,75.571,0.2,0.312,Dat do bazan,4,low
2024-11-25,2024-12-01,Dak Nong,Gia Nghia,Robusta / ca phe nhan xo noi dia,118500,,0,interpolated_area,22.286,78.714,0.6,0.287,Dat do bazan,4,low
2024-11-25,2024-12-01,Gia Lai,Chu Prong,Robusta / ca phe nhan xo noi dia,123900,,0,province_proxy,23.529,69.143,0.0,0.255,Dat do bazan,4,low
2024-11-25,2024-12-01,Gia Lai,Ia Grai,Robusta / ca phe nhan xo noi dia,123900,123900.0,4,observed,24.343,68.286,0.0,0.272,Dat do bazan,4,low
2024-11-25,2024-12-01,Gia Lai,Pleiku,Robusta / ca phe nhan xo noi dia,123900,123900.0,4,observed,21.143,75.429,0.0,0.3,Dat do bazan,4,low
2024-11-25,2024-12-01,Kon Tum,Kon Tum,Robusta / ca phe nhan xo noi dia,123950,123950.0,4,observed,22.5,70.714,0.0,0.299,Dat do vang / dat bazan cuc bo,3,low
2024-11-25,2024-12-01,Lam Dong,Bao Loc,Robusta / ca phe nhan xo noi dia,123325,123325.0,4,observed,21.214,83.286,1.2,0.335,Dat do vang tren bazan,4,low
2024-11-25,2024-12-01,Lam Dong,Di Linh,Robusta / ca phe nhan xo noi dia,123325,123325.0,4,observed,21.5,76.714,11.3,0.341,Dat do vang tren bazan,4,medium
2024-11-25,2024-12-01,Lam Dong,Lam Ha,Robusta / ca phe nhan xo noi dia,123325,123325.0,4,observed,21.414,77.0,16.9,0.377,Dat do vang tren bazan,4,low
2024-12-02,2024-12-08,Dak Lak,Buon Ho,Robusta / ca phe nhan xo noi dia,116700,116700.0,4,observed,21.714,86.0,1.3,0.291,Dat do bazan,5,medium
2024-12-02,2024-12-08,Dak Lak,Cu M'gar,Robusta / ca phe nhan xo noi dia,116700,,0,province_proxy,23.957,77.286,0.9,0.265,Dat do bazan,5,high
2024-12-02,2024-12-08,Dak Lak,Ea H'leo,Robusta / ca phe nhan xo noi dia,116700,116700.0,4,observed,22.657,80.0,5.1,0.247,Dat do bazan,5,medium
2024-12-02,2024-12-08,Dak Nong,Dak R'lap,Robusta / ca phe nhan xo noi dia,121650,,0,interpolated_area,23.3,78.571,9.0,0.336,Dat do bazan,4,low
2024-12-02,2024-12-08,Dak Nong,Gia Nghia,Robusta / ca phe nhan xo noi dia,121650,,0,interpolated_area,22.757,81.0,6.0,0.272,Dat do bazan,4,low
2024-12-02,2024-12-08,Gia Lai,Chu Prong,Robusta / ca phe nhan xo noi dia,119450,,0,province_proxy,24.657,68.857,0.5,0.219,Dat do bazan,4,low
2024-12-02,2024-12-08,Gia Lai,Ia Grai,Robusta / ca phe nhan xo noi dia,119450,119450.0,2,observed,25.343,68.143,1.3,0.238,Dat do bazan,4,low
2024-12-02,2024-12-08,Gia Lai,Pleiku,Robusta / ca phe nhan xo noi dia,119450,119450.0,2,observed,22.114,75.429,0.8,0.238,Dat do bazan,4,low
2024-12-02,2024-12-08,Kon Tum,Kon Tum,Robusta / ca phe nhan xo noi dia,119500,119500.0,2,observed,22.914,73.429,0.0,0.247,Dat do vang / dat bazan cuc bo,3,low
2024-12-02,2024-12-08,Lam Dong,Bao Loc,Robusta / ca phe nhan xo noi dia,115750,115750.0,4,observed,21.3,87.571,9.5,0.397,Dat do vang tren bazan,4,low
2024-12-02,2024-12-08,Lam Dong,Di Linh,Robusta / ca phe nhan xo noi dia,115750,115750.0,4,observed,21.457,86.0,20.4,0.438,Dat do vang tren bazan,4,medium
2024-12-02,2024-12-08,Lam Dong,Lam Ha,Robusta / ca phe nhan xo noi dia,115750,115750.0,4,observed,21.686,84.143,24.1,0.467,Dat do vang tren bazan,4,low
2024-12-09,2024-12-15,Dak Lak,Buon Ho,Robusta / ca phe nhan xo noi dia,124500,124500.0,4,observed,21.186,91.143,38.7,0.423,Dat do bazan,5,medium
2024-12-09,2024-12-15,Dak Lak,Cu M'gar,Robusta / ca phe nhan xo noi dia,124667,124666.66666666667,3,observed,23.3,83.286,39.1,0.404,Dat do bazan,5,high
2024-12-09,2024-12-15,Dak Lak,Ea H'leo,Robusta / ca phe nhan xo noi dia,124500,124500.0,4,observed,21.314,92.0,67.5,0.413,Dat do bazan,5,medium
2024-12-09,2024-12-15,Dak Nong,Dak R'lap,Robusta / ca phe nhan xo noi dia,124800,,0,province_proxy,22.757,85.143,32.1,0.417,Dat do bazan,4,low
2024-12-09,2024-12-15,Dak Nong,Gia Nghia,Robusta / ca phe nhan xo noi dia,124800,124800.0,3,observed,22.257,86.714,28.2,0.383,Dat do bazan,4,low
2024-12-09,2024-12-15,Gia Lai,Chu Prong,Robusta / ca phe nhan xo noi dia,124667,124666.66666666667,3,observed,23.757,75.714,25.0,0.348,Dat do bazan,4,low
2024-12-09,2024-12-15,Gia Lai,Ia Grai,Robusta / ca phe nhan xo noi dia,124400,124400.0,1,observed,24.7,73.571,15.5,0.354,Dat do bazan,4,low
2024-12-09,2024-12-15,Gia Lai,Pleiku,Robusta / ca phe nhan xo noi dia,124400,124400.0,3,observed,21.514,81.0,20.5,0.359,Dat do bazan,4,low
2024-12-09,2024-12-15,Kon Tum,Kon Tum,Robusta / ca phe nhan xo noi dia,124500,124500.0,1,observed,23.029,74.714,13.5,0.351,Dat do vang / dat bazan cuc bo,3,low
2024-12-09,2024-12-15,Lam Dong,Bao Loc,Robusta / ca phe nhan xo noi dia,123675,123675.0,4,observed,21.343,89.0,40.0,0.459,Dat do vang tren bazan,4,low
2024-12-09,2024-12-15,Lam Dong,Di Linh,Robusta / ca phe nhan xo noi dia,123640,123640.0,5,observed,20.786,90.286,70.5,0.474,Dat do vang tren bazan,4,medium
2024-12-09,2024-12-15,Lam Dong,Lam Ha,Robusta / ca phe nhan xo noi dia,123675,123675.0,4,observed,21.643,85.714,57.4,0.485,Dat do vang tren bazan,4,low
2024-12-16,2024-12-22,Dak Lak,Buon Ho,Robusta / ca phe nhan xo noi dia,124900,124900.0,1,observed,18.714,86.857,3.1,0.426,Dat do bazan,5,medium
2024-12-16,2024-12-22,Dak Lak,Cu M'gar,Robusta / ca phe nhan xo noi dia,124900,,0,province_proxy,20.929,77.857,0.9,0.388,Dat do bazan,5,high
2024-12-16,2024-12-22,Dak Lak,Ea H'leo,Robusta / ca phe nhan xo noi dia,124900,124900.0,1,observed,19.129,83.714,2.1,0.42,Dat do bazan,5,medium
2024-12-16,2024-12-22,Dak Nong,Dak R'lap,Robusta / ca phe nhan xo noi dia,123525,,0,interpolated_area,20.857,75.857,0.0,0.386,Dat do bazan,4,low
2024-12-16,2024-12-22,Dak Nong,Gia Nghia,Robusta / ca phe nhan xo noi dia,123525,,0,interpolated_area,20.171,78.857,0.8,0.376,Dat do bazan,4,low
2024-12-16,2024-12-22,Gia Lai,Chu Prong,Robusta / ca phe nhan xo noi dia,124900,,0,province_proxy,21.543,68.714,1.1,0.314,Dat do bazan,4,low
2024-12-16,2024-12-22,Gia Lai,Ia Grai,Robusta / ca phe nhan xo noi dia,124900,124900.0,1,observed,22.343,66.714,0.0,0.298,Dat do bazan,4,low
2024-12-16,2024-12-22,Gia Lai,Pleiku,Robusta / ca phe nhan xo noi dia,124900,124900.0,1,observed,19.114,74.429,0.0,0.313,Dat do bazan,4,low
2024-12-16,2024-12-22,Kon Tum,Kon Tum,Robusta / ca phe nhan xo noi dia,124000,124000.0,2,observed,20.357,70.0,0.0,0.317,Dat do vang / dat bazan cuc bo,3,low
2024-12-16,2024-12-22,Lam Dong,Bao Loc,Robusta / ca phe nhan xo noi dia,123500,123500.0,1,observed,19.071,84.714,0.7,0.432,Dat do vang tren bazan,4,low
2024-12-16,2024-12-22,Lam Dong,Di Linh,Robusta / ca phe nhan xo noi dia,123500,123500.0,1,observed,19.286,83.143,4.1,0.466,Dat do vang tren bazan,4,medium
2024-12-16,2024-12-22,Lam Dong,Lam Ha,Robusta / ca phe nhan xo noi dia,123500,123500.0,1,observed,19.557,79.857,2.5,0.46,Dat do vang tren bazan,4,low
2024-12-23,2024-12-29,Dak Lak,Buon Ho,Robusta / ca phe nhan xo noi dia,121400,121400.0,1,observed,20.329,87.143,10.4,0.415,Dat do bazan,5,medium
2024-12-23,2024-12-29,Dak Lak,Cu M'gar,Robusta / ca phe nhan xo noi dia,121400,,0,province_proxy,22.457,78.857,5.0,0.354,Dat do bazan,5,high
2024-12-23,2024-12-29,Dak Lak,Ea H'leo,Robusta / ca phe nhan xo noi dia,121400,121400.0,1,observed,20.486,85.571,26.9,0.397,Dat do bazan,5,medium
2024-12-23,2024-12-29,Dak Nong,Dak R'lap,Robusta / ca phe nhan xo noi dia,122250,,0,interpolated_area,22.443,77.286,1.6,0.323,Dat do bazan,4,low
2024-12-23,2024-12-29,Dak Nong,Gia Nghia,Robusta / ca phe nhan xo noi dia,122250,,0,interpolated_area,21.757,80.286,2.3,0.3,Dat do bazan,4,low
2024-12-23,2024-12-29,Gia Lai,Chu Prong,Robusta / ca phe nhan xo noi dia,121300,,0,province_proxy,23.257,68.143,4.3,0.253,Dat do bazan,4,low
2024-12-23,2024-12-29,Gia Lai,Ia Grai,Robusta / ca phe nhan xo noi dia,121300,121300.0,1,observed,23.929,66.857,1.7,0.243,Dat do bazan,4,low
2024-12-23,2024-12-29,Gia Lai,Pleiku,Robusta / ca phe nhan xo noi dia,121300,121300.0,1,observed,20.771,73.857,2.6,0.254,Dat do bazan,4,low
2024-12-23,2024-12-29,Kon Tum,Kon Tum,Robusta / ca phe nhan xo noi dia,121300,121300.0,1,observed,21.886,70.286,1.2,0.279,Dat do vang / dat bazan cuc bo,3,low
2024-12-23,2024-12-29,Lam Dong,Bao Loc,Robusta / ca phe nhan xo noi dia,121000,121000.0,1,observed,20.271,87.571,8.5,0.401,Dat do vang tren bazan,4,low
2024-12-23,2024-12-29,Lam Dong,Di Linh,Robusta / ca phe nhan xo noi dia,121000,121000.0,1,observed,20.371,85.571,15.5,0.461,Dat do vang tren bazan,4,medium
2024-12-23,2024-12-29,Lam Dong,Lam Ha,Robusta / ca phe nhan xo noi dia,121000,121000.0,1,observed,20.929,83.143,11.3,0.439,Dat do vang tren bazan,4,low
2024-12-30,2025-01-05,Dak Lak,Buon Ho,Robusta / ca phe nhan xo noi dia,120243,120243.33333333333,3,observed,18.929,85.0,1.6,0.389,Dat do bazan,5,medium
2024-12-30,2025-01-05,Dak Lak,Cu M'gar,Robusta / ca phe nhan xo noi dia,120243,,0,province_proxy,21.214,76.143,0.3,0.316,Dat do bazan,5,high
2024-12-30,2025-01-05,Dak Lak,Ea H'leo,Robusta / ca phe nhan xo noi dia,120243,120243.33333333333,3,observed,19.629,78.857,1.7,0.364,Dat do bazan,5,medium
2024-12-30,2025-01-05,Dak Nong,Dak R'lap,Robusta / ca phe nhan xo noi dia,120975,,0,interpolated_area,21.586,73.143,0.0,0.29,Dat do bazan,4,low
2024-12-30,2025-01-05,Dak Nong,Gia Nghia,Robusta / ca phe nhan xo noi dia,120975,,0,interpolated_area,20.743,76.571,0.0,0.256,Dat do bazan,4,low
2024-12-30,2025-01-05,Gia Lai,Chu Prong,Robusta / ca phe nhan xo noi dia,120100,,0,province_proxy,22.1,66.286,1.0,0.224,Dat do bazan,4,low
2024-12-30,2025-01-05,Gia Lai,Ia Grai,Robusta / ca phe nhan xo noi dia,120100,120100.0,3,observed,22.814,65.286,0.0,0.221,Dat do bazan,4,low
2024-12-30,2025-01-05,Gia Lai,Pleiku,Robusta / ca phe nhan xo noi dia,120100,120100.0,3,observed,19.643,71.714,0.0,0.217,Dat do bazan,4,low
2024-12-30,2025-01-05,Kon Tum,Kon Tum,Robusta / ca phe nhan xo noi dia,120133,120133.33333333333,3,observed,20.3,71.714,0.0,0.255,Dat do vang / dat bazan cuc bo,3,low
2024-12-30,2025-01-05,Lam Dong,Bao Loc,Robusta / ca phe nhan xo noi dia,119667,119666.66666666667,3,observed,19.529,84.571,1.4,0.382,Dat do vang tren bazan,4,low
2024-12-30,2025-01-05,Lam Dong,Di Linh,Robusta / ca phe nhan xo noi dia,119667,119666.66666666667,3,observed,19.857,84.714,16.5,0.464,Dat do vang tren bazan,4,medium
2024-12-30,2025-01-05,Lam Dong,Lam Ha,Robusta / ca phe nhan xo noi dia,119667,119666.66666666667,3,observed,19.943,82.0,16.6,0.428,Dat do vang tren bazan,4,low
2025-01-06,2025-01-12,Dak Lak,Buon Ho,Robusta / ca phe nhan xo noi dia,120267,120266.66666666667,3,observed,18.214,81.571,0.4,0.31,Dat do bazan,5,medium
2025-01-06,2025-01-12,Dak Lak,Cu M'gar,Robusta / ca phe nhan xo noi dia,119500,119500.0,1,observed,20.643,71.714,0.0,0.261,Dat do bazan,5,high
2025-01-06,2025-01-12,Dak Lak,Ea H'leo,Robusta / ca phe nhan xo noi dia,120267,120266.66666666667,3,observed,18.786,77.0,0.1,0.262,Dat do bazan,5,medium
2025-01-06,2025-01-12,Dak Nong,Dak R'lap,Robusta / ca phe nhan xo noi dia,119700,,0,province_proxy,20.957,68.286,0.0,0.25,Dat do bazan,4,low
2025-01-06,2025-01-12,Dak Nong,Gia Nghia,Robusta / ca phe nhan xo noi dia,119700,119700.0,1,observed,20.043,72.429,0.0,0.208,Dat do bazan,4,low
2025-01-06,2025-01-12,Gia Lai,Chu Prong,Robusta / ca phe nhan xo noi dia,119500,119500.0,1,observed,21.443,61.429,0.0,0.184,Dat do bazan,4,low
2025-01-06,2025-01-12,Gia Lai,Ia Grai,Robusta / ca phe nhan xo noi dia,120550,120550.0,2,observed,22.1,61.429,0.0,0.183,Dat do bazan,4,low
2025-01-06,2025-01-12,Gia Lai,Pleiku,Robusta / ca phe nhan xo noi dia,120200,120200.0,3,observed,18.571,69.857,0.0,0.191,Dat do bazan,4,low
2025-01-06,2025-01-12,Kon Tum,Kon Tum,Robusta / ca phe nhan xo noi dia,120600,120600.0,2,observed,19.6,66.857,0.0,0.222,Dat do vang / dat bazan cuc bo,3,low
2025-01-06,2025-01-12,Lam Dong,Bao Loc,Robusta / ca phe nhan xo noi dia,119600,119600.0,3,observed,19.057,78.286,0.5,0.305,Dat do vang tren bazan,4,low
2025-01-06,2025-01-12,Lam Dong,Di Linh,Robusta / ca phe nhan xo noi dia,119600,119600.0,3,observed,19.543,74.286,0.4,0.404,Dat do vang tren bazan,4,medium
2025-01-06,2025-01-12,Lam Dong,Lam Ha,Robusta / ca phe nhan xo noi dia,119600,119600.0,3,observed,19.243,74.143,0.0,0.367,Dat do vang tren bazan,4,low
2025-01-13,2025-01-19,Dak Lak,Buon Ho,Robusta / ca phe nhan xo noi dia,116660,116660.0,5,observed,18.371,83.143,0.2,0.284,Dat do bazan,5,medium
2025-01-13,2025-01-19,Dak Lak,Cu M'gar,Robusta / ca phe nhan xo noi dia,115850,115850.0,2,observed,20.8,73.571,0.1,0.261,Dat do bazan,5,high
2025-01-13,2025-01-19,Dak Lak,Ea H'leo,Robusta / ca phe nhan xo noi dia,116660,116660.0,5,observed,19.043,79.286,2.1,0.25,Dat do bazan,5,medium
2025-01-13,2025-01-19,Dak Nong,Dak R'lap,Robusta / ca phe nhan xo noi dia,116100,,0,province_proxy,21.3,71.857,0.2,0.254,Dat do bazan,4,low
2025-01-13,2025-01-19,Dak Nong,Gia Nghia,Robusta / ca phe nhan xo noi dia,116100,116100.0,2,observed,20.257,76.429,0.7,0.226,Dat do bazan,4,low
2025-01-13,2025-01-19,Gia Lai,Chu Prong,Robusta / ca phe nhan xo noi dia,115850,115850.0,2,observed,21.943,63.143,1.6,0.207,Dat do bazan,4,low
2025-01-13,2025-01-19,Gia Lai,Ia Grai,Robusta / ca phe nhan xo noi dia,117167,117166.66666666667,3,observed,22.671,62.857,2.1,0.198,Dat do bazan,4,low
2025-01-13,2025-01-19,Gia Lai,Pleiku,Robusta / ca phe nhan xo noi dia,116600,116600.0,5,observed,19.271,71.143,0.7,0.202,Dat do bazan,4,low
2025-01-13,2025-01-19,Kon Tum,Kon Tum,Robusta / ca phe nhan xo noi dia,117233,117233.33333333333,3,observed,19.929,68.714,0.0,0.229,Dat do vang / dat bazan cuc bo,3,low
2025-01-13,2025-01-19,Lam Dong,Bao Loc,Robusta / ca phe nhan xo noi dia,116320,116320.0,5,observed,19.271,83.857,3.5,0.371,Dat do vang tren bazan,4,low
2025-01-13,2025-01-19,Lam Dong,Di Linh,Robusta / ca phe nhan xo noi dia,116320,116320.0,5,observed,20.2,78.429,17.0,0.42,Dat do vang tren bazan,4,medium
2025-01-13,2025-01-19,Lam Dong,Lam Ha,Robusta / ca phe nhan xo noi dia,116320,116320.0,5,observed,20.071,77.714,11.5,0.407,Dat do vang tren bazan,4,low
2025-01-20,2025-01-26,Dak Lak,Buon Ho,Robusta / ca phe nhan xo noi dia,122500,122500.0,2,observed,18.586,79.286,0.0,0.268,Dat do bazan,5,medium
2025-01-20,2025-01-26,Dak Lak,Cu M'gar,Robusta / ca phe nhan xo noi dia,122500,,0,province_proxy,21.357,68.0,0.0,0.243,Dat do bazan,5,high
2025-01-20,2025-01-26,Dak Lak,Ea H'leo,Robusta / ca phe nhan xo noi dia,122500,122500.0,2,observed,19.3,73.0,0.0,0.228,Dat do bazan,5,medium
2025-01-20,2025-01-26,Dak Nong,Dak R'lap,Robusta / ca phe nhan xo noi dia,119867,,0,interpolated_area,22.657,69.286,0.0,0.254,Dat do bazan,4,low
2025-01-20,2025-01-26,Dak Nong,Gia Nghia,Robusta / ca phe nhan xo noi dia,119867,,0,interpolated_area,21.786,70.571,0.0,0.207,Dat do bazan,4,low
2025-01-20,2025-01-26,Gia Lai,Chu Prong,Robusta / ca phe nhan xo noi dia,122400,,0,province_proxy,22.429,60.429,0.0,0.167,Dat do bazan,4,low
2025-01-20,2025-01-26,Gia Lai,Ia Grai,Robusta / ca phe nhan xo noi dia,122400,122400.0,2,observed,23.186,63.571,0.0,0.208,Dat do bazan,4,low
2025-01-20,2025-01-26,Gia Lai,Pleiku,Robusta / ca phe nhan xo noi dia,122400,122400.0,2,observed,19.871,69.857,0.0,0.193,Dat do bazan,4,low
2025-01-20,2025-01-26,Kon Tum,Kon Tum,Robusta / ca phe nhan xo noi dia,122450,122450.0,2,observed,20.629,68.286,0.0,0.218,Dat do vang / dat bazan cuc bo,3,low
2025-01-20,2025-01-26,Lam Dong,Bao Loc,Robusta / ca phe nhan xo noi dia,121900,121900.0,2,observed,20.671,79.143,1.0,0.309,Dat do vang tren bazan,4,low
2025-01-20,2025-01-26,Lam Dong,Di Linh,Robusta / ca phe nhan xo noi dia,121900,121900.0,2,observed,20.971,75.286,0.5,0.376,Dat do vang tren bazan,4,medium
2025-01-20,2025-01-26,Lam Dong,Lam Ha,Robusta / ca phe nhan xo noi dia,121900,121900.0,2,observed,20.443,74.0,0.1,0.354,Dat do vang tren bazan,4,low
2025-01-27,2025-02-02,Dak Lak,Buon Ho,Robusta / ca phe nhan xo noi dia,125925,,0,interpolated_area,18.771,75.143,0.2,0.255,Dat do bazan,5,medium
2025-01-27,2025-02-02,Dak Lak,Cu M'gar,Robusta / ca phe nhan xo noi dia,125925,,0,interpolated_area,21.471,63.714,0.0,0.21,Dat do bazan,5,high
2025-01-27,2025-02-02,Dak Lak,Ea H'leo,Robusta / ca phe nhan xo noi dia,125925,,0,interpolated_area,19.5,69.429,0.1,0.206,Dat do bazan,5,medium
2025-01-27,2025-02-02,Dak Nong,Dak R'lap,Robusta / ca phe nhan xo noi dia,123633,,0,interpolated_area,21.357,65.571,0.0,0.247,Dat do bazan,4,low
2025-01-27,2025-02-02,Dak Nong,Gia Nghia,Robusta / ca phe nhan xo noi dia,123633,,0,interpolated_area,20.629,67.143,0.0,0.196,Dat do bazan,4,low
2025-01-27,2025-02-02,Gia Lai,Chu Prong,Robusta / ca phe nhan xo noi dia,125875,,0,interpolated_area,22.257,56.857,0.0,0.167,Dat do bazan,4,low
2025-01-27,2025-02-02,Gia Lai,Ia Grai,Robusta / ca phe nhan xo noi dia,125875,,0,interpolated_area,22.871,57.429,0.0,0.201,Dat do bazan,4,low
2025-01-27,2025-02-02,Gia Lai,Pleiku,Robusta / ca phe nhan xo noi dia,125875,,0,interpolated_area,19.543,64.857,0.0,0.191,Dat do bazan,4,low
2025-01-27,2025-02-02,Kon Tum,Kon Tum,Robusta / ca phe nhan xo noi dia,125900,,0,interpolated_area,20.086,64.0,0.0,0.215,Dat do vang / dat bazan cuc bo,3,low
2025-01-27,2025-02-02,Lam Dong,Bao Loc,Robusta / ca phe nhan xo noi dia,125300,,0,interpolated_area,19.214,74.714,0.0,0.272,Dat do vang tren bazan,4,low
2025-01-27,2025-02-02,Lam Dong,Di Linh,Robusta / ca phe nhan xo noi dia,125300,,0,interpolated_area,19.329,70.286,0.0,0.326,Dat do vang tren bazan,4,medium
2025-01-27,2025-02-02,Lam Dong,Lam Ha,Robusta / ca phe nhan xo noi dia,125300,,0,interpolated_area,19.243,70.714,0.0,0.303,Dat do vang tren bazan,4,low
2025-02-03,2025-02-09,Dak Lak,Buon Ho,Robusta / ca phe nhan xo noi dia,129350,129350.0,2,observed,18.971,79.857,0.3,0.27,Dat do bazan,5,medium
2025-02-03,2025-02-09,Dak Lak,Cu M'gar,Robusta / ca phe nhan xo noi dia,129350,,0,province_proxy,21.543,68.857,0.0,0.199,Dat do bazan,5,high
2025-02-03,2025-02-09,Dak Lak,Ea H'leo,Robusta / ca phe nhan xo noi dia,129350,129350.0,2,observed,19.757,73.857,0.9,0.212,Dat do bazan,5,medium
2025-02-03,2025-02-09,Dak Nong,Dak R'lap,Robusta / ca phe nhan xo noi dia,127400,,0,interpolated_area,21.8,61.857,0.0,0.239,Dat do bazan,4,low
2025-02-03,2025-02-09,Dak Nong,Gia Nghia,Robusta / ca phe nhan xo noi dia,127400,,0,interpolated_area,20.929,64.857,0.0,0.199,Dat do bazan,4,low
2025-02-03,2025-02-09,Gia Lai,Chu Prong,Robusta / ca phe nhan xo noi dia,129350,,0,province_proxy,22.571,59.286,0.0,0.175,Dat do bazan,4,low
2025-02-03,2025-02-09,Gia Lai,Ia Grai,Robusta / ca phe nhan xo noi dia,129350,129350.0,2,observed,23.8,57.286,0.0,0.199,Dat do bazan,4,low
2025-02-03,2025-02-09,Gia Lai,Pleiku,Robusta / ca phe nhan xo noi dia,129350,129350.0,2,observed,19.914,66.0,0.0,0.192,Dat do bazan,4,low
2025-02-03,2025-02-09,Kon Tum,Kon Tum,Robusta / ca phe nhan xo noi dia,129350,129350.0,2,observed,21.0,64.286,0.0,0.22,Dat do vang / dat bazan cuc bo,3,low
2025-02-03,2025-02-09,Lam Dong,Bao Loc,Robusta / ca phe nhan xo noi dia,128700,128700.0,2,observed,19.914,70.571,0.0,0.248,Dat do vang tren bazan,4,low
2025-02-03,2025-02-09,Lam Dong,Di Linh,Robusta / ca phe nhan xo noi dia,128700,128700.0,2,observed,19.871,69.143,0.0,0.307,Dat do vang tren bazan,4,medium
2025-02-03,2025-02-09,Lam Dong,Lam Ha,Robusta / ca phe nhan xo noi dia,128700,128700.0,2,observed,19.614,68.429,0.0,0.278,Dat do vang tren bazan,4,low
2025-02-10,2025-02-16,Dak Lak,Buon Ho,Robusta / ca phe nhan xo noi dia,130940,130940.0,5,observed,21.0,83.0,3.3,0.3,Dat do bazan,5,medium
2025-02-10,2025-02-16,Dak Lak,Cu M'gar,Robusta / ca phe nhan xo noi dia,131033,131033.33333333333,3,observed,23.671,72.286,3.0,0.219,Dat do bazan,5,high
2025-02-10,2025-02-16,Dak Lak,Ea H'leo,Robusta / ca phe nhan xo noi dia,130940,130940.0,5,observed,22.057,76.571,1.2,0.232,Dat do bazan,5,medium
2025-02-10,2025-02-16,Dak Nong,Dak R'lap,Robusta / ca phe nhan xo noi dia,131167,,0,province_proxy,23.671,73.286,6.2,0.272,Dat do bazan,4,low
2025-02-10,2025-02-16,Dak Nong,Gia Nghia,Robusta / ca phe nhan xo noi dia,131167,131166.66666666666,3,observed,23.186,73.286,4.5,0.21,Dat do bazan,4,low
2025-02-10,2025-02-16,Gia Lai,Chu Prong,Robusta / ca phe nhan xo noi dia,131033,131033.33333333333,3,observed,24.614,64.286,3.1,0.197,Dat do bazan,4,low
2025-02-10,2025-02-16,Gia Lai,Ia Grai,Robusta / ca phe nhan xo noi dia,130850,130850.0,2,observed,25.643,62.143,0.6,0.204,Dat do bazan,4,low
2025-02-10,2025-02-16,Gia Lai,Pleiku,Robusta / ca phe nhan xo noi dia,130900,130900.0,5,observed,22.286,69.286,2.2,0.196,Dat do bazan,4,low
2025-02-10,2025-02-16,Kon Tum,Kon Tum,Robusta / ca phe nhan xo noi dia,130850,130850.0,2,observed,23.3,66.714,1.5,0.222,Dat do vang / dat bazan cuc bo,3,low
2025-02-10,2025-02-16,Lam Dong,Bao Loc,Robusta / ca phe nhan xo noi dia,129920,129920.0,5,observed,21.671,80.714,12.5,0.274,Dat do vang tren bazan,4,low
2025-02-10,2025-02-16,Lam Dong,Di Linh,Robusta / ca phe nhan xo noi dia,129920,129920.0,5,observed,20.857,84.571,18.9,0.389,Dat do vang tren bazan,4,medium
2025-02-10,2025-02-16,Lam Dong,Lam Ha,Robusta / ca phe nhan xo noi dia,129920,129920.0,5,observed,21.2,80.714,13.6,0.315,Dat do vang tren bazan,4,low
2025-02-17,2025-02-23,Dak Lak,Buon Ho,Robusta / ca phe nhan xo noi dia,131700,131700.0,2,observed,20.857,84.857,2.3,0.274,Dat do bazan,5,medium
2025-02-17,2025-02-23,Dak Lak,Cu M'gar,Robusta / ca phe nhan xo noi dia,131700,,0,province_proxy,23.471,73.714,1.3,0.217,Dat do bazan,5,high
2025-02-17,2025-02-23,Dak Lak,Ea H'leo,Robusta / ca phe nhan xo noi dia,131700,131700.0,2,observed,21.757,80.429,6.7,0.213,Dat do bazan,5,medium
2025-02-17,2025-02-23,Dak Nong,Dak R'lap,Robusta / ca phe nhan xo noi dia,130083,,0,interpolated_area,23.486,75.143,14.0,0.322,Dat do bazan,4,low
2025-02-17,2025-02-23,Dak Nong,Gia Nghia,Robusta / ca phe nhan xo noi dia,130083,,0,interpolated_area,23.014,75.286,8.6,0.223,Dat do bazan,4,low
2025-02-17,2025-02-23,Gia Lai,Chu Prong,Robusta / ca phe nhan xo noi dia,131700,,0,province_proxy,24.6,64.0,0.2,0.172,Dat do bazan,4,low
2025-02-17,2025-02-23,Gia Lai,Ia Grai,Robusta / ca phe nhan xo noi dia,131700,131700.0,2,observed,25.971,60.286,2.9,0.189,Dat do bazan,4,low
2025-02-17,2025-02-23,Gia Lai,Pleiku,Robusta / ca phe nhan xo noi dia,131700,131700.0,2,observed,22.0,70.429,1.4,0.18,Dat do bazan,4,low
2025-02-17,2025-02-23,Kon Tum,Kon Tum,Robusta / ca phe nhan xo noi dia,131650,131650.0,2,observed,23.571,65.143,0.3,0.203,Dat do vang / dat bazan cuc bo,3,low
2025-02-17,2025-02-23,Lam Dong,Bao Loc,Robusta / ca phe nhan xo noi dia,130500,130500.0,2,observed,21.086,85.0,47.1,0.397,Dat do vang tren bazan,4,low
2025-02-17,2025-02-23,Lam Dong,Di Linh,Robusta / ca phe nhan xo noi dia,130500,130500.0,2,observed,20.814,81.857,45.0,0.445,Dat do vang tren bazan,4,medium
2025-02-17,2025-02-23,Lam Dong,Lam Ha,Robusta / ca phe nhan xo noi dia,130500,130500.0,2,observed,20.714,83.143,60.2,0.417,Dat do vang tren bazan,4,low
2025-02-24,2025-03-02,Dak Lak,Buon Ho,Robusta / ca phe nhan xo noi dia,129000,129000.0,1,observed,21.186,85.0,5.6,0.305,Dat do bazan,5,medium
2025-02-24,2025-03-02,Dak Lak,Cu M'gar,Robusta / ca phe nhan xo noi dia,129000,129000.0,1,observed,24.0,73.286,2.0,0.246,Dat do bazan,5,high
2025-02-24,2025-03-02,Dak Lak,Ea H'leo,Robusta / ca phe nhan xo noi dia,129000,129000.0,1,observed,22.129,79.857,11.4,0.297,Dat do bazan,5,medium
2025-02-24,2025-03-02,Dak Nong,Dak R'lap,Robusta / ca phe nhan xo noi dia,129000,,0,province_proxy,24.171,73.286,2.5,0.317,Dat do bazan,4,low
2025-02-24,2025-03-02,Dak Nong,Gia Nghia,Robusta / ca phe nhan xo noi dia,129000,129000.0,1,observed,23.743,73.429,2.5,0.229,Dat do bazan,4,low
2025-02-24,2025-03-02,Gia Lai,Chu Prong,Robusta / ca phe nhan xo noi dia,129000,129000.0,1,observed,25.043,64.286,0.6,0.208,Dat do bazan,4,low
2025-02-24,2025-03-02,Gia Lai,Ia Grai,Robusta / ca phe nhan xo noi dia,129000,,0,province_proxy,26.457,61.0,1.0,0.205,Dat do bazan,4,low
2025-02-24,2025-03-02,Gia Lai,Pleiku,Robusta / ca phe nhan xo noi dia,129000,129000.0,1,observed,22.657,70.571,0.6,0.193,Dat do bazan,4,low
2025-02-24,2025-03-02,Kon Tum,Kon Tum,Robusta / ca phe nhan xo noi dia,131792,,0,interpolated_area,24.586,64.286,2.5,0.224,Dat do vang / dat bazan cuc bo,3,low
2025-02-24,2025-03-02,Lam Dong,Bao Loc,Robusta / ca phe nhan xo noi dia,127000,127000.0,1,observed,22.0,79.143,6.3,0.414,Dat do vang tren bazan,4,low
2025-02-24,2025-03-02,Lam Dong,Di Linh,Robusta / ca phe nhan xo noi dia,127000,127000.0,1,observed,21.771,74.143,2.7,0.429,Dat do vang tren bazan,4,medium
2025-02-24,2025-03-02,Lam Dong,Lam Ha,Robusta / ca phe nhan xo noi dia,127000,127000.0,1,observed,22.014,73.714,0.5,0.41,Dat do vang tren bazan,4,low
2025-03-03,2025-03-09,Dak Lak,Buon Ho,Robusta / ca phe nhan xo noi dia,132100,132100.0,3,observed,23.314,78.0,3.1,0.261,Dat do bazan,5,medium
2025-03-03,2025-03-09,Dak Lak,Cu M'gar,Robusta / ca phe nhan xo noi dia,132100,,0,province_proxy,25.943,68.571,4.5,0.238,Dat do bazan,5,high
2025-03-03,2025-03-09,Dak Lak,Ea H'leo,Robusta / ca phe nhan xo noi dia,132100,132100.0,3,observed,24.371,72.429,1.7,0.213,Dat do bazan,5,medium
2025-03-03,2025-03-09,Dak Nong,Dak R'lap,Robusta / ca phe nhan xo noi dia,130580,,0,interpolated_area,24.557,76.143,10.0,0.296,Dat do bazan,4,low
2025-03-03,2025-03-09,Dak Nong,Gia Nghia,Robusta / ca phe nhan xo noi dia,130580,,0,interpolated_area,24.386,75.143,8.5,0.216,Dat do bazan,4,low
2025-03-03,2025-03-09,Gia Lai,Chu Prong,Robusta / ca phe nhan xo noi dia,131933,,0,province_proxy,26.957,61.143,0.5,0.207,Dat do bazan,4,low
2025-03-03,2025-03-09,Gia Lai,Ia Grai,Robusta / ca phe nhan xo noi dia,131933,131933.33333333334,3,observed,28.029,59.0,1.4,0.203,Dat do bazan,4,low
2025-03-03,2025-03-09,Gia Lai,Pleiku,Robusta / ca phe nhan xo noi dia,131933,131933.33333333334,3,observed,24.414,67.429,1.1,0.195,Dat do bazan,4,low
2025-03-03,2025-03-09,Kon Tum,Kon Tum,Robusta / ca phe nhan xo noi dia,131933,131933.33333333334,3,observed,25.914,63.286,3.6,0.224,Dat do vang / dat bazan cuc bo,3,low
2025-03-03,2025-03-09,Lam Dong,Bao Loc,Robusta / ca phe nhan xo noi dia,130500,130500.0,3,observed,22.214,82.0,8.7,0.353,Dat do vang tren bazan,4,low
2025-03-03,2025-03-09,Lam Dong,Di Linh,Robusta / ca phe nhan xo noi dia,130500,130500.0,3,observed,22.229,79.0,12.8,0.413,Dat do vang tren bazan,4,medium
2025-03-03,2025-03-09,Lam Dong,Lam Ha,Robusta / ca phe nhan xo noi dia,130500,130500.0,3,observed,22.529,76.286,9.0,0.336,Dat do vang tren bazan,4,low
2025-03-10,2025-03-16,Dak Lak,Buon Ho,Robusta / ca phe nhan xo noi dia,131983,131983.33333333334,6,observed,23.229,82.0,2.8,0.269,Dat do bazan,5,medium
2025-03-10,2025-03-16,Dak Lak,Cu M'gar,Robusta / ca phe nhan xo noi dia,132080,132080.0,5,observed,25.857,72.429,2.8,0.279,Dat do bazan,5,high
2025-03-10,2025-03-16,Dak Lak,Ea H'leo,Robusta / ca phe nhan xo noi dia,131983,131983.33333333334,6,observed,24.314,76.571,7.2,0.244,Dat do bazan,5,medium
2025-03-10,2025-03-16,Dak Nong,Dak R'lap,Robusta / ca phe nhan xo noi dia,132160,,0,province_proxy,25.1,75.857,5.4,0.38,Dat do bazan,4,low
2025-03-10,2025-03-16,Dak Nong,Gia Nghia,Robusta / ca phe nhan xo noi dia,132160,132160.0,5,observed,24.829,75.286,1.7,0.315,Dat do bazan,4,low
2025-03-10,2025-03-16,Gia Lai,Chu Prong,Robusta / ca phe nhan xo noi dia,131680,131680.0,5,observed,26.843,63.571,4.2,0.206,Dat do bazan,4,low
2025-03-10,2025-03-16,Gia Lai,Ia Grai,Robusta / ca phe nhan xo noi dia,131640,,0,province_proxy,27.914,61.714,4.8,0.189,Dat do bazan,4,low
2025-03-10,2025-03-16,Gia Lai,Pleiku,Robusta / ca phe nhan xo noi dia,131600,131600.0,6,observed,24.286,71.0,4.0,0.195,Dat do bazan,4,low
2025-03-10,2025-03-16,Kon Tum,Kon Tum,Robusta / ca phe nhan xo noi dia,133417,,0,interpolated_area,26.243,63.857,4.2,0.203,Dat do vang / dat bazan cuc bo,3,low
2025-03-10,2025-03-16,Lam Dong,Bao Loc,Robusta / ca phe nhan xo noi dia,130767,130766.66666666667,6,observed,22.986,77.286,13.5,0.381,Dat do vang tren bazan,4,low
2025-03-10,2025-03-16,Lam Dong,Di Linh,Robusta / ca phe nhan xo noi dia,130920,130920.0,5,observed,22.729,75.286,4.3,0.405,Dat do vang tren bazan,4,medium
2025-03-10,2025-03-16,Lam Dong,Lam Ha,Robusta / ca phe nhan xo noi dia,130767,130766.66666666667,6,observed,23.043,73.0,3.7,0.39,Dat do vang tren bazan,4,low
2025-03-17,2025-03-23,Dak Lak,Buon Ho,Robusta / ca phe nhan xo noi dia,135100,135100.0,1,observed,20.329,79.143,0.8,0.269,Dat do bazan,5,medium
2025-03-17,2025-03-23,Dak Lak,Cu M'gar,Robusta / ca phe nhan xo noi dia,135100,,0,province_proxy,22.971,68.714,0.2,0.236,Dat do bazan,5,high
2025-03-17,2025-03-23,Dak Lak,Ea H'leo,Robusta / ca phe nhan xo noi dia,135100,135100.0,1,observed,21.214,73.286,0.8,0.221,Dat do bazan,5,medium
2025-03-17,2025-03-23,Dak Nong,Dak R'lap,Robusta / ca phe nhan xo noi dia,130370,,0,interpolated_area,23.386,67.143,1.3,0.284,Dat do bazan,4,low
2025-03-17,2025-03-23,Dak Nong,Gia Nghia,Robusta / ca phe nhan xo noi dia,130370,,0,interpolated_area,22.643,69.571,2.0,0.246,Dat do bazan,4,low
2025-03-17,2025-03-23,Gia Lai,Chu Prong,Robusta / ca phe nhan xo noi dia,135000,,0,province_proxy,24.057,59.143,0.6,0.211,Dat do bazan,4,low
2025-03-17,2025-03-23,Gia Lai,Ia Grai,Robusta / ca phe nhan xo noi dia,135000,135000.0,1,observed,25.3,56.429,0.9,0.204,Dat do bazan,4,low
2025-03-17,2025-03-23,Gia Lai,Pleiku,Robusta / ca phe nhan xo noi dia,135000,135000.0,1,observed,21.257,66.571,1.3,0.206,Dat do bazan,4,low
2025-03-17,2025-03-23,Kon Tum,Kon Tum,Robusta / ca phe nhan xo noi dia,134900,134900.0,1,observed,22.457,62.429,0.0,0.225,Dat do vang / dat bazan cuc bo,3,low
2025-03-17,2025-03-23,Lam Dong,Bao Loc,Robusta / ca phe nhan xo noi dia,133900,133900.0,1,observed,21.643,76.0,5.8,0.302,Dat do vang tren bazan,4,low
2025-03-17,2025-03-23,Lam Dong,Di Linh,Robusta / ca phe nhan xo noi dia,133900,133900.0,1,observed,21.543,73.429,12.8,0.35,Dat do vang tren bazan,4,medium
2025-03-17,2025-03-23,Lam Dong,Lam Ha,Robusta / ca phe nhan xo noi dia,133900,133900.0,1,observed,21.757,71.571,7.8,0.323,Dat do vang tren bazan,4,low
2025-03-24,2025-03-30,Dak Lak,Buon Ho,Robusta / ca phe nhan xo noi dia,133100,133100.0,2,observed,23.5,75.0,2.2,0.255,Dat do bazan,5,medium
2025-03-24,2025-03-30,Dak Lak,Cu M'gar,Robusta / ca phe nhan xo noi dia,133100,,0,province_proxy,26.371,63.571,1.9,0.243,Dat do bazan,5,high
2025-03-24,2025-03-30,Dak Lak,Ea H'leo,Robusta / ca phe nhan xo noi dia,133100,133100.0,2,observed,24.814,67.571,3.7,0.214,Dat do bazan,5,medium
2025-03-24,2025-03-30,Dak Nong,Dak R'lap,Robusta / ca phe nhan xo noi dia,128580,,0,interpolated_area,24.7,70.857,6.7,0.285,Dat do bazan,4,low
2025-03-24,2025-03-30,Dak Nong,Gia Nghia,Robusta / ca phe nhan xo noi dia,128580,,0,interpolated_area,24.543,70.286,7.2,0.214,Dat do bazan,4,low
2025-03-24,2025-03-30,Gia Lai,Chu Prong,Robusta / ca phe nhan xo noi dia,133000,,0,province_proxy,26.957,60.0,1.6,0.205,Dat do bazan,4,low
2025-03-24,2025-03-30,Gia Lai,Ia Grai,Robusta / ca phe nhan xo noi dia,133000,133000.0,2,observed,28.0,58.571,1.5,0.211,Dat do bazan,4,low
2025-03-24,2025-03-30,Gia Lai,Pleiku,Robusta / ca phe nhan xo noi dia,133000,133000.0,2,observed,24.643,65.286,4.3,0.194,Dat do bazan,4,low
2025-03-24,2025-03-30,Kon Tum,Kon Tum,Robusta / ca phe nhan xo noi dia,133050,133050.0,2,observed,26.529,60.571,1.0,0.223,Dat do vang / dat bazan cuc bo,3,low
2025-03-24,2025-03-30,Lam Dong,Bao Loc,Robusta / ca phe nhan xo noi dia,132150,132150.0,2,observed,22.557,75.0,26.7,0.282,Dat do vang tren bazan,4,low
2025-03-24,2025-03-30,Lam Dong,Di Linh,Robusta / ca phe nhan xo noi dia,132150,132150.0,2,observed,22.4,72.143,14.3,0.304,Dat do vang tren bazan,4,medium
2025-03-24,2025-03-30,Lam Dong,Lam Ha,Robusta / ca phe nhan xo noi dia,132150,132150.0,2,observed,22.571,71.0,9.1,0.293,Dat do vang tren bazan,4,low
2025-03-31,2025-04-06,Dak Lak,Buon Ho,Robusta / ca phe nhan xo noi dia,132200,132200.0,1,observed,21.843,83.429,26.1,0.345,Dat do bazan,5,medium
2025-03-31,2025-04-06,Dak Lak,Cu M'gar,Robusta / ca phe nhan xo noi dia,132200,,0,province_proxy,24.386,73.571,59.8,0.332,Dat do bazan,5,high
2025-03-31,2025-04-06,Dak Lak,Ea H'leo,Robusta / ca phe nhan xo noi dia,132200,132200.0,1,observed,23.486,73.143,2.9,0.218,Dat do bazan,5,medium
2025-03-31,2025-04-06,Dak Nong,Dak R'lap,Robusta / ca phe nhan xo noi dia,126790,,0,interpolated_area,25.014,70.571,3.1,0.337,Dat do bazan,4,low
2025-03-31,2025-04-06,Dak Nong,Gia Nghia,Robusta / ca phe nhan xo noi dia,126790,,0,interpolated_area,24.743,70.286,0.1,0.233,Dat do bazan,4,low
2025-03-31,2025-04-06,Gia Lai,Chu Prong,Robusta / ca phe nhan xo noi dia,132100,,0,province_proxy,26.571,59.429,1.6,0.206,Dat do bazan,4,low
2025-03-31,2025-04-06,Gia Lai,Ia Grai,Robusta / ca phe nhan xo noi dia,132100,132100.0,1,observed,27.9,56.857,0.9,0.198,Dat do bazan,4,low
2025-03-31,2025-04-06,Gia Lai,Pleiku,Robusta / ca phe nhan xo noi dia,132100,132100.0,1,observed,24.171,65.0,0.7,0.18,Dat do bazan,4,low
2025-03-31,2025-04-06,Kon Tum,Kon Tum,Robusta / ca phe nhan xo noi dia,132100,132100.0,1,observed,25.5,61.714,2.1,0.209,Dat do vang / dat bazan cuc bo,3,low
2025-03-31,2025-04-06,Lam Dong,Bao Loc,Robusta / ca phe nhan xo noi dia,131200,131200.0,1,observed,22.571,79.714,26.7,0.379,Dat do vang tren bazan,4,low
2025-03-31,2025-04-06,Lam Dong,Di Linh,Robusta / ca phe nhan xo noi dia,131200,131200.0,1,observed,22.343,78.571,35.9,0.429,Dat do vang tren bazan,4,medium
2025-03-31,2025-04-06,Lam Dong,Lam Ha,Robusta / ca phe nhan xo noi dia,131200,131200.0,1,observed,22.714,76.0,21.9,0.423,Dat do vang tren bazan,4,low
2025-04-07,2025-04-13,Dak Lak,Buon Ho,Robusta / ca phe nhan xo noi dia,124900,124900.0,1,observed,24.386,79.0,4.2,0.283,Dat do bazan,5,medium
2025-04-07,2025-04-13,Dak Lak,Cu M'gar,Robusta / ca phe nhan xo noi dia,125000,125000.0,1,observed,26.571,72.143,5.9,0.268,Dat do bazan,5,high
2025-04-07,2025-04-13,Dak Lak,Ea H'leo,Robusta / ca phe nhan xo noi dia,124900,124900.0,1,observed,25.943,71.143,2.2,0.206,Dat do bazan,5,medium
2025-04-07,2025-04-13,Dak Nong,Dak R'lap,Robusta / ca phe nhan xo noi dia,125000,,0,province_proxy,25.7,75.571,14.1,0.286,Dat do bazan,4,low
2025-04-07,2025-04-13,Dak Nong,Gia Nghia,Robusta / ca phe nhan xo noi dia,125000,125000.0,1,observed,25.514,74.571,10.9,0.223,Dat do bazan,4,low
2025-04-07,2025-04-13,Gia Lai,Chu Prong,Robusta / ca phe nhan xo noi dia,125000,125000.0,1,observed,27.314,66.571,8.1,0.233,Dat do bazan,4,low
2025-04-07,2025-04-13,Gia Lai,Ia Grai,Robusta / ca phe nhan xo noi dia,124950,,0,province_proxy,27.943,68.571,16.2,0.228,Dat do bazan,4,low
2025-04-07,2025-04-13,Gia Lai,Pleiku,Robusta / ca phe nhan xo noi dia,124900,124900.0,1,observed,25.2,70.143,4.0,0.192,Dat do bazan,4,low
2025-04-07,2025-04-13,Kon Tum,Kon Tum,Robusta / ca phe nhan xo noi dia,132800,,0,interpolated_area,27.071,65.286,11.2,0.194,Dat do vang / dat bazan cuc bo,3,low
2025-04-07,2025-04-13,Lam Dong,Bao Loc,Robusta / ca phe nhan xo noi dia,123700,123700.0,1,observed,23.286,78.571,16.2,0.314,Dat do vang tren bazan,4,low
2025-04-07,2025-04-13,Lam Dong,Di Linh,Robusta / ca phe nhan xo noi dia,123700,123700.0,1,observed,22.8,77.714,21.3,0.402,Dat do vang tren bazan,4,medium
2025-04-07,2025-04-13,Lam Dong,Lam Ha,Robusta / ca phe nhan xo noi dia,123700,123700.0,1,observed,23.343,75.143,7.2,0.313,Dat do vang tren bazan,4,low
2025-04-14,2025-04-20,Dak Lak,Buon Ho,Robusta / ca phe nhan xo noi dia,128433,128433.33333333333,3,observed,25.243,73.429,3.6,0.25,Dat do bazan,5,medium
2025-04-14,2025-04-20,Dak Lak,Cu M'gar,Robusta / ca phe nhan xo noi dia,126000,126000.0,2,observed,27.314,68.143,2.3,0.25,Dat do bazan,5,high
2025-04-14,2025-04-20,Dak Lak,Ea H'leo,Robusta / ca phe nhan xo noi dia,128433,128433.33333333333,3,observed,26.786,67.286,2.3,0.213,Dat do bazan,5,medium
2025-04-14,2025-04-20,Dak Nong,Dak R'lap,Robusta / ca phe nhan xo noi dia,126100,,0,province_proxy,25.314,81.571,38.8,0.405,Dat do bazan,4,low
2025-04-14,2025-04-20,Dak Nong,Gia Nghia,Robusta / ca phe nhan xo noi dia,126100,126100.0,2,observed,25.371,79.0,20.1,0.328,Dat do bazan,4,low
2025-04-14,2025-04-20,Gia Lai,Chu Prong,Robusta / ca phe nhan xo noi dia,126000,126000.0,2,observed,27.5,67.143,13.9,0.247,Dat do bazan,4,low
2025-04-14,2025-04-20,Gia Lai,Ia Grai,Robusta / ca phe nhan xo noi dia,133500,133500.0,1,observed,27.771,72.0,32.3,0.258,Dat do bazan,4,low
2025-04-14,2025-04-20,Gia Lai,Pleiku,Robusta / ca phe nhan xo noi dia,128433,128433.33333333333,3,observed,25.186,72.857,18.3,0.249,Dat do bazan,4,low
2025-04-14,2025-04-20,Kon Tum,Kon Tum,Robusta / ca phe nhan xo noi dia,133500,133500.0,1,observed,26.886,69.286,14.3,0.269,Dat do vang / dat bazan cuc bo,3,low
2025-04-14,2025-04-20,Lam Dong,Bao Loc,Robusta / ca phe nhan xo noi dia,127533,127533.33333333333,3,observed,23.443,82.143,27.5,0.401,Dat do vang tren bazan,4,low
2025-04-14,2025-04-20,Lam Dong,Di Linh,Robusta / ca phe nhan xo noi dia,127533,127533.33333333333,3,observed,23.029,81.429,18.2,0.422,Dat do vang tren bazan,4,medium
2025-04-14,2025-04-20,Lam Dong,Lam Ha,Robusta / ca phe nhan xo noi dia,127533,127533.33333333333,3,observed,23.771,77.429,9.6,0.357,Dat do vang tren bazan,4,low
2025-04-21,2025-04-27,Dak Lak,Buon Ho,Robusta / ca phe nhan xo noi dia,129300,129300.0,2,observed,25.657,72.286,8.3,0.275,Dat do bazan,5,medium
2025-04-21,2025-04-27,Dak Lak,Cu M'gar,Robusta / ca phe nhan xo noi dia,129300,,0,province_proxy,27.643,67.571,3.2,0.252,Dat do bazan,5,high
2025-04-21,2025-04-27,Dak Lak,Ea H'leo,Robusta / ca phe nhan xo noi dia,129300,129300.0,2,observed,26.343,71.0,15.1,0.3,Dat do bazan,5,medium
2025-04-21,2025-04-27,Dak Nong,Dak R'lap,Robusta / ca phe nhan xo noi dia,126800,,0,interpolated_area,24.957,80.0,50.0,0.391,Dat do bazan,4,low
2025-04-21,2025-04-27,Dak Nong,Gia Nghia,Robusta / ca phe nhan xo noi dia,126800,,0,interpolated_area,24.9,78.857,29.5,0.357,Dat do bazan,4,low
2025-04-21,2025-04-27,Gia Lai,Chu Prong,Robusta / ca phe nhan xo noi dia,129200,,0,province_proxy,27.914,64.143,11.6,0.253,Dat do bazan,4,low
2025-04-21,2025-04-27,Gia Lai,Ia Grai,Robusta / ca phe nhan xo noi dia,129200,129200.0,2,observed,28.314,67.143,11.0,0.246,Dat do bazan,4,low
2025-04-21,2025-04-27,Gia Lai,Pleiku,Robusta / ca phe nhan xo noi dia,129200,129200.0,2,observed,25.629,68.143,21.7,0.237,Dat do bazan,4,low
2025-04-21,2025-04-27,Kon Tum,Kon Tum,Robusta / ca phe nhan xo noi dia,129250,129250.0,2,observed,26.814,67.857,17.2,0.32,Dat do vang / dat bazan cuc bo,3,low
2025-04-21,2025-04-27,Lam Dong,Bao Loc,Robusta / ca phe nhan xo noi dia,128700,128700.0,2,observed,22.786,82.571,27.2,0.353,Dat do vang tren bazan,4,low
2025-04-21,2025-04-27,Lam Dong,Di Linh,Robusta / ca phe nhan xo noi dia,128700,128700.0,2,observed,22.557,80.857,24.4,0.419,Dat do vang tren bazan,4,medium
2025-04-21,2025-04-27,Lam Dong,Lam Ha,Robusta / ca phe nhan xo noi dia,128700,128700.0,2,observed,23.114,77.143,19.9,0.331,Dat do vang tren bazan,4,low
2025-04-28,2025-05-04,Dak Lak,Buon Ho,Robusta / ca phe nhan xo noi dia,130600,130600.0,1,observed,24.914,75.286,10.7,0.267,Dat do bazan,5,medium
2025-04-28,2025-05-04,Dak Lak,Cu M'gar,Robusta / ca phe nhan xo noi dia,130600,,0,province_proxy,26.843,69.714,27.9,0.275,Dat do bazan,5,high
2025-04-28,2025-05-04,Dak Lak,Ea H'leo,Robusta / ca phe nhan xo noi dia,130600,130600.0,1,observed,25.814,71.143,9.9,0.241,Dat do bazan,5,medium
2025-04-28,2025-05-04,Dak Nong,Dak R'lap,Robusta / ca phe nhan xo noi dia,127500,,0,interpolated_area,25.3,76.714,66.3,0.367,Dat do bazan,4,low
2025-04-28,2025-05-04,Dak Nong,Gia Nghia,Robusta / ca phe nhan xo noi dia,127500,,0,interpolated_area,25.329,74.143,29.9,0.339,Dat do bazan,4,low
2025-04-28,2025-05-04,Gia Lai,Chu Prong,Robusta / ca phe nhan xo noi dia,130400,,0,province_proxy,27.557,62.143,11.5,0.227,Dat do bazan,4,low
2025-04-28,2025-05-04,Gia Lai,Ia Grai,Robusta / ca phe nhan xo noi dia,130400,130400.0,1,observed,28.371,63.143,28.3,0.24,Dat do bazan,4,low
2025-04-28,2025-05-04,Gia Lai,Pleiku,Robusta / ca phe nhan xo noi dia,130400,130400.0,1,observed,25.314,66.857,19.6,0.215,Dat do bazan,4,low
2025-04-28,2025-05-04,Kon Tum,Kon Tum,Robusta / ca phe nhan xo noi dia,130300,130300.0,1,observed,26.714,64.857,7.9,0.258,Dat do vang / dat bazan cuc bo,3,low
2025-04-28,2025-05-04,Lam Dong,Bao Loc,Robusta / ca phe nhan xo noi dia,130000,130000.0,1,observed,23.043,79.714,34.5,0.348,Dat do vang tren bazan,4,low
2025-04-28,2025-05-04,Lam Dong,Di Linh,Robusta / ca phe nhan xo noi dia,130000,130000.0,1,observed,22.857,77.429,34.1,0.401,Dat do vang tren bazan,4,medium
2025-04-28,2025-05-04,Lam Dong,Lam Ha,Robusta / ca phe nhan xo noi dia,130000,130000.0,1,observed,23.086,75.571,39.8,0.371,Dat do vang tren bazan,4,low
2025-05-05,2025-05-11,Dak Lak,Buon Ho,Robusta / ca phe nhan xo noi dia,129000,129000.0,2,observed,25.729,78.286,42.9,0.305,Dat do bazan,5,medium
2025-05-05,2025-05-11,Dak Lak,Cu M'gar,Robusta / ca phe nhan xo noi dia,128000,128000.0,1,observed,26.6,79.286,58.3,0.408,Dat do bazan,5,high
2025-05-05,2025-05-11,Dak Lak,Ea H'leo,Robusta / ca phe nhan xo noi dia,129000,129000.0,2,observed,26.257,77.714,73.5,0.334,Dat do bazan,5,medium
2025-05-05,2025-05-11,Dak Nong,Dak R'lap,Robusta / ca phe nhan xo noi dia,128200,,0,province_proxy,25.029,84.714,33.2,0.398,Dat do bazan,4,low
2025-05-05,2025-05-11,Dak Nong,Gia Nghia,Robusta / ca phe nhan xo noi dia,128200,128200.0,1,observed,24.729,85.0,31.3,0.411,Dat do bazan,4,low
2025-05-05,2025-05-11,Gia Lai,Chu Prong,Robusta / ca phe nhan xo noi dia,128000,128000.0,1,observed,26.614,79.286,31.6,0.344,Dat do bazan,4,low
2025-05-05,2025-05-11,Gia Lai,Ia Grai,Robusta / ca phe nhan xo noi dia,129600,129600.0,1,observed,27.1,82.286,46.7,0.369,Dat do bazan,4,low
2025-05-05,2025-05-11,Gia Lai,Pleiku,Robusta / ca phe nhan xo noi dia,128800,128800.0,2,observed,24.686,81.857,39.1,0.37,Dat do bazan,4,low
2025-05-05,2025-05-11,Kon Tum,Kon Tum,Robusta / ca phe nhan xo noi dia,128850,128850.0,2,observed,26.143,80.286,49.5,0.389,Dat do vang / dat bazan cuc bo,3,low
2025-05-05,2025-05-11,Lam Dong,Bao Loc,Robusta / ca phe nhan xo noi dia,128500,128500.0,2,observed,23.5,85.571,21.9,0.377,Dat do vang tren bazan,4,low
2025-05-05,2025-05-11,Lam Dong,Di Linh,Robusta / ca phe nhan xo noi dia,128500,128500.0,2,observed,22.986,86.143,33.1,0.428,Dat do vang tren bazan,4,medium
2025-05-05,2025-05-11,Lam Dong,Lam Ha,Robusta / ca phe nhan xo noi dia,128500,128500.0,2,observed,23.486,81.857,15.5,0.388,Dat do vang tren bazan,4,low
2025-05-12,2025-05-18,Dak Lak,Buon Ho,Robusta / ca phe nhan xo noi dia,126950,126950.0,2,observed,24.457,85.429,31.5,0.396,Dat do bazan,5,medium
2025-05-12,2025-05-18,Dak Lak,Cu M'gar,Robusta / ca phe nhan xo noi dia,126000,126000.0,1,observed,26.271,80.714,45.1,0.423,Dat do bazan,5,high
2025-05-12,2025-05-18,Dak Lak,Ea H'leo,Robusta / ca phe nhan xo noi dia,126633,126633.33333333333,3,observed,25.029,84.143,50.2,0.411,Dat do bazan,5,medium
2025-05-12,2025-05-18,Dak Nong,Dak R'lap,Robusta / ca phe nhan xo noi dia,126200,,0,province_proxy,24.686,86.714,44.6,0.47,Dat do bazan,4,low
2025-05-12,2025-05-18,Dak Nong,Gia Nghia,Robusta / ca phe nhan xo noi dia,126200,126200.0,1,observed,24.4,86.429,52.9,0.454,Dat do bazan,4,low
2025-05-12,2025-05-18,Gia Lai,Chu Prong,Robusta / ca phe nhan xo noi dia,126000,126000.0,1,observed,26.343,78.714,37.0,0.407,Dat do bazan,4,low
2025-05-12,2025-05-18,Gia Lai,Ia Grai,Robusta / ca phe nhan xo noi dia,128000,128000.0,1,observed,26.671,81.714,31.2,0.385,Dat do bazan,4,low
2025-05-12,2025-05-18,Gia Lai,Pleiku,Robusta / ca phe nhan xo noi dia,126533,126533.33333333333,3,observed,24.029,83.857,65.9,0.449,Dat do bazan,4,low
2025-05-12,2025-05-18,Kon Tum,Kon Tum,Robusta / ca phe nhan xo noi dia,126567,126566.66666666667,3,observed,25.4,81.714,44.4,0.402,Dat do vang / dat bazan cuc bo,3,low
2025-05-12,2025-05-18,Lam Dong,Bao Loc,Robusta / ca phe nhan xo noi dia,126750,126750.0,2,observed,23.257,85.714,20.6,0.4,Dat do vang tren bazan,4,low
2025-05-12,2025-05-18,Lam Dong,Di Linh,Robusta / ca phe nhan xo noi dia,126333,126333.33333333333,3,observed,22.786,85.857,22.1,0.466,Dat do vang tren bazan,4,medium
2025-05-12,2025-05-18,Lam Dong,Lam Ha,Robusta / ca phe nhan xo noi dia,126750,126750.0,2,observed,23.057,82.714,24.5,0.404,Dat do vang tren bazan,4,low
2025-05-19,2025-05-25,Dak Lak,Buon Ho,Robusta / ca phe nhan xo noi dia,124900,124900.0,1,observed,24.229,86.429,49.3,0.387,Dat do bazan,5,medium
2025-05-19,2025-05-25,Dak Lak,Cu M'gar,Robusta / ca phe nhan xo noi dia,124900,,0,province_proxy,25.571,84.571,68.8,0.415,Dat do bazan,5,high
2025-05-19,2025-05-25,Dak Lak,Ea H'leo,Robusta / ca phe nhan xo noi dia,124900,124900.0,1,observed,24.929,85.286,64.4,0.384,Dat do bazan,5,medium
2025-05-19,2025-05-25,Dak Nong,Dak R'lap,Robusta / ca phe nhan xo noi dia,122900,,0,interpolated_area,23.886,90.286,114.2,0.485,Dat do bazan,4,low
2025-05-19,2025-05-25,Dak Nong,Gia Nghia,Robusta / ca phe nhan xo noi dia,122900,,0,interpolated_area,23.814,89.286,122.0,0.485,Dat do bazan,4,low
2025-05-19,2025-05-25,Gia Lai,Chu Prong,Robusta / ca phe nhan xo noi dia,125000,,0,province_proxy,25.9,82.571,75.3,0.395,Dat do bazan,4,low
2025-05-19,2025-05-25,Gia Lai,Ia Grai,Robusta / ca phe nhan xo noi dia,125000,125000.0,1,observed,26.471,84.286,86.9,0.392,Dat do bazan,4,low
2025-05-19,2025-05-25,Gia Lai,Pleiku,Robusta / ca phe nhan xo noi dia,125000,125000.0,1,observed,24.143,84.857,59.9,0.437,Dat do bazan,4,low
2025-05-19,2025-05-25,Kon Tum,Kon Tum,Robusta / ca phe nhan xo noi dia,125000,125000.0,1,observed,25.729,80.571,35.3,0.373,Dat do vang / dat bazan cuc bo,3,low
2025-05-19,2025-05-25,Lam Dong,Bao Loc,Robusta / ca phe nhan xo noi dia,124500,124500.0,1,observed,22.643,89.286,107.8,0.455,Dat do vang tren bazan,4,low
2025-05-19,2025-05-25,Lam Dong,Di Linh,Robusta / ca phe nhan xo noi dia,124500,124500.0,1,observed,22.229,89.571,88.3,0.479,Dat do vang tren bazan,4,medium
2025-05-19,2025-05-25,Lam Dong,Lam Ha,Robusta / ca phe nhan xo noi dia,124500,124500.0,1,observed,22.443,87.714,52.4,0.443,Dat do vang tren bazan,4,low
2025-05-26,2025-06-01,Dak Lak,Buon Ho,Robusta / ca phe nhan xo noi dia,119400,119400.0,1,observed,23.971,86.857,29.6,0.416,Dat do bazan,5,medium
2025-05-26,2025-06-01,Dak Lak,Cu M'gar,Robusta / ca phe nhan xo noi dia,119400,,0,province_proxy,25.486,84.143,36.8,0.397,Dat do bazan,5,high
2025-05-26,2025-06-01,Dak Lak,Ea H'leo,Robusta / ca phe nhan xo noi dia,119400,119400.0,1,observed,24.357,87.143,46.4,0.424,Dat do bazan,5,medium
2025-05-26,2025-06-01,Dak Nong,Dak R'lap,Robusta / ca phe nhan xo noi dia,119600,,0,interpolated_area,24.0,89.429,77.6,0.493,Dat do bazan,4,low
2025-05-26,2025-06-01,Dak Nong,Gia Nghia,Robusta / ca phe nhan xo noi dia,119600,,0,interpolated_area,23.871,88.429,50.1,0.483,Dat do bazan,4,low
2025-05-26,2025-06-01,Gia Lai,Chu Prong,Robusta / ca phe nhan xo noi dia,119300,,0,province_proxy,25.029,85.571,62.5,0.435,Dat do bazan,4,low
2025-05-26,2025-06-01,Gia Lai,Ia Grai,Robusta / ca phe nhan xo noi dia,119300,119300.0,1,observed,25.5,87.714,106.6,0.476,Dat do bazan,4,low
2025-05-26,2025-06-01,Gia Lai,Pleiku,Robusta / ca phe nhan xo noi dia,119300,119300.0,1,observed,23.214,87.571,66.3,0.442,Dat do bazan,4,low
2025-05-26,2025-06-01,Kon Tum,Kon Tum,Robusta / ca phe nhan xo noi dia,119300,119300.0,1,observed,25.271,81.0,54.2,0.408,Dat do vang / dat bazan cuc bo,3,low
2025-05-26,2025-06-01,Lam Dong,Bao Loc,Robusta / ca phe nhan xo noi dia,119200,119200.0,1,observed,22.786,89.0,65.3,0.483,Dat do vang tren bazan,4,low
2025-05-26,2025-06-01,Lam Dong,Di Linh,Robusta / ca phe nhan xo noi dia,119200,119200.0,1,observed,22.371,89.0,51.9,0.49,Dat do vang tren bazan,4,medium
2025-05-26,2025-06-01,Lam Dong,Lam Ha,Robusta / ca phe nhan xo noi dia,119200,119200.0,1,observed,22.843,85.571,65.8,0.465,Dat do vang tren bazan,4,low
2025-06-02,2025-06-08,Dak Lak,Buon Ho,Robusta / ca phe nhan xo noi dia,116650,116650.0,2,observed,24.1,87.143,40.9,0.404,Dat do bazan,5,medium
2025-06-02,2025-06-08,Dak Lak,Cu M'gar,Robusta / ca phe nhan xo noi dia,116650,,0,province_proxy,25.329,85.714,53.2,0.433,Dat do bazan,5,high
2025-06-02,2025-06-08,Dak Lak,Ea H'leo,Robusta / ca phe nhan xo noi dia,116650,116650.0,2,observed,24.243,89.0,62.1,0.441,Dat do bazan,5,medium
2025-06-02,2025-06-08,Dak Nong,Dak R'lap,Robusta / ca phe nhan xo noi dia,116300,,0,interpolated_area,23.671,91.286,64.0,0.485,Dat do bazan,4,low
2025-06-02,2025-06-08,Dak Nong,Gia Nghia,Robusta / ca phe nhan xo noi dia,116300,,0,interpolated_area,23.543,90.571,37.7,0.467,Dat do bazan,4,low
2025-06-02,2025-06-08,Gia Lai,Chu Prong,Robusta / ca phe nhan xo noi dia,116500,,0,province_proxy,24.686,89.571,95.2,0.483,Dat do bazan,4,low
2025-06-02,2025-06-08,Gia Lai,Ia Grai,Robusta / ca phe nhan xo noi dia,116500,116500.0,2,observed,25.271,90.714,91.2,0.485,Dat do bazan,4,low
2025-06-02,2025-06-08,Gia Lai,Pleiku,Robusta / ca phe nhan xo noi dia,116500,116500.0,2,observed,23.157,90.714,53.4,0.466,Dat do bazan,4,low
2025-06-02,2025-06-08,Kon Tum,Kon Tum,Robusta / ca phe nhan xo noi dia,116600,116600.0,2,observed,24.914,85.0,67.4,0.448,Dat do vang / dat bazan cuc bo,3,low
2025-06-02,2025-06-08,Lam Dong,Bao Loc,Robusta / ca phe nhan xo noi dia,116250,116250.0,2,observed,22.586,90.571,39.7,0.461,Dat do vang tren bazan,4,low
2025-06-02,2025-06-08,Lam Dong,Di Linh,Robusta / ca phe nhan xo noi dia,116250,116250.0,2,observed,21.957,91.857,47.6,0.485,Dat do vang tren bazan,4,medium
2025-06-02,2025-06-08,Lam Dong,Lam Ha,Robusta / ca phe nhan xo noi dia,116250,116250.0,2,observed,22.829,86.143,39.9,0.44,Dat do vang tren bazan,4,low
2025-06-09,2025-06-15,Dak Lak,Buon Ho,Robusta / ca phe nhan xo noi dia,112900,112900.0,2,observed,23.229,89.571,65.0,0.464,Dat do bazan,5,medium
2025-06-09,2025-06-15,Dak Lak,Cu M'gar,Robusta / ca phe nhan xo noi dia,113000,113000.0,2,observed,24.543,88.0,78.4,0.471,Dat do bazan,5,high
2025-06-09,2025-06-15,Dak Lak,Ea H'leo,Robusta / ca phe nhan xo noi dia,113200,113200.0,4,observed,23.571,90.714,88.9,0.462,Dat do bazan,5,medium
2025-06-09,2025-06-15,Dak Nong,Dak R'lap,Robusta / ca phe nhan xo noi dia,113000,,0,province_proxy,23.129,93.714,69.4,0.5,Dat do bazan,4,low
2025-06-09,2025-06-15,Dak Nong,Gia Nghia,Robusta / ca phe nhan xo noi dia,113000,113000.0,2,observed,23.057,92.571,63.4,0.494,Dat do bazan,4,low
2025-06-09,2025-06-15,Gia Lai,Chu Prong,Robusta / ca phe nhan xo noi dia,112850,112850.0,2,observed,23.871,92.857,140.5,0.499,Dat do bazan,4,low
2025-06-09,2025-06-15,Gia Lai,Ia Grai,Robusta / ca phe nhan xo noi dia,112938,,0,province_proxy,24.5,93.714,179.6,0.501,Dat do bazan,4,low
2025-06-09,2025-06-15,Gia Lai,Pleiku,Robusta / ca phe nhan xo noi dia,113025,113025.0,4,observed,22.286,94.0,156.4,0.5,Dat do bazan,4,low
2025-06-09,2025-06-15,Kon Tum,Kon Tum,Robusta / ca phe nhan xo noi dia,113075,113075.0,4,observed,24.029,89.143,149.3,0.494,Dat do vang / dat bazan cuc bo,3,low
2025-06-09,2025-06-15,Lam Dong,Bao Loc,Robusta / ca phe nhan xo noi dia,112500,112500.0,2,observed,22.086,92.429,57.5,0.489,Dat do vang tren bazan,4,low
2025-06-09,2025-06-15,Lam Dong,Di Linh,Robusta / ca phe nhan xo noi dia,112750,112750.0,4,observed,21.357,93.857,79.7,0.501,Dat do vang tren bazan,4,medium
2025-06-09,2025-06-15,Lam Dong,Lam Ha,Robusta / ca phe nhan xo noi dia,112500,112500.0,2,observed,22.343,87.286,23.9,0.471,Dat do vang tren bazan,4,low
2025-06-16,2025-06-22,Dak Lak,Buon Ho,Robusta / ca phe nhan xo noi dia,104450,,0,interpolated_area,23.971,87.286,53.7,0.453,Dat do bazan,5,medium
2025-06-16,2025-06-22,Dak Lak,Cu M'gar,Robusta / ca phe nhan xo noi dia,104500,,0,interpolated_area,25.257,85.857,57.7,0.439,Dat do bazan,5,high
2025-06-16,2025-06-22,Dak Lak,Ea H'leo,Robusta / ca phe nhan xo noi dia,104600,,0,interpolated_area,24.386,87.571,86.1,0.45,Dat do bazan,5,medium
2025-06-16,2025-06-22,Dak Nong,Dak R'lap,Robusta / ca phe nhan xo noi dia,107375,,0,interpolated_area,23.829,90.0,78.9,0.492,Dat do bazan,4,low
2025-06-16,2025-06-22,Dak Nong,Gia Nghia,Robusta / ca phe nhan xo noi dia,107375,,0,interpolated_area,23.686,89.143,69.3,0.482,Dat do bazan,4,low
2025-06-16,2025-06-22,Gia Lai,Chu Prong,Robusta / ca phe nhan xo noi dia,104375,,0,interpolated_area,25.043,87.714,77.6,0.477,Dat do bazan,4,low
2025-06-16,2025-06-22,Gia Lai,Ia Grai,Robusta / ca phe nhan xo noi dia,104419,,0,interpolated_area,25.686,88.286,73.1,0.48,Dat do bazan,4,low
2025-06-16,2025-06-22,Gia Lai,Pleiku,Robusta / ca phe nhan xo noi dia,104462,,0,interpolated_area,23.543,87.714,60.3,0.481,Dat do bazan,4,low
2025-06-16,2025-06-22,Kon Tum,Kon Tum,Robusta / ca phe nhan xo noi dia,104488,,0,interpolated_area,24.971,85.0,51.4,0.459,Dat do vang / dat bazan cuc bo,3,low
2025-06-16,2025-06-22,Lam Dong,Bao Loc,Robusta / ca phe nhan xo noi dia,104000,,0,interpolated_area,22.557,89.857,52.2,0.48,Dat do vang tren bazan,4,low
2025-06-16,2025-06-22,Lam Dong,Di Linh,Robusta / ca phe nhan xo noi dia,104125,,0,interpolated_area,22.2,89.429,76.0,0.489,Dat do vang tren bazan,4,medium
2025-06-16,2025-06-22,Lam Dong,Lam Ha,Robusta / ca phe nhan xo noi dia,104000,,0,interpolated_area,22.5,87.0,54.3,0.429,Dat do vang tren bazan,4,low
2025-06-23,2025-06-29,Dak Lak,Buon Ho,Robusta / ca phe nhan xo noi dia,96000,96000.0,1,observed,23.343,87.286,30.9,0.409,Dat do bazan,5,medium
2025-06-23,2025-06-29,Dak Lak,Cu M'gar,Robusta / ca phe nhan xo noi dia,96000,,0,province_proxy,24.5,86.571,60.6,0.476,Dat do bazan,5,high
2025-06-23,2025-06-29,Dak Lak,Ea H'leo,Robusta / ca phe nhan xo noi dia,96000,96000.0,1,observed,23.571,89.0,37.2,0.451,Dat do bazan,5,medium
2025-06-23,2025-06-29,Dak Nong,Dak R'lap,Robusta / ca phe nhan xo noi dia,101750,,0,interpolated_area,23.129,91.143,61.5,0.491,Dat do bazan,4,low
2025-06-23,2025-06-29,Dak Nong,Gia Nghia,Robusta / ca phe nhan xo noi dia,101750,,0,interpolated_area,23.071,89.714,53.7,0.478,Dat do bazan,4,low
2025-06-23,2025-06-29,Gia Lai,Chu Prong,Robusta / ca phe nhan xo noi dia,95900,,0,province_proxy,23.814,91.429,83.4,0.495,Dat do bazan,4,low
2025-06-23,2025-06-29,Gia Lai,Ia Grai,Robusta / ca phe nhan xo noi dia,95900,95900.0,1,observed,24.4,92.857,123.7,0.499,Dat do bazan,4,low
2025-06-23,2025-06-29,Gia Lai,Pleiku,Robusta / ca phe nhan xo noi dia,95900,95900.0,1,observed,22.371,92.143,57.8,0.489,Dat do bazan,4,low
2025-06-23,2025-06-29,Kon Tum,Kon Tum,Robusta / ca phe nhan xo noi dia,95900,95900.0,1,observed,24.129,86.571,80.2,0.479,Dat do vang / dat bazan cuc bo,3,low
2025-06-23,2025-06-29,Lam Dong,Bao Loc,Robusta / ca phe nhan xo noi dia,95500,95500.0,1,observed,22.057,90.286,33.3,0.48,Dat do vang tren bazan,4,low
2025-06-23,2025-06-29,Lam Dong,Di Linh,Robusta / ca phe nhan xo noi dia,95500,95500.0,1,observed,21.486,91.0,33.1,0.48,Dat do vang tren bazan,4,medium
2025-06-23,2025-06-29,Lam Dong,Lam Ha,Robusta / ca phe nhan xo noi dia,95500,95500.0,1,observed,22.443,85.143,31.2,0.423,Dat do vang tren bazan,4,low
2025-06-30,2025-07-06,Dak Lak,Buon Ho,Robusta / ca phe nhan xo noi dia,94900,94900.0,2,observed,23.186,88.714,19.6,0.421,Dat do bazan,5,medium
2025-06-30,2025-07-06,Dak Lak,Cu M'gar,Robusta / ca phe nhan xo noi dia,94900,,0,province_proxy,24.343,88.286,55.7,0.481,Dat do bazan,5,high
2025-06-30,2025-07-06,Dak Lak,Ea H'leo,Robusta / ca phe nhan xo noi dia,94900,94900.0,2,observed,23.429,90.143,46.7,0.462,Dat do bazan,5,medium
2025-06-30,2025-07-06,Dak Nong,Dak R'lap,Robusta / ca phe nhan xo noi dia,96125,,0,interpolated_area,23.414,89.429,88.5,0.492,Dat do bazan,4,low
2025-06-30,2025-07-06,Dak Nong,Gia Nghia,Robusta / ca phe nhan xo noi dia,96125,,0,interpolated_area,23.343,88.571,72.4,0.484,Dat do bazan,4,low
2025-06-30,2025-07-06,Gia Lai,Chu Prong,Robusta / ca phe nhan xo noi dia,94250,,0,province_proxy,23.914,92.286,87.3,0.499,Dat do bazan,4,low
2025-06-30,2025-07-06,Gia Lai,Ia Grai,Robusta / ca phe nhan xo noi dia,94250,94250.0,2,observed,24.471,93.571,97.3,0.499,Dat do bazan,4,low
2025-06-30,2025-07-06,Gia Lai,Pleiku,Robusta / ca phe nhan xo noi dia,94250,94250.0,2,observed,22.4,92.286,71.6,0.492,Dat do bazan,4,low
2025-06-30,2025-07-06,Kon Tum,Kon Tum,Robusta / ca phe nhan xo noi dia,94200,94200.0,2,observed,24.171,87.714,123.8,0.494,Dat do vang / dat bazan cuc bo,3,low
2025-06-30,2025-07-06,Lam Dong,Bao Loc,Robusta / ca phe nhan xo noi dia,94600,94600.0,2,observed,22.329,89.143,35.4,0.476,Dat do vang tren bazan,4,low
2025-06-30,2025-07-06,Lam Dong,Di Linh,Robusta / ca phe nhan xo noi dia,94600,94600.0,2,observed,21.729,90.714,43.2,0.483,Dat do vang tren bazan,4,medium
2025-06-30,2025-07-06,Lam Dong,Lam Ha,Robusta / ca phe nhan xo noi dia,94600,94600.0,2,observed,22.7,84.0,47.5,0.399,Dat do vang tren bazan,4,low
2025-07-07,2025-07-13,Dak Lak,Buon Ho,Robusta / ca phe nhan xo noi dia,91120,91120.0,5,observed,23.929,86.429,34.6,0.377,Dat do bazan,5,medium
2025-07-07,2025-07-13,Dak Lak,Cu M'gar,Robusta / ca phe nhan xo noi dia,90450,90450.0,2,observed,25.2,85.571,38.0,0.459,Dat do bazan,5,high
2025-07-07,2025-07-13,Dak Lak,Ea H'leo,Robusta / ca phe nhan xo noi dia,91120,91120.0,5,observed,24.1,88.429,32.9,0.393,Dat do bazan,5,medium
2025-07-07,2025-07-13,Dak Nong,Dak R'lap,Robusta / ca phe nhan xo noi dia,90500,,0,province_proxy,23.329,92.429,84.5,0.499,Dat do bazan,4,low
2025-07-07,2025-07-13,Dak Nong,Gia Nghia,Robusta / ca phe nhan xo noi dia,90500,90500.0,2,observed,23.357,91.143,55.3,0.49,Dat do bazan,4,low
2025-07-07,2025-07-13,Gia Lai,Chu Prong,Robusta / ca phe nhan xo noi dia,90350,90350.0,2,observed,24.371,91.143,80.6,0.499,Dat do bazan,4,low
2025-07-07,2025-07-13,Gia Lai,Ia Grai,Robusta / ca phe nhan xo noi dia,91567,91566.66666666667,3,observed,24.857,92.429,90.4,0.5,Dat do bazan,4,low
2025-07-07,2025-07-13,Gia Lai,Pleiku,Robusta / ca phe nhan xo noi dia,91040,91040.0,5,observed,22.757,92.143,45.8,0.495,Dat do bazan,4,low
2025-07-07,2025-07-13,Kon Tum,Kon Tum,Robusta / ca phe nhan xo noi dia,91040,91040.0,5,observed,24.771,85.429,44.6,0.477,Dat do vang / dat bazan cuc bo,3,low
2025-07-07,2025-07-13,Lam Dong,Bao Loc,Robusta / ca phe nhan xo noi dia,90680,90680.0,5,observed,22.4,91.429,40.1,0.472,Dat do vang tren bazan,4,low
2025-07-07,2025-07-13,Lam Dong,Di Linh,Robusta / ca phe nhan xo noi dia,90680,90680.0,5,observed,21.814,92.0,44.1,0.484,Dat do vang tren bazan,4,medium
2025-07-07,2025-07-13,Lam Dong,Lam Ha,Robusta / ca phe nhan xo noi dia,90680,90680.0,5,observed,23.0,84.429,31.4,0.394,Dat do vang tren bazan,4,low
2025-07-14,2025-07-20,Dak Lak,Buon Ho,Robusta / ca phe nhan xo noi dia,90867,90866.66666666667,3,observed,23.4,88.571,27.1,0.377,Dat do bazan,5,medium
2025-07-14,2025-07-20,Dak Lak,Cu M'gar,Robusta / ca phe nhan xo noi dia,91300,91300.0,2,observed,24.457,88.286,74.0,0.476,Dat do bazan,5,high
2025-07-14,2025-07-20,Dak Lak,Ea H'leo,Robusta / ca phe nhan xo noi dia,90867,90866.66666666667,3,observed,23.714,90.143,27.5,0.375,Dat do bazan,5,medium
2025-07-14,2025-07-20,Dak Nong,Dak R'lap,Robusta / ca phe nhan xo noi dia,91400,,0,province_proxy,23.014,93.714,83.6,0.499,Dat do bazan,4,low
2025-07-14,2025-07-20,Dak Nong,Gia Nghia,Robusta / ca phe nhan xo noi dia,91400,91400.0,2,observed,22.886,92.429,61.4,0.5,Dat do bazan,4,low
2025-07-14,2025-07-20,Gia Lai,Chu Prong,Robusta / ca phe nhan xo noi dia,91200,91200.0,2,observed,23.871,93.286,93.3,0.5,Dat do bazan,4,low
2025-07-14,2025-07-20,Gia Lai,Ia Grai,Robusta / ca phe nhan xo noi dia,92250,92250.0,2,observed,24.529,94.0,151.5,0.503,Dat do bazan,4,low
2025-07-14,2025-07-20,Gia Lai,Pleiku,Robusta / ca phe nhan xo noi dia,91675,91675.0,4,observed,22.414,93.571,80.3,0.496,Dat do bazan,4,low
2025-07-14,2025-07-20,Kon Tum,Kon Tum,Robusta / ca phe nhan xo noi dia,90767,90766.66666666667,3,observed,24.529,86.857,66.7,0.494,Dat do vang / dat bazan cuc bo,3,low
2025-07-14,2025-07-20,Lam Dong,Bao Loc,Robusta / ca phe nhan xo noi dia,91900,91900.0,3,observed,22.029,92.714,41.2,0.486,Dat do vang tren bazan,4,low
2025-07-14,2025-07-20,Lam Dong,Di Linh,Robusta / ca phe nhan xo noi dia,91900,91900.0,3,observed,21.343,93.857,46.4,0.491,Dat do vang tren bazan,4,medium
2025-07-14,2025-07-20,Lam Dong,Lam Ha,Robusta / ca phe nhan xo noi dia,91900,91900.0,3,observed,22.457,86.857,34.4,0.446,Dat do vang tren bazan,4,low
2025-07-21,2025-07-27,Dak Lak,Buon Ho,Robusta / ca phe nhan xo noi dia,93200,93200.0,1,observed,23.286,88.571,47.9,0.421,Dat do bazan,5,medium
2025-07-21,2025-07-27,Dak Lak,Cu M'gar,Robusta / ca phe nhan xo noi dia,93200,,0,province_proxy,24.829,86.143,42.5,0.49,Dat do bazan,5,high
2025-07-21,2025-07-27,Dak Lak,Ea H'leo,Robusta / ca phe nhan xo noi dia,93200,93200.0,1,observed,23.243,91.714,66.8,0.449,Dat do bazan,5,medium
2025-07-21,2025-07-27,Dak Nong,Dak R'lap,Robusta / ca phe nhan xo noi dia,95200,,0,interpolated_area,23.286,92.143,91.8,0.498,Dat do bazan,4,low
2025-07-21,2025-07-27,Dak Nong,Gia Nghia,Robusta / ca phe nhan xo noi dia,95200,,0,interpolated_area,23.086,91.714,77.3,0.499,Dat do bazan,4,low
2025-07-21,2025-07-27,Gia Lai,Chu Prong,Robusta / ca phe nhan xo noi dia,93200,,0,province_proxy,23.4,95.286,175.2,0.505,Dat do bazan,4,low
2025-07-21,2025-07-27,Gia Lai,Ia Grai,Robusta / ca phe nhan xo noi dia,93200,93200.0,1,observed,23.943,96.143,183.8,0.505,Dat do bazan,4,low
2025-07-21,2025-07-27,Gia Lai,Pleiku,Robusta / ca phe nhan xo noi dia,93200,93200.0,1,observed,21.7,96.286,150.4,0.509,Dat do bazan,4,low
2025-07-21,2025-07-27,Kon Tum,Kon Tum,Robusta / ca phe nhan xo noi dia,93100,93100.0,1,observed,23.614,90.143,93.6,0.505,Dat do vang / dat bazan cuc bo,3,low
2025-07-21,2025-07-27,Lam Dong,Bao Loc,Robusta / ca phe nhan xo noi dia,92600,92600.0,1,observed,22.029,92.714,75.3,0.498,Dat do vang tren bazan,4,low
2025-07-21,2025-07-27,Lam Dong,Di Linh,Robusta / ca phe nhan xo noi dia,92600,92600.0,1,observed,21.371,94.0,79.2,0.504,Dat do vang tren bazan,4,medium
2025-07-21,2025-07-27,Lam Dong,Lam Ha,Robusta / ca phe nhan xo noi dia,92600,92600.0,1,observed,22.529,86.286,36.3,0.445,Dat do vang tren bazan,4,low
2025-07-28,2025-08-03,Dak Lak,Buon Ho,Robusta / ca phe nhan xo noi dia,98900,98900.0,1,observed,24.729,83.857,24.7,0.388,Dat do bazan,5,medium
2025-07-28,2025-08-03,Dak Lak,Cu M'gar,Robusta / ca phe nhan xo noi dia,99000,99000.0,1,observed,26.314,80.286,21.0,0.438,Dat do bazan,5,high
2025-07-28,2025-08-03,Dak Lak,Ea H'leo,Robusta / ca phe nhan xo noi dia,98900,98900.0,1,observed,24.757,86.571,31.8,0.419,Dat do bazan,5,medium
2025-07-28,2025-08-03,Dak Nong,Dak R'lap,Robusta / ca phe nhan xo noi dia,99000,,0,province_proxy,23.843,91.857,55.0,0.496,Dat do bazan,4,low
2025-07-28,2025-08-03,Dak Nong,Gia Nghia,Robusta / ca phe nhan xo noi dia,99000,99000.0,1,observed,23.786,90.143,36.6,0.484,Dat do bazan,4,low
2025-07-28,2025-08-03,Gia Lai,Chu Prong,Robusta / ca phe nhan xo noi dia,98900,98900.0,1,observed,24.571,92.286,90.5,0.504,Dat do bazan,4,low
2025-07-28,2025-08-03,Gia Lai,Ia Grai,Robusta / ca phe nhan xo noi dia,98850,,0,province_proxy,25.014,93.857,144.1,0.504,Dat do bazan,4,low
2025-07-28,2025-08-03,Gia Lai,Pleiku,Robusta / ca phe nhan xo noi dia,98800,98800.0,1,observed,22.814,94.286,94.6,0.505,Dat do bazan,4,low
2025-07-28,2025-08-03,Kon Tum,Kon Tum,Robusta / ca phe nhan xo noi dia,98700,98700.0,1,observed,24.857,86.143,45.5,0.49,Dat do vang / dat bazan cuc bo,3,low
2025-07-28,2025-08-03,Lam Dong,Bao Loc,Robusta / ca phe nhan xo noi dia,98800,98800.0,1,observed,22.957,90.571,38.5,0.485,Dat do vang tren bazan,4,low
2025-07-28,2025-08-03,Lam Dong,Di Linh,Robusta / ca phe nhan xo noi dia,98800,98800.0,1,observed,22.343,91.286,29.1,0.487,Dat do vang tren bazan,4,medium
2025-07-28,2025-08-03,Lam Dong,Lam Ha,Robusta / ca phe nhan xo noi dia,98800,98800.0,1,observed,23.714,82.857,13.2,0.391,Dat do vang tren bazan,4,low
2025-08-04,2025-08-10,Dak Lak,Buon Ho,Robusta / ca phe nhan xo noi dia,105650,,0,interpolated_area,24.8,82.143,47.5,0.295,Dat do bazan,5,medium
2025-08-04,2025-08-10,Dak Lak,Cu M'gar,Robusta / ca phe nhan xo noi dia,105250,,0,interpolated_area,25.829,82.0,32.8,0.351,Dat do bazan,5,high
2025-08-04,2025-08-10,Dak Lak,Ea H'leo,Robusta / ca phe nhan xo noi dia,105650,,0,interpolated_area,25.014,83.0,29.9,0.317,Dat do bazan,5,medium
2025-08-04,2025-08-10,Dak Nong,Dak R'lap,Robusta / ca phe nhan xo noi dia,105300,,0,interpolated_area,24.129,87.286,44.4,0.466,Dat do bazan,4,low
2025-08-04,2025-08-10,Dak Nong,Gia Nghia,Robusta / ca phe nhan xo noi dia,105300,,0,interpolated_area,23.943,87.0,31.8,0.413,Dat do bazan,4,low
2025-08-04,2025-08-10,Gia Lai,Chu Prong,Robusta / ca phe nhan xo noi dia,105050,,0,interpolated_area,25.271,86.714,45.8,0.469,Dat do bazan,4,low
2025-08-04,2025-08-10,Gia Lai,Ia Grai,Robusta / ca phe nhan xo noi dia,106025,,0,interpolated_area,25.771,88.429,63.6,0.479,Dat do bazan,4,low
2025-08-04,2025-08-10,Gia Lai,Pleiku,Robusta / ca phe nhan xo noi dia,105475,,0,interpolated_area,23.586,87.857,35.5,0.448,Dat do bazan,4,low
2025-08-04,2025-08-10,Kon Tum,Kon Tum,Robusta / ca phe nhan xo noi dia,105425,,0,interpolated_area,24.943,84.286,35.3,0.439,Dat do vang / dat bazan cuc bo,3,low
2025-08-04,2025-08-10,Lam Dong,Bao Loc,Robusta / ca phe nhan xo noi dia,105400,,0,interpolated_area,22.857,88.286,39.6,0.428,Dat do vang tren bazan,4,low
2025-08-04,2025-08-10,Lam Dong,Di Linh,Robusta / ca phe nhan xo noi dia,105400,,0,interpolated_area,22.386,88.286,36.7,0.467,Dat do vang tren bazan,4,medium
2025-08-04,2025-08-10,Lam Dong,Lam Ha,Robusta / ca phe nhan xo noi dia,105400,,0,interpolated_area,23.071,83.286,26.4,0.325,Dat do vang tren bazan,4,low
2025-08-11,2025-08-17,Dak Lak,Buon Ho,Robusta / ca phe nhan xo noi dia,112400,112400.0,2,observed,23.014,88.714,70.7,0.433,Dat do bazan,5,medium
2025-08-11,2025-08-17,Dak Lak,Cu M'gar,Robusta / ca phe nhan xo noi dia,111500,111500.0,1,observed,24.086,88.143,80.8,0.471,Dat do bazan,5,high
2025-08-11,2025-08-17,Dak Lak,Ea H'leo,Robusta / ca phe nhan xo noi dia,112400,112400.0,2,observed,23.386,88.857,65.5,0.44,Dat do bazan,5,medium
2025-08-11,2025-08-17,Dak Nong,Dak R'lap,Robusta / ca phe nhan xo noi dia,111600,,0,province_proxy,22.871,91.286,110.7,0.498,Dat do bazan,4,low
2025-08-11,2025-08-17,Dak Nong,Gia Nghia,Robusta / ca phe nhan xo noi dia,111600,111600.0,1,observed,22.757,90.429,80.7,0.482,Dat do bazan,4,low
2025-08-11,2025-08-17,Gia Lai,Chu Prong,Robusta / ca phe nhan xo noi dia,111200,111200.0,1,observed,23.971,90.714,105.7,0.487,Dat do bazan,4,low
2025-08-11,2025-08-17,Gia Lai,Ia Grai,Robusta / ca phe nhan xo noi dia,113200,113200.0,1,observed,24.757,91.143,84.3,0.49,Dat do bazan,4,low
2025-08-11,2025-08-17,Gia Lai,Pleiku,Robusta / ca phe nhan xo noi dia,112150,112150.0,2,observed,22.514,90.429,91.5,0.489,Dat do bazan,4,low
2025-08-11,2025-08-17,Kon Tum,Kon Tum,Robusta / ca phe nhan xo noi dia,112150,112150.0,2,observed,23.943,87.571,73.1,0.479,Dat do vang / dat bazan cuc bo,3,low
2025-08-11,2025-08-17,Lam Dong,Bao Loc,Robusta / ca phe nhan xo noi dia,112000,112000.0,2,observed,21.8,91.143,86.9,0.478,Dat do vang tren bazan,4,low
2025-08-11,2025-08-17,Lam Dong,Di Linh,Robusta / ca phe nhan xo noi dia,112000,112000.0,2,observed,21.243,91.571,85.6,0.491,Dat do vang tren bazan,4,medium
2025-08-11,2025-08-17,Lam Dong,Lam Ha,Robusta / ca phe nhan xo noi dia,112000,112000.0,2,observed,21.986,87.714,102.9,0.468,Dat do vang tren bazan,4,low
2025-08-18,2025-08-24,Dak Lak,Buon Ho,Robusta / ca phe nhan xo noi dia,117100,117100.0,2,observed,22.943,88.429,40.6,0.439,Dat do bazan,5,medium
2025-08-18,2025-08-24,Dak Lak,Cu M'gar,Robusta / ca phe nhan xo noi dia,117100,,0,province_proxy,24.186,87.143,88.2,0.476,Dat do bazan,5,high
2025-08-18,2025-08-24,Dak Lak,Ea H'leo,Robusta / ca phe nhan xo noi dia,117100,117100.0,2,observed,23.357,89.0,44.9,0.435,Dat do bazan,5,medium
2025-08-18,2025-08-24,Dak Nong,Dak R'lap,Robusta / ca phe nhan xo noi dia,113075,,0,interpolated_area,22.929,90.0,70.4,0.486,Dat do bazan,4,low
2025-08-18,2025-08-24,Dak Nong,Gia Nghia,Robusta / ca phe nhan xo noi dia,113075,,0,interpolated_area,22.714,89.714,59.6,0.484,Dat do bazan,4,low
2025-08-18,2025-08-24,Gia Lai,Chu Prong,Robusta / ca phe nhan xo noi dia,118550,,0,province_proxy,23.9,89.429,72.5,0.491,Dat do bazan,4,low
2025-08-18,2025-08-24,Gia Lai,Ia Grai,Robusta / ca phe nhan xo noi dia,118550,118550.0,2,observed,24.557,90.143,129.3,0.491,Dat do bazan,4,low
2025-08-18,2025-08-24,Gia Lai,Pleiku,Robusta / ca phe nhan xo noi dia,118550,118550.0,2,observed,22.429,89.714,43.5,0.483,Dat do bazan,4,low
2025-08-18,2025-08-24,Kon Tum,Kon Tum,Robusta / ca phe nhan xo noi dia,118550,118550.0,2,observed,23.986,86.571,43.5,0.482,Dat do vang / dat bazan cuc bo,3,low
2025-08-18,2025-08-24,Lam Dong,Bao Loc,Robusta / ca phe nhan xo noi dia,118250,118250.0,2,observed,21.729,89.714,34.6,0.481,Dat do vang tren bazan,4,low
2025-08-18,2025-08-24,Lam Dong,Di Linh,Robusta / ca phe nhan xo noi dia,118250,118250.0,2,observed,21.186,91.0,44.7,0.491,Dat do vang tren bazan,4,medium
2025-08-18,2025-08-24,Lam Dong,Lam Ha,Robusta / ca phe nhan xo noi dia,118250,118250.0,2,observed,21.814,86.857,30.3,0.471,Dat do vang tren bazan,4,low
2025-08-25,2025-08-31,Dak Lak,Buon Ho,Robusta / ca phe nhan xo noi dia,123533,123533.33333333333,3,observed,22.614,91.0,49.0,0.456,Dat do bazan,5,medium
2025-08-25,2025-08-31,Dak Lak,Cu M'gar,Robusta / ca phe nhan xo noi dia,123533,,0,province_proxy,23.8,89.857,86.0,0.492,Dat do bazan,5,high
2025-08-25,2025-08-31,Dak Lak,Ea H'leo,Robusta / ca phe nhan xo noi dia,123533,123533.33333333333,3,observed,23.0,91.0,52.2,0.449,Dat do bazan,5,medium
2025-08-25,2025-08-31,Dak Nong,Dak R'lap,Robusta / ca phe nhan xo noi dia,114550,,0,interpolated_area,22.5,93.286,105.6,0.502,Dat do bazan,4,low
2025-08-25,2025-08-31,Dak Nong,Gia Nghia,Robusta / ca phe nhan xo noi dia,114550,,0,interpolated_area,22.486,91.714,80.9,0.498,Dat do bazan,4,low
2025-08-25,2025-08-31,Gia Lai,Chu Prong,Robusta / ca phe nhan xo noi dia,123267,,0,province_proxy,23.214,93.714,148.3,0.503,Dat do bazan,4,low
2025-08-25,2025-08-31,Gia Lai,Ia Grai,Robusta / ca phe nhan xo noi dia,123267,123266.66666666667,3,observed,23.957,93.714,155.5,0.504,Dat do bazan,4,low
2025-08-25,2025-08-31,Gia Lai,Pleiku,Robusta / ca phe nhan xo noi dia,123267,123266.66666666667,3,observed,21.914,93.143,86.4,0.503,Dat do bazan,4,low
2025-08-25,2025-08-31,Kon Tum,Kon Tum,Robusta / ca phe nhan xo noi dia,108050,108050.0,4,observed,23.929,86.571,105.1,0.498,Dat do vang / dat bazan cuc bo,3,low
2025-08-25,2025-08-31,Lam Dong,Bao Loc,Robusta / ca phe nhan xo noi dia,123133,123133.33333333333,3,observed,21.571,91.857,59.0,0.498,Dat do vang tren bazan,4,low
2025-08-25,2025-08-31,Lam Dong,Di Linh,Robusta / ca phe nhan xo noi dia,123133,123133.33333333333,3,observed,20.929,93.429,47.0,0.497,Dat do vang tren bazan,4,medium
2025-08-25,2025-08-31,Lam Dong,Lam Ha,Robusta / ca phe nhan xo noi dia,123133,123133.33333333333,3,observed,21.886,87.571,37.5,0.466,Dat do vang tren bazan,4,low
2025-09-01,2025-09-07,Dak Lak,Buon Ho,Robusta / ca phe nhan xo noi dia,119700,,0,interpolated_area,22.957,92.0,113.9,0.488,Dat do bazan,5,medium
2025-09-01,2025-09-07,Dak Lak,Cu M'gar,Robusta / ca phe nhan xo noi dia,120442,,0,interpolated_area,24.114,91.429,95.5,0.497,Dat do bazan,5,high
2025-09-01,2025-09-07,Dak Lak,Ea H'leo,Robusta / ca phe nhan xo noi dia,119700,,0,interpolated_area,23.329,92.429,101.5,0.494,Dat do bazan,5,medium
2025-09-01,2025-09-07,Dak Nong,Dak R'lap,Robusta / ca phe nhan xo noi dia,116025,,0,interpolated_area,23.214,92.571,158.3,0.501,Dat do bazan,4,low
2025-09-01,2025-09-07,Dak Nong,Gia Nghia,Robusta / ca phe nhan xo noi dia,116025,,0,interpolated_area,23.057,92.143,144.6,0.501,Dat do bazan,4,low
2025-09-01,2025-09-07,Gia Lai,Chu Prong,Robusta / ca phe nhan xo noi dia,114700,,0,province_proxy,23.943,92.429,139.9,0.501,Dat do bazan,4,low
2025-09-01,2025-09-07,Gia Lai,Ia Grai,Robusta / ca phe nhan xo noi dia,114700,,0,province_proxy,24.743,92.286,120.6,0.499,Dat do bazan,4,low
2025-09-01,2025-09-07,Gia Lai,Pleiku,Robusta / ca phe nhan xo noi dia,114700,114700.0,1,observed,22.557,91.714,113.2,0.498,Dat do bazan,4,low
2025-09-01,2025-09-07,Kon Tum,Kon Tum,Robusta / ca phe nhan xo noi dia,114150,114150.0,2,observed,24.043,88.857,88.7,0.49,Dat do vang / dat bazan cuc bo,3,low
2025-09-01,2025-09-07,Lam Dong,Bao Loc,Robusta / ca phe nhan xo noi dia,119117,,0,interpolated_area,22.229,92.143,82.5,0.498,Dat do vang tren bazan,4,low
2025-09-01,2025-09-07,Lam Dong,Di Linh,Robusta / ca phe nhan xo noi dia,119417,,0,interpolated_area,21.514,93.714,74.3,0.502,Dat do vang tren bazan,4,medium
2025-09-01,2025-09-07,Lam Dong,Lam Ha,Robusta / ca phe nhan xo noi dia,119117,,0,interpolated_area,22.014,91.143,101.8,0.493,Dat do vang tren bazan,4,low
2025-09-08,2025-09-14,Dak Lak,Buon Ho,Robusta / ca phe nhan xo noi dia,115867,115866.66666666667,3,observed,23.257,88.571,40.5,0.47,Dat do bazan,5,medium
2025-09-08,2025-09-14,Dak Lak,Cu M'gar,Robusta / ca phe nhan xo noi dia,117350,117350.0,2,observed,24.629,86.286,59.4,0.48,Dat do bazan,5,high
2025-09-08,2025-09-14,Dak Lak,Ea H'leo,Robusta / ca phe nhan xo noi dia,115867,115866.66666666667,3,observed,23.714,87.857,28.1,0.45,Dat do bazan,5,medium
2025-09-08,2025-09-14,Dak Nong,Dak R'lap,Robusta / ca phe nhan xo noi dia,117500,,0,province_proxy,23.286,89.714,67.7,0.491,Dat do bazan,4,low
2025-09-08,2025-09-14,Dak Nong,Gia Nghia,Robusta / ca phe nhan xo noi dia,117500,117500.0,2,observed,22.971,89.857,64.4,0.488,Dat do bazan,4,low
2025-09-08,2025-09-14,Gia Lai,Chu Prong,Robusta / ca phe nhan xo noi dia,117250,117250.0,2,observed,24.5,86.571,48.1,0.481,Dat do bazan,4,low
2025-09-08,2025-09-14,Gia Lai,Ia Grai,Robusta / ca phe nhan xo noi dia,112700,112700.0,1,observed,25.029,88.143,68.4,0.48,Dat do bazan,4,low
2025-09-08,2025-09-14,Gia Lai,Pleiku,Robusta / ca phe nhan xo noi dia,115667,115666.66666666667,3,observed,22.871,87.714,43.8,0.485,Dat do bazan,4,low
2025-09-08,2025-09-14,Kon Tum,Kon Tum,Robusta / ca phe nhan xo noi dia,116380,116380.0,5,observed,24.071,85.714,44.0,0.47,Dat do vang / dat bazan cuc bo,3,low
2025-09-08,2025-09-14,Lam Dong,Bao Loc,Robusta / ca phe nhan xo noi dia,115100,115100.0,3,observed,21.686,91.0,72.7,0.491,Dat do vang tren bazan,4,low
2025-09-08,2025-09-14,Lam Dong,Di Linh,Robusta / ca phe nhan xo noi dia,115700,115700.0,4,observed,21.457,90.143,49.2,0.492,Dat do vang tren bazan,4,medium
2025-09-08,2025-09-14,Lam Dong,Lam Ha,Robusta / ca phe nhan xo noi dia,115100,115100.0,3,observed,21.657,87.857,39.8,0.488,Dat do vang tren bazan,4,low
2025-09-15,2025-09-21,Dak Lak,Buon Ho,Robusta / ca phe nhan xo noi dia,120100,120100.0,1,observed,22.871,90.857,66.4,0.481,Dat do bazan,5,medium
2025-09-15,2025-09-21,Dak Lak,Cu M'gar,Robusta / ca phe nhan xo noi dia,120200,120200.0,1,observed,23.957,90.0,87.4,0.498,Dat do bazan,5,high
2025-09-15,2025-09-21,Dak Lak,Ea H'leo,Robusta / ca phe nhan xo noi dia,120100,120100.0,1,observed,23.286,91.143,86.5,0.485,Dat do bazan,5,medium
2025-09-15,2025-09-21,Dak Nong,Dak R'lap,Robusta / ca phe nhan xo noi dia,120500,,0,province_proxy,23.171,91.571,72.8,0.492,Dat do bazan,4,low
2025-09-15,2025-09-21,Dak Nong,Gia Nghia,Robusta / ca phe nhan xo noi dia,120500,120500.0,1,observed,23.0,91.0,76.3,0.492,Dat do bazan,4,low
2025-09-15,2025-09-21,Gia Lai,Chu Prong,Robusta / ca phe nhan xo noi dia,120200,120200.0,1,observed,23.757,91.857,139.2,0.499,Dat do bazan,4,low
2025-09-15,2025-09-21,Gia Lai,Ia Grai,Robusta / ca phe nhan xo noi dia,120150,,0,province_proxy,24.457,92.286,141.2,0.499,Dat do bazan,4,low
2025-09-15,2025-09-21,Gia Lai,Pleiku,Robusta / ca phe nhan xo noi dia,120100,120100.0,1,observed,22.343,91.571,80.8,0.493,Dat do bazan,4,low
2025-09-15,2025-09-21,Kon Tum,Kon Tum,Robusta / ca phe nhan xo noi dia,120100,120100.0,1,observed,23.986,88.286,69.3,0.486,Dat do vang / dat bazan cuc bo,3,low
2025-09-15,2025-09-21,Lam Dong,Bao Loc,Robusta / ca phe nhan xo noi dia,119800,119800.0,1,observed,21.9,91.143,61.7,0.489,Dat do vang tren bazan,4,low
2025-09-15,2025-09-21,Lam Dong,Di Linh,Robusta / ca phe nhan xo noi dia,119800,119800.0,1,observed,21.329,92.286,45.2,0.497,Dat do vang tren bazan,4,medium
2025-09-15,2025-09-21,Lam Dong,Lam Ha,Robusta / ca phe nhan xo noi dia,119800,119800.0,1,observed,22.086,87.571,46.2,0.478,Dat do vang tren bazan,4,low
2025-09-22,2025-09-28,Dak Lak,Buon Ho,Robusta / ca phe nhan xo noi dia,118250,,0,interpolated_area,22.286,93.143,72.0,0.499,Dat do bazan,5,medium
2025-09-22,2025-09-28,Dak Lak,Cu M'gar,Robusta / ca phe nhan xo noi dia,118300,,0,interpolated_area,23.557,92.143,127.5,0.502,Dat do bazan,5,high
2025-09-22,2025-09-28,Dak Lak,Ea H'leo,Robusta / ca phe nhan xo noi dia,118250,,0,interpolated_area,22.6,94.286,98.2,0.502,Dat do bazan,5,medium
2025-09-22,2025-09-28,Dak Nong,Dak R'lap,Robusta / ca phe nhan xo noi dia,118500,,0,interpolated_area,22.371,95.429,111.8,0.505,Dat do bazan,4,low
2025-09-22,2025-09-28,Dak Nong,Gia Nghia,Robusta / ca phe nhan xo noi dia,118500,,0,interpolated_area,22.357,94.143,119.2,0.502,Dat do bazan,4,low
2025-09-22,2025-09-28,Gia Lai,Chu Prong,Robusta / ca phe nhan xo noi dia,118200,,0,interpolated_area,22.971,95.714,201.8,0.508,Dat do bazan,4,low
2025-09-22,2025-09-28,Gia Lai,Ia Grai,Robusta / ca phe nhan xo noi dia,118175,,0,interpolated_area,23.529,96.571,211.3,0.507,Dat do bazan,4,low
2025-09-22,2025-09-28,Gia Lai,Pleiku,Robusta / ca phe nhan xo noi dia,118150,,0,interpolated_area,21.529,96.143,120.0,0.507,Dat do bazan,4,low
2025-09-22,2025-09-28,Kon Tum,Kon Tum,Robusta / ca phe nhan xo noi dia,118150,,0,interpolated_area,23.414,90.143,129.1,0.505,Dat do vang / dat bazan cuc bo,3,low
2025-09-22,2025-09-28,Lam Dong,Bao Loc,Robusta / ca phe nhan xo noi dia,117400,,0,interpolated_area,21.357,94.429,114.7,0.506,Dat do vang tren bazan,4,low
2025-09-22,2025-09-28,Lam Dong,Di Linh,Robusta / ca phe nhan xo noi dia,117400,,0,interpolated_area,20.714,96.0,118.3,0.505,Dat do vang tren bazan,4,medium
2025-09-22,2025-09-28,Lam Dong,Lam Ha,Robusta / ca phe nhan xo noi dia,117400,,0,interpolated_area,21.686,90.429,96.6,0.495,Dat do vang tren bazan,4,low
2025-09-29,2025-10-05,Dak Lak,Buon Ho,Robusta / ca phe nhan xo noi dia,116400,116400.0,1,observed,23.014,87.143,32.9,0.462,Dat do bazan,5,medium
2025-09-29,2025-10-05,Dak Lak,Cu M'gar,Robusta / ca phe nhan xo noi dia,116400,,0,province_proxy,24.671,82.857,43.9,0.449,Dat do bazan,5,high
2025-09-29,2025-10-05,Dak Lak,Ea H'leo,Robusta / ca phe nhan xo noi dia,116400,116400.0,1,observed,23.529,86.0,45.4,0.454,Dat do bazan,5,medium
2025-09-29,2025-10-05,Dak Nong,Dak R'lap,Robusta / ca phe nhan xo noi dia,116500,,0,interpolated_area,23.014,89.571,57.7,0.489,Dat do bazan,4,low
2025-09-29,2025-10-05,Dak Nong,Gia Nghia,Robusta / ca phe nhan xo noi dia,116500,,0,interpolated_area,22.957,88.143,35.8,0.473,Dat do bazan,4,low
2025-09-29,2025-10-05,Gia Lai,Chu Prong,Robusta / ca phe nhan xo noi dia,116200,,0,province_proxy,24.229,85.429,54.0,0.467,Dat do bazan,4,low
2025-09-29,2025-10-05,Gia Lai,Ia Grai,Robusta / ca phe nhan xo noi dia,116200,116200.0,1,observed,24.729,88.429,96.6,0.463,Dat do bazan,4,low
2025-09-29,2025-10-05,Gia Lai,Pleiku,Robusta / ca phe nhan xo noi dia,116200,116200.0,1,observed,22.543,87.0,41.9,0.458,Dat do bazan,4,low
2025-09-29,2025-10-05,Kon Tum,Kon Tum,Robusta / ca phe nhan xo noi dia,116200,116200.0,1,observed,23.857,83.857,43.5,0.461,Dat do vang / dat bazan cuc bo,3,low
2025-09-29,2025-10-05,Lam Dong,Bao Loc,Robusta / ca phe nhan xo noi dia,115000,115000.0,1,observed,21.714,89.429,28.2,0.471,Dat do vang tren bazan,4,low
2025-09-29,2025-10-05,Lam Dong,Di Linh,Robusta / ca phe nhan xo noi dia,115000,115000.0,1,observed,21.329,88.714,29.4,0.486,Dat do vang tren bazan,4,medium
2025-09-29,2025-10-05,Lam Dong,Lam Ha,Robusta / ca phe nhan xo noi dia,115000,115000.0,1,observed,21.643,87.0,36.0,0.485,Dat do vang tren bazan,4,low
2025-10-06,2025-10-12,Dak Lak,Buon Ho,Robusta / ca phe nhan xo noi dia,114400,114400.0,1,observed,22.843,88.286,26.9,0.43,Dat do bazan,5,medium
2025-10-06,2025-10-12,Dak Lak,Cu M'gar,Robusta / ca phe nhan xo noi dia,114500,114500.0,1,observed,24.414,84.714,30.2,0.427,Dat do bazan,5,high
2025-10-06,2025-10-12,Dak Lak,Ea H'leo,Robusta / ca phe nhan xo noi dia,114400,114400.0,1,observed,23.314,87.857,15.6,0.428,Dat do bazan,5,medium
2025-10-06,2025-10-12,Dak Nong,Dak R'lap,Robusta / ca phe nhan xo noi dia,114500,,0,province_proxy,23.229,89.0,56.0,0.463,Dat do bazan,4,low
2025-10-06,2025-10-12,Dak Nong,Gia Nghia,Robusta / ca phe nhan xo noi dia,114500,114500.0,1,observed,22.871,89.286,60.5,0.435,Dat do bazan,4,low
2025-10-06,2025-10-12,Gia Lai,Chu Prong,Robusta / ca phe nhan xo noi dia,114000,114000.0,1,observed,24.243,86.0,53.4,0.474,Dat do bazan,4,low
2025-10-06,2025-10-12,Gia Lai,Ia Grai,Robusta / ca phe nhan xo noi dia,113950,,0,province_proxy,24.514,88.714,69.9,0.461,Dat do bazan,4,low
2025-10-06,2025-10-12,Gia Lai,Pleiku,Robusta / ca phe nhan xo noi dia,113900,113900.0,1,observed,22.614,86.429,48.4,0.46,Dat do bazan,4,low
2025-10-06,2025-10-12,Kon Tum,Kon Tum,Robusta / ca phe nhan xo noi dia,114350,114350.0,2,observed,23.529,85.714,36.5,0.44,Dat do vang / dat bazan cuc bo,3,low
2025-10-06,2025-10-12,Lam Dong,Bao Loc,Robusta / ca phe nhan xo noi dia,113300,113300.0,2,observed,21.671,90.286,63.7,0.461,Dat do vang tren bazan,4,low
2025-10-06,2025-10-12,Lam Dong,Di Linh,Robusta / ca phe nhan xo noi dia,114367,114366.66666666667,3,observed,21.086,90.714,57.8,0.488,Dat do vang tren bazan,4,medium
2025-10-06,2025-10-12,Lam Dong,Lam Ha,Robusta / ca phe nhan xo noi dia,113300,113300.0,2,observed,21.286,88.429,55.4,0.477,Dat do vang tren bazan,4,low
2025-10-13,2025-10-19,Dak Lak,Buon Ho,Robusta / ca phe nhan xo noi dia,114475,114475.0,4,observed,22.771,90.857,30.8,0.418,Dat do bazan,5,medium
2025-10-13,2025-10-19,Dak Lak,Cu M'gar,Robusta / ca phe nhan xo noi dia,114475,,0,province_proxy,24.629,84.714,33.8,0.401,Dat do bazan,5,high
2025-10-13,2025-10-19,Dak Lak,Ea H'leo,Robusta / ca phe nhan xo noi dia,114475,114475.0,4,observed,23.529,87.714,59.7,0.42,Dat do bazan,5,medium
2025-10-13,2025-10-19,Dak Nong,Dak R'lap,Robusta / ca phe nhan xo noi dia,114800,,0,interpolated_area,23.671,87.429,26.7,0.479,Dat do bazan,4,low
2025-10-13,2025-10-19,Dak Nong,Gia Nghia,Robusta / ca phe nhan xo noi dia,114800,,0,interpolated_area,23.314,87.714,41.1,0.461,Dat do bazan,4,low
2025-10-13,2025-10-19,Gia Lai,Chu Prong,Robusta / ca phe nhan xo noi dia,114075,,0,province_proxy,25.086,80.429,27.0,0.451,Dat do bazan,4,low
2025-10-13,2025-10-19,Gia Lai,Ia Grai,Robusta / ca phe nhan xo noi dia,114075,114075.0,4,observed,25.386,83.0,29.8,0.456,Dat do bazan,4,low
2025-10-13,2025-10-19,Gia Lai,Pleiku,Robusta / ca phe nhan xo noi dia,114075,114075.0,4,observed,23.143,83.143,19.3,0.441,Dat do bazan,4,low
2025-10-13,2025-10-19,Kon Tum,Kon Tum,Robusta / ca phe nhan xo noi dia,113950,113950.0,2,observed,24.157,81.714,24.4,0.452,Dat do vang / dat bazan cuc bo,3,low
2025-10-13,2025-10-19,Lam Dong,Bao Loc,Robusta / ca phe nhan xo noi dia,113900,113900.0,3,observed,21.971,88.286,38.0,0.48,Dat do vang tren bazan,4,low
2025-10-13,2025-10-19,Lam Dong,Di Linh,Robusta / ca phe nhan xo noi dia,113675,113675.0,4,observed,21.771,85.857,33.1,0.486,Dat do vang tren bazan,4,medium
2025-10-13,2025-10-19,Lam Dong,Lam Ha,Robusta / ca phe nhan xo noi dia,113900,113900.0,3,observed,21.757,84.857,26.0,0.483,Dat do vang tren bazan,4,low
2025-10-20,2025-10-26,Dak Lak,Buon Ho,Robusta / ca phe nhan xo noi dia,115986,115985.71428571429,7,observed,22.714,89.143,34.1,0.356,Dat do bazan,5,medium
2025-10-20,2025-10-26,Dak Lak,Cu M'gar,Robusta / ca phe nhan xo noi dia,115986,,0,province_proxy,24.486,84.143,27.8,0.374,Dat do bazan,5,high
2025-10-20,2025-10-26,Dak Lak,Ea H'leo,Robusta / ca phe nhan xo noi dia,115986,115985.71428571429,7,observed,23.343,86.143,24.8,0.331,Dat do bazan,5,medium
2025-10-20,2025-10-26,Dak Nong,Dak R'lap,Robusta / ca phe nhan xo noi dia,115100,,0,interpolated_area,23.657,86.429,36.0,0.446,Dat do bazan,4,low
2025-10-20,2025-10-26,Dak Nong,Gia Nghia,Robusta / ca phe nhan xo noi dia,115100,,0,interpolated_area,23.257,87.286,31.5,0.47,Dat do bazan,4,low
2025-10-20,2025-10-26,Gia Lai,Chu Prong,Robusta / ca phe nhan xo noi dia,115514,,0,province_proxy,24.586,82.429,38.8,0.396,Dat do bazan,4,low
2025-10-20,2025-10-26,Gia Lai,Ia Grai,Robusta / ca phe nhan xo noi dia,115514,115514.28571428571,7,observed,25.014,85.714,31.7,0.403,Dat do bazan,4,low
2025-10-20,2025-10-26,Gia Lai,Pleiku,Robusta / ca phe nhan xo noi dia,115514,115514.28571428571,7,observed,22.757,83.429,30.6,0.385,Dat do bazan,4,low
2025-10-20,2025-10-26,Kon Tum,Kon Tum,Robusta / ca phe nhan xo noi dia,103767,103766.66666666667,3,observed,23.686,83.286,21.2,0.402,Dat do vang / dat bazan cuc bo,3,low
2025-10-20,2025-10-26,Lam Dong,Bao Loc,Robusta / ca phe nhan xo noi dia,115200,115200.0,8,observed,21.757,92.0,41.0,0.483,Dat do vang tren bazan,4,low
2025-10-20,2025-10-26,Lam Dong,Di Linh,Robusta / ca phe nhan xo noi dia,115200,115200.0,8,observed,21.386,91.714,70.8,0.496,Dat do vang tren bazan,4,medium
2025-10-20,2025-10-26,Lam Dong,Lam Ha,Robusta / ca phe nhan xo noi dia,115200,115200.0,8,observed,21.3,91.714,72.4,0.493,Dat do vang tren bazan,4,low
2025-10-27,2025-11-02,Dak Lak,Buon Ho,Robusta / ca phe nhan xo noi dia,116514,116514.28571428571,7,observed,22.3,94.0,76.5,0.496,Dat do bazan,5,medium
2025-10-27,2025-11-02,Dak Lak,Cu M'gar,Robusta / ca phe nhan xo noi dia,116514,,0,province_proxy,23.714,91.571,150.3,0.495,Dat do bazan,5,high
2025-10-27,2025-11-02,Dak Lak,Ea H'leo,Robusta / ca phe nhan xo noi dia,116514,116514.28571428571,7,observed,22.729,94.0,72.3,0.492,Dat do bazan,5,medium
2025-10-27,2025-11-02,Dak Nong,Dak R'lap,Robusta / ca phe nhan xo noi dia,115400,,0,interpolated_area,22.957,92.429,118.3,0.494,Dat do bazan,4,low
2025-10-27,2025-11-02,Dak Nong,Gia Nghia,Robusta / ca phe nhan xo noi dia,115400,,0,interpolated_area,22.786,91.714,99.3,0.494,Dat do bazan,4,low
2025-10-27,2025-11-02,Gia Lai,Chu Prong,Robusta / ca phe nhan xo noi dia,116129,,0,province_proxy,23.857,90.143,114.1,0.495,Dat do bazan,4,low
2025-10-27,2025-11-02,Gia Lai,Ia Grai,Robusta / ca phe nhan xo noi dia,116129,116128.57142857143,7,observed,24.229,94.286,149.3,0.496,Dat do bazan,4,low
2025-10-27,2025-11-02,Gia Lai,Pleiku,Robusta / ca phe nhan xo noi dia,116129,116128.57142857143,7,observed,21.986,92.714,139.3,0.498,Dat do bazan,4,low
2025-10-27,2025-11-02,Kon Tum,Kon Tum,Robusta / ca phe nhan xo noi dia,110058,,0,interpolated_area,23.171,90.286,163.7,0.499,Dat do vang / dat bazan cuc bo,3,low
2025-10-27,2025-11-02,Lam Dong,Bao Loc,Robusta / ca phe nhan xo noi dia,115400,115400.0,7,observed,21.814,92.286,123.6,0.497,Dat do vang tren bazan,4,low
2025-10-27,2025-11-02,Lam Dong,Di Linh,Robusta / ca phe nhan xo noi dia,115400,115400.0,7,observed,21.243,93.429,107.6,0.502,Dat do vang tren bazan,4,medium
2025-10-27,2025-11-02,Lam Dong,Lam Ha,Robusta / ca phe nhan xo noi dia,115400,115400.0,7,observed,21.543,91.286,108.1,0.498,Dat do vang tren bazan,4,low
2025-11-03,2025-11-09,Dak Lak,Buon Ho,Robusta / ca phe nhan xo noi dia,117756,117755.55555555556,9,observed,22.514,91.286,139.3,0.48,Dat do bazan,5,medium
2025-11-03,2025-11-09,Dak Lak,Cu M'gar,Robusta / ca phe nhan xo noi dia,117756,,0,province_proxy,24.129,87.714,175.4,0.489,Dat do bazan,5,high
2025-11-03,2025-11-09,Dak Lak,Ea H'leo,Robusta / ca phe nhan xo noi dia,117756,117755.55555555556,9,observed,23.014,89.286,186.9,0.482,Dat do bazan,5,medium
2025-11-03,2025-11-09,Dak Nong,Dak R'lap,Robusta / ca phe nhan xo noi dia,115700,,0,interpolated_area,22.9,92.429,124.3,0.493,Dat do bazan,4,low
2025-11-03,2025-11-09,Dak Nong,Gia Nghia,Robusta / ca phe nhan xo noi dia,115700,,0,interpolated_area,22.671,91.714,109.6,0.494,Dat do bazan,4,low
2025-11-03,2025-11-09,Gia Lai,Chu Prong,Robusta / ca phe nhan xo noi dia,117390,,0,province_proxy,24.129,85.714,121.4,0.479,Dat do bazan,4,low
2025-11-03,2025-11-09,Gia Lai,Ia Grai,Robusta / ca phe nhan xo noi dia,117290,117290.0,10,observed,24.471,88.429,99.4,0.48,Dat do bazan,4,low
2025-11-03,2025-11-09,Gia Lai,Pleiku,Robusta / ca phe nhan xo noi dia,117491,117490.90909090909,11,observed,22.429,86.286,149.7,0.485,Dat do bazan,4,low
2025-11-03,2025-11-09,Kon Tum,Kon Tum,Robusta / ca phe nhan xo noi dia,116350,116350.0,2,observed,23.629,83.714,49.3,0.483,Dat do vang / dat bazan cuc bo,3,low
2025-11-03,2025-11-09,Lam Dong,Bao Loc,Robusta / ca phe nhan xo noi dia,116900,116900.0,11,observed,21.643,92.429,97.8,0.495,Dat do vang tren bazan,4,low
2025-11-03,2025-11-09,Lam Dong,Di Linh,Robusta / ca phe nhan xo noi dia,116900,116900.0,11,observed,21.2,92.571,97.8,0.496,Dat do vang tren bazan,4,medium
2025-11-03,2025-11-09,Lam Dong,Lam Ha,Robusta / ca phe nhan xo noi dia,116900,116900.0,11,observed,21.371,91.143,87.7,0.495,Dat do vang tren bazan,4,low
2025-11-10,2025-11-16,Dak Lak,Buon Ho,Robusta / ca phe nhan xo noi dia,116390,116390.0,10,observed,21.786,87.714,15.1,0.415,Dat do bazan,5,medium
2025-11-10,2025-11-16,Dak Lak,Cu M'gar,Robusta / ca phe nhan xo noi dia,116000,116000.0,2,observed,23.771,80.571,14.6,0.389,Dat do bazan,5,high
2025-11-10,2025-11-16,Dak Lak,Ea H'leo,Robusta / ca phe nhan xo noi dia,116390,116390.0,10,observed,22.414,83.286,20.3,0.386,Dat do bazan,5,medium
2025-11-10,2025-11-16,Dak Nong,Dak R'lap,Robusta / ca phe nhan xo noi dia,116000,,0,province_proxy,22.871,82.714,35.6,0.436,Dat do bazan,4,low
2025-11-10,2025-11-16,Dak Nong,Gia Nghia,Robusta / ca phe nhan xo noi dia,116000,116000.0,2,observed,22.5,83.429,19.4,0.422,Dat do bazan,4,low
2025-11-10,2025-11-16,Gia Lai,Chu Prong,Robusta / ca phe nhan xo noi dia,115400,115400.0,2,observed,23.7,79.714,31.6,0.391,Dat do bazan,4,low
2025-11-10,2025-11-16,Gia Lai,Ia Grai,Robusta / ca phe nhan xo noi dia,115478,115477.77777777778,9,observed,24.014,82.714,24.2,0.384,Dat do bazan,4,low
2025-11-10,2025-11-16,Gia Lai,Pleiku,Robusta / ca phe nhan xo noi dia,115491,115490.90909090909,11,observed,21.9,80.714,25.5,0.395,Dat do bazan,4,low
2025-11-10,2025-11-16,Kon Tum,Kon Tum,Robusta / ca phe nhan xo noi dia,116400,116400.0,3,observed,22.629,81.286,24.2,0.39,Dat do vang / dat bazan cuc bo,3,low
2025-11-10,2025-11-16,Lam Dong,Bao Loc,Robusta / ca phe nhan xo noi dia,115155,115154.54545454546,11,observed,21.371,86.143,22.2,0.437,Dat do vang tren bazan,4,low
2025-11-10,2025-11-16,Lam Dong,Di Linh,Robusta / ca phe nhan xo noi dia,114808,114808.33333333333,12,observed,20.986,86.571,22.2,0.477,Dat do vang tren bazan,4,medium
2025-11-10,2025-11-16,Lam Dong,Lam Ha,Robusta / ca phe nhan xo noi dia,115155,115154.54545454546,11,observed,20.914,85.0,30.2,0.452,Dat do vang tren bazan,4,low
2025-11-17,2025-11-23,Dak Lak,Buon Ho,Robusta / ca phe nhan xo noi dia,112578,112577.77777777778,9,observed,20.714,91.286,69.0,0.487,Dat do bazan,5,medium
2025-11-17,2025-11-23,Dak Lak,Cu M'gar,Robusta / ca phe nhan xo noi dia,112578,,0,province_proxy,22.643,84.429,92.8,0.477,Dat do bazan,5,high
2025-11-17,2025-11-23,Dak Lak,Ea H'leo,Robusta / ca phe nhan xo noi dia,112578,112577.77777777778,9,observed,20.743,90.857,90.1,0.489,Dat do bazan,5,medium
2025-11-17,2025-11-23,Dak Nong,Dak R'lap,Robusta / ca phe nhan xo noi dia,112350,,0,interpolated_area,22.229,85.571,62.4,0.488,Dat do bazan,4,low
2025-11-17,2025-11-23,Dak Nong,Gia Nghia,Robusta / ca phe nhan xo noi dia,112350,,0,interpolated_area,21.657,87.714,73.5,0.49,Dat do bazan,4,low
2025-11-17,2025-11-23,Gia Lai,Chu Prong,Robusta / ca phe nhan xo noi dia,112050,,0,province_proxy,23.114,76.0,58.3,0.447,Dat do bazan,4,low
2025-11-17,2025-11-23,Gia Lai,Ia Grai,Robusta / ca phe nhan xo noi dia,112050,112050.0,12,observed,23.8,74.143,35.0,0.436,Dat do bazan,4,low
2025-11-17,2025-11-23,Gia Lai,Pleiku,Robusta / ca phe nhan xo noi dia,112050,112050.0,12,observed,20.857,80.0,40.3,0.465,Dat do bazan,4,low
2025-11-17,2025-11-23,Kon Tum,Kon Tum,Robusta / ca phe nhan xo noi dia,117350,,0,interpolated_area,22.443,74.286,21.8,0.453,Dat do vang / dat bazan cuc bo,3,low
2025-11-17,2025-11-23,Lam Dong,Bao Loc,Robusta / ca phe nhan xo noi dia,110911,110911.11111111111,9,observed,20.771,90.286,69.8,0.494,Dat do vang tren bazan,4,low
2025-11-17,2025-11-23,Lam Dong,Di Linh,Robusta / ca phe nhan xo noi dia,90955,90954.54545454546,11,observed,20.714,88.286,90.8,0.5,Dat do vang tren bazan,4,medium
2025-11-17,2025-11-23,Lam Dong,Lam Ha,Robusta / ca phe nhan xo noi dia,110911,110911.11111111111,9,observed,21.486,84.714,111.0,0.498,Dat do vang tren bazan,4,low
2025-11-24,2025-11-30,Dak Lak,Buon Ho,Robusta / ca phe nhan xo noi dia,111767,111766.66666666667,12,observed,20.257,81.857,1.9,0.423,Dat do bazan,5,medium
2025-11-24,2025-11-30,Dak Lak,Cu M'gar,Robusta / ca phe nhan xo noi dia,111767,,0,province_proxy,22.2,75.857,0.4,0.392,Dat do bazan,5,high
2025-11-24,2025-11-30,Dak Lak,Ea H'leo,Robusta / ca phe nhan xo noi dia,111767,111766.66666666667,12,observed,20.486,80.143,4.8,0.433,Dat do bazan,5,medium
2025-11-24,2025-11-30,Dak Nong,Dak R'lap,Robusta / ca phe nhan xo noi dia,108700,,0,interpolated_area,22.057,74.857,7.6,0.386,Dat do bazan,4,low
2025-11-24,2025-11-30,Dak Nong,Gia Nghia,Robusta / ca phe nhan xo noi dia,108700,,0,interpolated_area,21.471,76.714,2.5,0.386,Dat do bazan,4,low
2025-11-24,2025-11-30,Gia Lai,Chu Prong,Robusta / ca phe nhan xo noi dia,113702,,0,province_proxy,22.214,72.429,3.2,0.352,Dat do bazan,4,low
2025-11-24,2025-11-30,Gia Lai,Ia Grai,Robusta / ca phe nhan xo noi dia,113125,113125.0,12,observed,22.857,72.857,2.0,0.333,Dat do bazan,4,low
2025-11-24,2025-11-30,Gia Lai,Pleiku,Robusta / ca phe nhan xo noi dia,114279,114278.57142857143,14,observed,20.457,73.429,3.6,0.37,Dat do bazan,4,low
2025-11-24,2025-11-30,Kon Tum,Kon Tum,Robusta / ca phe nhan xo noi dia,118300,118300.0,6,observed,21.4,73.143,1.2,0.378,Dat do vang / dat bazan cuc bo,3,low
2025-11-24,2025-11-30,Lam Dong,Bao Loc,Robusta / ca phe nhan xo noi dia,112664,112663.63636363637,11,observed,20.229,83.0,4.5,0.422,Dat do vang tren bazan,4,low
2025-11-24,2025-11-30,Lam Dong,Di Linh,Robusta / ca phe nhan xo noi dia,114054,114053.84615384616,13,observed,20.129,82.143,4.6,0.441,Dat do vang tren bazan,4,medium
2025-11-24,2025-11-30,Lam Dong,Lam Ha,Robusta / ca phe nhan xo noi dia,112664,112663.63636363637,11,observed,20.386,80.143,9.7,0.429,Dat do vang tren bazan,4,low
2025-12-01,2025-12-07,Dak Lak,Buon Ho,Robusta / ca phe nhan xo noi dia,106022,106022.22222222222,9,observed,21.214,88.0,28.6,0.423,Dat do bazan,5,medium
2025-12-01,2025-12-07,Dak Lak,Cu M'gar,Robusta / ca phe nhan xo noi dia,106022,,0,province_proxy,23.257,80.857,26.9,0.35,Dat do bazan,5,high
2025-12-01,2025-12-07,Dak Lak,Ea H'leo,Robusta / ca phe nhan xo noi dia,106022,106022.22222222222,9,observed,21.714,85.571,20.2,0.427,Dat do bazan,5,medium
2025-12-01,2025-12-07,Dak Nong,Dak R'lap,Robusta / ca phe nhan xo noi dia,105050,,0,interpolated_area,22.343,83.143,31.1,0.444,Dat do bazan,4,low
2025-12-01,2025-12-07,Dak Nong,Gia Nghia,Robusta / ca phe nhan xo noi dia,105050,,0,interpolated_area,21.843,84.429,20.8,0.394,Dat do bazan,4,low
2025-12-01,2025-12-07,Gia Lai,Chu Prong,Robusta / ca phe nhan xo noi dia,105841,,0,province_proxy,23.529,76.0,15.4,0.363,Dat do bazan,4,low
2025-12-01,2025-12-07,Gia Lai,Ia Grai,Robusta / ca phe nhan xo noi dia,105800,105800.0,9,observed,24.143,76.286,7.1,0.352,Dat do bazan,4,low
2025-12-01,2025-12-07,Gia Lai,Pleiku,Robusta / ca phe nhan xo noi dia,105882,105881.81818181818,11,observed,21.371,80.0,5.1,0.362,Dat do bazan,4,low
2025-12-01,2025-12-07,Kon Tum,Kon Tum,Robusta / ca phe nhan xo noi dia,106200,106200.0,6,observed,22.571,76.429,4.9,0.32,Dat do vang / dat bazan cuc bo,3,low
2025-12-01,2025-12-07,Lam Dong,Bao Loc,Robusta / ca phe nhan xo noi dia,105091,105090.90909090909,11,observed,20.643,87.0,28.3,0.446,Dat do vang tren bazan,4,low
2025-12-01,2025-12-07,Lam Dong,Di Linh,Robusta / ca phe nhan xo noi dia,105542,105541.66666666667,12,observed,20.457,85.429,34.6,0.466,Dat do vang tren bazan,4,medium
2025-12-01,2025-12-07,Lam Dong,Lam Ha,Robusta / ca phe nhan xo noi dia,105091,105090.90909090909,11,observed,20.686,82.714,12.2,0.464,Dat do vang tren bazan,4,low
2025-12-08,2025-12-14,Dak Lak,Buon Ho,Robusta / ca phe nhan xo noi dia,101691,101690.90909090909,11,observed,20.529,87.571,7.9,0.389,Dat do bazan,5,medium
2025-12-08,2025-12-14,Dak Lak,Cu M'gar,Robusta / ca phe nhan xo noi dia,101300,101300.0,1,observed,22.629,78.857,2.5,0.308,Dat do bazan,5,high
2025-12-08,2025-12-14,Dak Lak,Ea H'leo,Robusta / ca phe nhan xo noi dia,101691,101690.90909090909,11,observed,21.0,86.0,12.6,0.394,Dat do bazan,5,medium
2025-12-08,2025-12-14,Dak Nong,Dak R'lap,Robusta / ca phe nhan xo noi dia,101400,,0,province_proxy,22.443,78.0,5.9,0.394,Dat do bazan,4,low
2025-12-08,2025-12-14,Dak Nong,Gia Nghia,Robusta / ca phe nhan xo noi dia,101400,101400.0,1,observed,21.886,79.857,3.0,0.327,Dat do bazan,4,low
2025-12-08,2025-12-14,Gia Lai,Chu Prong,Robusta / ca phe nhan xo noi dia,100800,100800.0,1,observed,23.357,69.714,0.5,0.278,Dat do bazan,4,low
2025-12-08,2025-12-14,Gia Lai,Ia Grai,Robusta / ca phe nhan xo noi dia,101080,101080.0,10,observed,24.186,68.571,0.0,0.283,Dat do bazan,4,low
2025-12-08,2025-12-14,Gia Lai,Pleiku,Robusta / ca phe nhan xo noi dia,101158,101158.33333333333,12,observed,21.129,75.0,0.4,0.282,Dat do bazan,4,low
2025-12-08,2025-12-14,Kon Tum,Kon Tum,Robusta / ca phe nhan xo noi dia,101012,101012.5,8,observed,22.486,71.0,0.0,0.254,Dat do vang / dat bazan cuc bo,3,low
2025-12-08,2025-12-14,Lam Dong,Bao Loc,Robusta / ca phe nhan xo noi dia,101009,101009.09090909091,11,observed,20.414,84.286,10.8,0.424,Dat do vang tren bazan,4,low
2025-12-08,2025-12-14,Lam Dong,Di Linh,Robusta / ca phe nhan xo noi dia,101057,101057.14285714286,14,observed,20.443,80.714,3.8,0.439,Dat do vang tren bazan,4,medium
2025-12-08,2025-12-14,Lam Dong,Lam Ha,Robusta / ca phe nhan xo noi dia,101009,101009.09090909091,11,observed,20.614,78.571,2.4,0.442,Dat do vang tren bazan,4,low
2025-12-15,2025-12-21,Dak Lak,Buon Ho,Robusta / ca phe nhan xo noi dia,94300,94300.0,12,observed,20.757,88.286,4.9,0.359,Dat do bazan,5,medium
2025-12-15,2025-12-21,Dak Lak,Cu M'gar,Robusta / ca phe nhan xo noi dia,93875,93875.0,4,observed,22.971,79.429,4.0,0.285,Dat do bazan,5,high
2025-12-15,2025-12-21,Dak Lak,Ea H'leo,Robusta / ca phe nhan xo noi dia,94143,94142.85714285714,14,observed,21.229,86.143,8.3,0.364,Dat do bazan,5,medium
2025-12-15,2025-12-21,Dak Nong,Dak R'lap,Robusta / ca phe nhan xo noi dia,94100,,0,province_proxy,22.943,76.286,1.8,0.323,Dat do bazan,4,low
2025-12-15,2025-12-21,Dak Nong,Gia Nghia,Robusta / ca phe nhan xo noi dia,94100,94100.0,4,observed,22.3,78.857,0.8,0.265,Dat do bazan,4,low
2025-12-15,2025-12-21,Gia Lai,Chu Prong,Robusta / ca phe nhan xo noi dia,93650,93650.0,4,observed,23.814,69.714,3.9,0.235,Dat do bazan,4,low
2025-12-15,2025-12-21,Gia Lai,Ia Grai,Robusta / ca phe nhan xo noi dia,93225,93225.0,12,observed,24.714,68.143,7.5,0.24,Dat do bazan,4,low
2025-12-15,2025-12-21,Gia Lai,Pleiku,Robusta / ca phe nhan xo noi dia,93587,93586.66666666667,15,observed,21.629,74.286,1.6,0.226,Dat do bazan,4,low
2025-12-15,2025-12-21,Kon Tum,Kon Tum,Robusta / ca phe nhan xo noi dia,88133,88133.33333333333,3,observed,22.886,70.714,1.5,0.227,Dat do vang / dat bazan cuc bo,3,low
2025-12-15,2025-12-21,Lam Dong,Bao Loc,Robusta / ca phe nhan xo noi dia,93227,93227.27272727272,11,observed,20.657,86.143,7.8,0.399,Dat do vang tren bazan,4,low
2025-12-15,2025-12-21,Lam Dong,Di Linh,Robusta / ca phe nhan xo noi dia,93193,93193.33333333333,15,observed,20.771,79.714,7.0,0.392,Dat do vang tren bazan,4,medium
2025-12-15,2025-12-21,Lam Dong,Lam Ha,Robusta / ca phe nhan xo noi dia,93227,93227.27272727272,11,observed,20.814,80.571,5.0,0.397,Dat do vang tren bazan,4,low
2025-12-22,2025-12-28,Dak Lak,Buon Ho,Robusta / ca phe nhan xo noi dia,94460,94460.0,10,observed,20.514,86.857,1.2,0.316,Dat do bazan,5,medium
2025-12-22,2025-12-28,Dak Lak,Cu M'gar,Robusta / ca phe nhan xo noi dia,91500,91500.0,1,observed,22.871,77.0,3.4,0.269,Dat do bazan,5,high
2025-12-22,2025-12-28,Dak Lak,Ea H'leo,Robusta / ca phe nhan xo noi dia,94460,94460.0,10,observed,21.029,84.143,3.8,0.329,Dat do bazan,5,medium
2025-12-22,2025-12-28,Dak Nong,Dak R'lap,Robusta / ca phe nhan xo noi dia,92000,,0,province_proxy,22.671,74.714,3.1,0.307,Dat do bazan,4,low
2025-12-22,2025-12-28,Dak Nong,Gia Nghia,Robusta / ca phe nhan xo noi dia,92000,92000.0,1,observed,22.086,76.714,2.9,0.222,Dat do bazan,4,low
2025-12-22,2025-12-28,Gia Lai,Chu Prong,Robusta / ca phe nhan xo noi dia,91200,91200.0,1,observed,23.871,65.429,0.1,0.207,Dat do bazan,4,low
2025-12-22,2025-12-28,Gia Lai,Ia Grai,Robusta / ca phe nhan xo noi dia,94644,94644.44444444444,9,observed,24.714,64.571,0.0,0.211,Dat do bazan,4,low
2025-12-22,2025-12-28,Gia Lai,Pleiku,Robusta / ca phe nhan xo noi dia,94644,94644.44444444444,9,observed,21.214,72.714,0.0,0.202,Dat do bazan,4,low
2025-12-22,2025-12-28,Kon Tum,Kon Tum,Robusta / ca phe nhan xo noi dia,91533,91533.33333333333,6,observed,22.471,68.429,0.0,0.214,Dat do vang / dat bazan cuc bo,3,low
2025-12-22,2025-12-28,Lam Dong,Bao Loc,Robusta / ca phe nhan xo noi dia,95529,95528.57142857143,7,observed,20.343,86.0,20.5,0.405,Dat do vang tren bazan,4,low
2025-12-22,2025-12-28,Lam Dong,Di Linh,Robusta / ca phe nhan xo noi dia,70127,70127.27272727272,11,observed,20.486,82.857,13.4,0.406,Dat do vang tren bazan,4,medium
2025-12-22,2025-12-28,Lam Dong,Lam Ha,Robusta / ca phe nhan xo noi dia,95529,95528.57142857143,7,observed,20.743,83.0,22.9,0.423,Dat do vang tren bazan,4,low
2025-12-29,2025-12-31,Dak Lak,Buon Ho,Robusta / ca phe nhan xo noi dia,98000,98000.0,1,observed,18.733,83.667,0.1,0.287,Dat do bazan,5,medium
2025-12-29,2025-12-31,Dak Lak,Cu M'gar,Robusta / ca phe nhan xo noi dia,98000,98000.0,2,observed,21.3,72.667,0.0,0.248,Dat do bazan,5,high
2025-12-29,2025-12-31,Dak Lak,Ea H'leo,Robusta / ca phe nhan xo noi dia,97950,97950.0,2,observed,19.467,79.333,0.0,0.271,Dat do bazan,5,medium
2025-12-29,2025-12-31,Dak Nong,Dak R'lap,Robusta / ca phe nhan xo noi dia,98200,,0,province_proxy,21.0,70.333,0.0,0.282,Dat do bazan,4,low
2025-12-29,2025-12-31,Dak Nong,Gia Nghia,Robusta / ca phe nhan xo noi dia,98200,98200.0,2,observed,20.167,72.333,0.0,0.203,Dat do bazan,4,low
2025-12-29,2025-12-31,Gia Lai,Chu Prong,Robusta / ca phe nhan xo noi dia,98000,98000.0,2,observed,22.2,67.667,0.0,0.189,Dat do bazan,4,low
2025-12-29,2025-12-31,Gia Lai,Ia Grai,Robusta / ca phe nhan xo noi dia,97800,97800.0,1,observed,22.933,67.0,0.0,0.198,Dat do bazan,4,low
2025-12-29,2025-12-31,Gia Lai,Pleiku,Robusta / ca phe nhan xo noi dia,97300,97300.0,3,observed,19.567,75.333,0.0,0.185,Dat do bazan,4,low
2025-12-29,2025-12-31,Kon Tum,Kon Tum,Robusta / ca phe nhan xo noi dia,97050,97050.0,2,observed,20.933,69.0,0.0,0.204,Dat do vang / dat bazan cuc bo,3,low
2025-12-29,2025-12-31,Lam Dong,Bao Loc,Robusta / ca phe nhan xo noi dia,96000,96000.0,2,observed,18.6,79.0,0.0,0.344,Dat do vang tren bazan,4,low
2025-12-29,2025-12-31,Lam Dong,Di Linh,Robusta / ca phe nhan xo noi dia,96500,96500.0,4,observed,18.9,74.333,0.0,0.375,Dat do vang tren bazan,4,medium
2025-12-29,2025-12-31,Lam Dong,Lam Ha,Robusta / ca phe nhan xo noi dia,96000,96000.0,2,observed,18.2,76.333,0.0,0.412,Dat do vang tren bazan,4,low
